name,hash_name,wear,url,price_usd,quantity,scraped_at
AK-47 | Aphrodite (Battle-Scarred),AK-47 | Aphrodite (Battle-Scarred),Battle-Scarred,https://steamcommunity.com/market/listings/730/AK-47%20%7C%20Aphrodite%20%28Battle-Scarred%29,16.99,748,2026-07-09T11:23:05.358474
AK-47 | Aphrodite (Factory New),AK-47 | Aphrodite (Factory New),Factory New,https://steamcommunity.com/market/listings/730/AK-47%20%7C%20Aphrodite%20%28Factory%20New%29,596.32,52,2026-07-09T11:23:05.358534
AK-47 | Aphrodite (Field-Tested),AK-47 | Aphrodite (Field-Tested),Field-Tested,https://steamcommunity.com/market/listings/730/AK-47%20%7C%20Aphrodite%20%28Field-Tested%29,24.87,795,2026-07-09T11:23:05.358585
AK-47 | Aphrodite (Minimal Wear),AK-47 | Aphrodite (Minimal Wear),Minimal Wear,https://steamcommunity.com/market/listings/730/AK-47%20%7C%20Aphrodite%20%28Minimal%20Wear%29,52.22,660,2026-07-09T11:23:05.358634
AK-47 | Aphrodite (Well-Worn),AK-47 | Aphrodite (Well-Worn),Well-Worn,https://steamcommunity.com/market/listings/730/AK-47%20%7C%20Aphrodite%20%28Well-Worn%29,17.33,796,2026-07-09T11:23:05.358681
AK-47 | Aquamarine Revenge (Battle-Scarred),AK-47 | Aquamarine Revenge (Battle-Scarred),Battle-Scarred,https://steamcommunity.com/market/listings/730/AK-47%20%7C%20Aquamarine%20Revenge%20%28Battle-Scarred%29,44.89,42,2026-07-09T11:23:05.358729
AK-47 | Aquamarine Revenge (Factory New),AK-47 | Aquamarine Revenge (Factory New),Factory New,https://steamcommunity.com/market/listings/730/AK-47%20%7C%20Aquamarine%20Revenge%20%28Factory%20New%29,259.72,47,2026-07-09T11:23:05.358776
AK-47 | Aquamarine Revenge (Field-Tested),AK-47 | Aquamarine Revenge (Field-Tested),Field-Tested,https://steamcommunity.com/market/listings/730/AK-47%20%7C%20Aquamarine%20Revenge%20%28Field-Tested%29,51.71,157,2026-07-09T11:23:05.358823
AK-47 | Aquamarine Revenge (Minimal Wear),AK-47 | Aquamarine Revenge (Minimal Wear),Minimal Wear,https://steamcommunity.com/market/listings/730/AK-47%20%7C%20Aquamarine%20Revenge%20%28Minimal%20Wear%29,88.49,90,2026-07-09T11:23:05.358866
AK-47 | Aquamarine Revenge (Well-Worn),AK-47 | Aquamarine Revenge (Well-Worn),Well-Worn,https://steamcommunity.com/market/listings/730/AK-47%20%7C%20Aquamarine%20Revenge%20%28Well-Worn%29,43.17,58,2026-07-09T11:23:05.358910
AK-47 | Asiimov (Battle-Scarred),AK-47 | Asiimov (Battle-Scarred),Battle-Scarred,https://steamcommunity.com/market/listings/730/AK-47%20%7C%20Asiimov%20%28Battle-Scarred%29,55.0,48,2026-07-09T11:23:07.231187
AK-47 | Asiimov (Factory New),AK-47 | Asiimov (Factory New),Factory New,https://steamcommunity.com/market/listings/730/AK-47%20%7C%20Asiimov%20%28Factory%20New%29,562.76,15,2026-07-09T11:23:07.231246
AK-47 | Asiimov (Field-Tested),AK-47 | Asiimov (Field-Tested),Field-Tested,https://steamcommunity.com/market/listings/730/AK-47%20%7C%20Asiimov%20%28Field-Tested%29,56.19,325,2026-07-09T11:23:07.231291
AK-47 | Asiimov (Minimal Wear),AK-47 | Asiimov (Minimal Wear),Minimal Wear,https://steamcommunity.com/market/listings/730/AK-47%20%7C%20Asiimov%20%28Minimal%20Wear%29,79.76,187,2026-07-09T11:23:07.231347
AK-47 | Asiimov (Well-Worn),AK-47 | Asiimov (Well-Worn),Well-Worn,https://steamcommunity.com/market/listings/730/AK-47%20%7C%20Asiimov%20%28Well-Worn%29,60.0,45,2026-07-09T11:23:07.231506
AK-47 | B the Monster (Battle-Scarred),AK-47 | B the Monster (Battle-Scarred),Battle-Scarred,https://steamcommunity.com/market/listings/730/AK-47%20%7C%20B%20the%20Monster%20%28Battle-Scarred%29,100.69,55,2026-07-09T11:23:07.231657
AK-47 | B the Monster (Factory New),AK-47 | B the Monster (Factory New),Factory New,https://steamcommunity.com/market/listings/730/AK-47%20%7C%20B%20the%20Monster%20%28Factory%20New%29,850.69,12,2026-07-09T11:23:07.231706
AK-47 | B the Monster (Field-Tested),AK-47 | B the Monster (Field-Tested),Field-Tested,https://steamcommunity.com/market/listings/730/AK-47%20%7C%20B%20the%20Monster%20%28Field-Tested%29,176.14,131,2026-07-09T11:23:07.231816
AK-47 | B the Monster (Minimal Wear),AK-47 | B the Monster (Minimal Wear),Minimal Wear,https://steamcommunity.com/market/listings/730/AK-47%20%7C%20B%20the%20Monster%20%28Minimal%20Wear%29,344.17,70,2026-07-09T11:23:07.231863
AK-47 | B the Monster (Well-Worn),AK-47 | B the Monster (Well-Worn),Well-Worn,https://steamcommunity.com/market/listings/730/AK-47%20%7C%20B%20the%20Monster%20%28Well-Worn%29,157.97,16,2026-07-09T11:23:07.231905
AK-47 | Baroque Purple (Battle-Scarred),AK-47 | Baroque Purple (Battle-Scarred),Battle-Scarred,https://steamcommunity.com/market/listings/730/AK-47%20%7C%20Baroque%20Purple%20%28Battle-Scarred%29,7.79,62,2026-07-09T11:23:09.131458
AK-47 | Baroque Purple (Factory New),AK-47 | Baroque Purple (Factory New),Factory New,https://steamcommunity.com/market/listings/730/AK-47%20%7C%20Baroque%20Purple%20%28Factory%20New%29,123.09,38,2026-07-09T11:23:09.131510
AK-47 | Baroque Purple (Field-Tested),AK-47 | Baroque Purple (Field-Tested),Field-Tested,https://steamcommunity.com/market/listings/730/AK-47%20%7C%20Baroque%20Purple%20%28Field-Tested%29,7.32,115,2026-07-09T11:23:09.131558
AK-47 | Baroque Purple (Minimal Wear),AK-47 | Baroque Purple (Minimal Wear),Minimal Wear,https://steamcommunity.com/market/listings/730/AK-47%20%7C%20Baroque%20Purple%20%28Minimal%20Wear%29,14.26,112,2026-07-09T11:23:09.131603
AK-47 | Baroque Purple (Well-Worn),AK-47 | Baroque Purple (Well-Worn),Well-Worn,https://steamcommunity.com/market/listings/730/AK-47%20%7C%20Baroque%20Purple%20%28Well-Worn%29,7.83,79,2026-07-09T11:23:09.131644
AK-47 | Black Laminate (Battle-Scarred),AK-47 | Black Laminate (Battle-Scarred),Battle-Scarred,https://steamcommunity.com/market/listings/730/AK-47%20%7C%20Black%20Laminate%20%28Battle-Scarred%29,52.63,12,2026-07-09T11:23:09.131686
AK-47 | Black Laminate (Factory New),AK-47 | Black Laminate (Factory New),Factory New,https://steamcommunity.com/market/listings/730/AK-47%20%7C%20Black%20Laminate%20%28Factory%20New%29,709.98,5,2026-07-09T11:23:09.131733
AK-47 | Black Laminate (Field-Tested),AK-47 | Black Laminate (Field-Tested),Field-Tested,https://steamcommunity.com/market/listings/730/AK-47%20%7C%20Black%20Laminate%20%28Field-Tested%29,52.68,50,2026-07-09T11:23:09.131773
AK-47 | Black Laminate (Minimal Wear),AK-47 | Black Laminate (Minimal Wear),Minimal Wear,https://steamcommunity.com/market/listings/730/AK-47%20%7C%20Black%20Laminate%20%28Minimal%20Wear%29,99.16,63,2026-07-09T11:23:09.131813
AK-47 | Black Laminate (Well-Worn),AK-47 | Black Laminate (Well-Worn),Well-Worn,https://steamcommunity.com/market/listings/730/AK-47%20%7C%20Black%20Laminate%20%28Well-Worn%29,54.7,6,2026-07-09T11:23:09.131855
AK-47 | Bloodsport (Factory New),AK-47 | Bloodsport (Factory New),Factory New,https://steamcommunity.com/market/listings/730/AK-47%20%7C%20Bloodsport%20%28Factory%20New%29,246.75,94,2026-07-09T11:23:11.030100
AK-47 | Bloodsport (Field-Tested),AK-47 | Bloodsport (Field-Tested),Field-Tested,https://steamcommunity.com/market/listings/730/AK-47%20%7C%20Bloodsport%20%28Field-Tested%29,190.83,79,2026-07-09T11:23:11.030145
AK-47 | Bloodsport (Minimal Wear),AK-47 | Bloodsport (Minimal Wear),Minimal Wear,https://steamcommunity.com/market/listings/730/AK-47%20%7C%20Bloodsport%20%28Minimal%20Wear%29,213.11,63,2026-07-09T11:23:11.030182
AK-47 | Bloodsport (Well-Worn),AK-47 | Bloodsport (Well-Worn),Well-Worn,https://steamcommunity.com/market/listings/730/AK-47%20%7C%20Bloodsport%20%28Well-Worn%29,189.77,16,2026-07-09T11:23:11.030218
AK-47 | Blue Laminate (Factory New),AK-47 | Blue Laminate (Factory New),Factory New,https://steamcommunity.com/market/listings/730/AK-47%20%7C%20Blue%20Laminate%20%28Factory%20New%29,76.09,492,2026-07-09T11:23:11.030254
AK-47 | Blue Laminate (Field-Tested),AK-47 | Blue Laminate (Field-Tested),Field-Tested,https://steamcommunity.com/market/listings/730/AK-47%20%7C%20Blue%20Laminate%20%28Field-Tested%29,19.57,445,2026-07-09T11:23:11.030291
AK-47 | Blue Laminate (Minimal Wear),AK-47 | Blue Laminate (Minimal Wear),Minimal Wear,https://steamcommunity.com/market/listings/730/AK-47%20%7C%20Blue%20Laminate%20%28Minimal%20Wear%29,21.85,593,2026-07-09T11:23:11.030327
AK-47 | Blue Laminate (Well-Worn),AK-47 | Blue Laminate (Well-Worn),Well-Worn,https://steamcommunity.com/market/listings/730/AK-47%20%7C%20Blue%20Laminate%20%28Well-Worn%29,27.77,28,2026-07-09T11:23:11.030362
AK-47 | Breakthrough (Battle-Scarred),AK-47 | Breakthrough (Battle-Scarred),Battle-Scarred,https://steamcommunity.com/market/listings/730/AK-47%20%7C%20Breakthrough%20%28Battle-Scarred%29,2.9,146,2026-07-09T11:23:11.030398
AK-47 | Breakthrough (Factory New),AK-47 | Breakthrough (Factory New),Factory New,https://steamcommunity.com/market/listings/730/AK-47%20%7C%20Breakthrough%20%28Factory%20New%29,19.32,206,2026-07-09T11:23:11.030433
AK-47 | Breakthrough (Field-Tested),AK-47 | Breakthrough (Field-Tested),Field-Tested,https://steamcommunity.com/market/listings/730/AK-47%20%7C%20Breakthrough%20%28Field-Tested%29,3.37,580,2026-07-09T11:23:13.237675
AK-47 | Breakthrough (Minimal Wear),AK-47 | Breakthrough (Minimal Wear),Minimal Wear,https://steamcommunity.com/market/listings/730/AK-47%20%7C%20Breakthrough%20%28Minimal%20Wear%29,7.86,319,2026-07-09T11:23:13.237783
AK-47 | Breakthrough (Well-Worn),AK-47 | Breakthrough (Well-Worn),Well-Worn,https://steamcommunity.com/market/listings/730/AK-47%20%7C%20Breakthrough%20%28Well-Worn%29,3.53,127,2026-07-09T11:23:13.237874
AK-47 | Cartel (Battle-Scarred),AK-47 | Cartel (Battle-Scarred),Battle-Scarred,https://steamcommunity.com/market/listings/730/AK-47%20%7C%20Cartel%20%28Battle-Scarred%29,21.85,55,2026-07-09T11:23:13.237962
AK-47 | Cartel (Factory New),AK-47 | Cartel (Factory New),Factory New,https://steamcommunity.com/market/listings/730/AK-47%20%7C%20Cartel%20%28Factory%20New%29,87.92,105,2026-07-09T11:23:13.238062
AK-47 | Cartel (Field-Tested),AK-47 | Cartel (Field-Tested),Field-Tested,https://steamcommunity.com/market/listings/730/AK-47%20%7C%20Cartel%20%28Field-Tested%29,20.86,363,2026-07-09T11:23:13.238151
AK-47 | Cartel (Minimal Wear),AK-47 | Cartel (Minimal Wear),Minimal Wear,https://steamcommunity.com/market/listings/730/AK-47%20%7C%20Cartel%20%28Minimal%20Wear%29,29.03,224,2026-07-09T11:23:13.238239
AK-47 | Cartel (Well-Worn),AK-47 | Cartel (Well-Worn),Well-Worn,https://steamcommunity.com/market/listings/730/AK-47%20%7C%20Cartel%20%28Well-Worn%29,27.0,12,2026-07-09T11:23:13.238327
AK-47 | Case Hardened (Battle-Scarred),AK-47 | Case Hardened (Battle-Scarred),Battle-Scarred,https://steamcommunity.com/market/listings/730/AK-47%20%7C%20Case%20Hardened%20%28Battle-Scarred%29,253.0,38,2026-07-09T11:23:13.238413
AK-47 | Case Hardened (Factory New),AK-47 | Case Hardened (Factory New),Factory New,https://steamcommunity.com/market/listings/730/AK-47%20%7C%20Case%20Hardened%20%28Factory%20New%29,800.92,27,2026-07-09T11:23:13.238500
AK-47 | Case Hardened (Field-Tested),AK-47 | Case Hardened (Field-Tested),Field-Tested,https://steamcommunity.com/market/listings/730/AK-47%20%7C%20Case%20Hardened%20%28Field-Tested%29,329.37,90,2026-07-09T11:23:15.177598
AK-47 | Case Hardened (Minimal Wear),AK-47 | Case Hardened (Minimal Wear),Minimal Wear,https://steamcommunity.com/market/listings/730/AK-47%20%7C%20Case%20Hardened%20%28Minimal%20Wear%29,373.61,82,2026-07-09T11:23:15.177685
AK-47 | Case Hardened (Well-Worn),AK-47 | Case Hardened (Well-Worn),Well-Worn,https://steamcommunity.com/market/listings/730/AK-47%20%7C%20Case%20Hardened%20%28Well-Worn%29,285.0,45,2026-07-09T11:23:15.177762
AK-47 | Crane Flight (Battle-Scarred),AK-47 | Crane Flight (Battle-Scarred),Battle-Scarred,https://steamcommunity.com/market/listings/730/AK-47%20%7C%20Crane%20Flight%20%28Battle-Scarred%29,12.15,346,2026-07-09T11:23:15.177837
AK-47 | Crane Flight (Factory New),AK-47 | Crane Flight (Factory New),Factory New,https://steamcommunity.com/market/listings/730/AK-47%20%7C%20Crane%20Flight%20%28Factory%20New%29,94.36,131,2026-07-09T11:23:15.177912
AK-47 | Crane Flight (Field-Tested),AK-47 | Crane Flight (Field-Tested),Field-Tested,https://steamcommunity.com/market/listings/730/AK-47%20%7C%20Crane%20Flight%20%28Field-Tested%29,18.0,724,2026-07-09T11:23:15.177985
AK-47 | Crane Flight (Minimal Wear),AK-47 | Crane Flight (Minimal Wear),Minimal Wear,https://steamcommunity.com/market/listings/730/AK-47%20%7C%20Crane%20Flight%20%28Minimal%20Wear%29,33.75,586,2026-07-09T11:23:15.178059
AK-47 | Crane Flight (Well-Worn),AK-47 | Crane Flight (Well-Worn),Well-Worn,https://steamcommunity.com/market/listings/730/AK-47%20%7C%20Crane%20Flight%20%28Well-Worn%29,15.69,486,2026-07-09T11:23:15.178136
AK-47 | Crossfade (Battle-Scarred),AK-47 | Crossfade (Battle-Scarred),Battle-Scarred,https://steamcommunity.com/market/listings/730/AK-47%20%7C%20Crossfade%20%28Battle-Scarred%29,2.69,156,2026-07-09T11:23:15.178210
AK-47 | Crossfade (Factory New),AK-47 | Crossfade (Factory New),Factory New,https://steamcommunity.com/market/listings/730/AK-47%20%7C%20Crossfade%20%28Factory%20New%29,9.13,450,2026-07-09T11:23:15.178283
AK-47 | Crossfade (Field-Tested),AK-47 | Crossfade (Field-Tested),Field-Tested,https://steamcommunity.com/market/listings/730/AK-47%20%7C%20Crossfade%20%28Field-Tested%29,2.69,531,2026-07-09T11:23:17.122054
AK-47 | Crossfade (Minimal Wear),AK-47 | Crossfade (Minimal Wear),Minimal Wear,https://steamcommunity.com/market/listings/730/AK-47%20%7C%20Crossfade%20%28Minimal%20Wear%29,4.1,392,2026-07-09T11:23:17.122143
AK-47 | Crossfade (Well-Worn),AK-47 | Crossfade (Well-Worn),Well-Worn,https://steamcommunity.com/market/listings/730/AK-47%20%7C%20Crossfade%20%28Well-Worn%29,2.77,229,2026-07-09T11:23:17.122220
AK-47 | Elite Build (Battle-Scarred),AK-47 | Elite Build (Battle-Scarred),Battle-Scarred,https://steamcommunity.com/market/listings/730/AK-47%20%7C%20Elite%20Build%20%28Battle-Scarred%29,2.0,1720,2026-07-09T11:23:17.122296
AK-47 | Elite Build (Factory New),AK-47 | Elite Build (Factory New),Factory New,https://steamcommunity.com/market/listings/730/AK-47%20%7C%20Elite%20Build%20%28Factory%20New%29,15.54,370,2026-07-09T11:23:17.122371
AK-47 | Elite Build (Field-Tested),AK-47 | Elite Build (Field-Tested),Field-Tested,https://steamcommunity.com/market/listings/730/AK-47%20%7C%20Elite%20Build%20%28Field-Tested%29,2.56,2225,2026-07-09T11:23:17.122446
AK-47 | Elite Build (Minimal Wear),AK-47 | Elite Build (Minimal Wear),Minimal Wear,https://steamcommunity.com/market/listings/730/AK-47%20%7C%20Elite%20Build%20%28Minimal%20Wear%29,3.99,1218,2026-07-09T11:23:17.122520
AK-47 | Elite Build (Well-Worn),AK-47 | Elite Build (Well-Worn),Well-Worn,https://steamcommunity.com/market/listings/730/AK-47%20%7C%20Elite%20Build%20%28Well-Worn%29,2.19,3108,2026-07-09T11:23:17.122594
AK-47 | Emerald Pinstripe (Battle-Scarred),AK-47 | Emerald Pinstripe (Battle-Scarred),Battle-Scarred,https://steamcommunity.com/market/listings/730/AK-47%20%7C%20Emerald%20Pinstripe%20%28Battle-Scarred%29,3.1,414,2026-07-09T11:23:17.122668
AK-47 | Emerald Pinstripe (Factory New),AK-47 | Emerald Pinstripe (Factory New),Factory New,https://steamcommunity.com/market/listings/730/AK-47%20%7C%20Emerald%20Pinstripe%20%28Factory%20New%29,37.81,107,2026-07-09T11:23:17.122742
AK-47 | Emerald Pinstripe (Field-Tested),AK-47 | Emerald Pinstripe (Field-Tested),Field-Tested,https://steamcommunity.com/market/listings/730/AK-47%20%7C%20Emerald%20Pinstripe%20%28Field-Tested%29,3.17,786,2026-07-09T11:23:18.979113
AK-47 | Emerald Pinstripe (Minimal Wear),AK-47 | Emerald Pinstripe (Minimal Wear),Minimal Wear,https://steamcommunity.com/market/listings/730/AK-47%20%7C%20Emerald%20Pinstripe%20%28Minimal%20Wear%29,5.56,570,2026-07-09T11:23:18.979212
AK-47 | Emerald Pinstripe (Well-Worn),AK-47 | Emerald Pinstripe (Well-Worn),Well-Worn,https://steamcommunity.com/market/listings/730/AK-47%20%7C%20Emerald%20Pinstripe%20%28Well-Worn%29,3.17,489,2026-07-09T11:23:18.979303
AK-47 | Fire Serpent (Battle-Scarred),AK-47 | Fire Serpent (Battle-Scarred),Battle-Scarred,https://steamcommunity.com/market/listings/730/AK-47%20%7C%20Fire%20Serpent%20%28Battle-Scarred%29,830.99,2,2026-07-09T11:23:18.979392
AK-47 | Fire Serpent (Field-Tested),AK-47 | Fire Serpent (Field-Tested),Field-Tested,https://steamcommunity.com/market/listings/730/AK-47%20%7C%20Fire%20Serpent%20%28Field-Tested%29,1134.85,10,2026-07-09T11:23:18.979479
AK-47 | Fire Serpent (Well-Worn),AK-47 | Fire Serpent (Well-Worn),Well-Worn,https://steamcommunity.com/market/listings/730/AK-47%20%7C%20Fire%20Serpent%20%28Well-Worn%29,1649.04,1,2026-07-09T11:23:18.979567
AK-47 | First Class (Battle-Scarred),AK-47 | First Class (Battle-Scarred),Battle-Scarred,https://steamcommunity.com/market/listings/730/AK-47%20%7C%20First%20Class%20%28Battle-Scarred%29,117.79,5,2026-07-09T11:23:18.979654
AK-47 | First Class (Factory New),AK-47 | First Class (Factory New),Factory New,https://steamcommunity.com/market/listings/730/AK-47%20%7C%20First%20Class%20%28Factory%20New%29,296.31,8,2026-07-09T11:23:18.979740
AK-47 | First Class (Field-Tested),AK-47 | First Class (Field-Tested),Field-Tested,https://steamcommunity.com/market/listings/730/AK-47%20%7C%20First%20Class%20%28Field-Tested%29,140.0,19,2026-07-09T11:23:18.979827
AK-47 | First Class (Minimal Wear),AK-47 | First Class (Minimal Wear),Minimal Wear,https://steamcommunity.com/market/listings/730/AK-47%20%7C%20First%20Class%20%28Minimal%20Wear%29,175.27,6,2026-07-09T11:23:18.979913
AK-47 | First Class (Well-Worn),AK-47 | First Class (Well-Worn),Well-Worn,https://steamcommunity.com/market/listings/730/AK-47%20%7C%20First%20Class%20%28Well-Worn%29,113.21,5,2026-07-09T11:23:20.920010
AK-47 | Frontside Misty (Battle-Scarred),AK-47 | Frontside Misty (Battle-Scarred),Battle-Scarred,https://steamcommunity.com/market/listings/730/AK-47%20%7C%20Frontside%20Misty%20%28Battle-Scarred%29,20.54,104,2026-07-09T11:23:20.920159
AK-47 | Frontside Misty (Factory New),AK-47 | Frontside Misty (Factory New),Factory New,https://steamcommunity.com/market/listings/730/AK-47%20%7C%20Frontside%20Misty%20%28Factory%20New%29,167.34,47,2026-07-09T11:23:20.920251
AK-47 | Frontside Misty (Field-Tested),AK-47 | Frontside Misty (Field-Tested),Field-Tested,https://steamcommunity.com/market/listings/730/AK-47%20%7C%20Frontside%20Misty%20%28Field-Tested%29,20.26,467,2026-07-09T11:23:20.920343
AK-47 | Frontside Misty (Minimal Wear),AK-47 | Frontside Misty (Minimal Wear),Minimal Wear,https://steamcommunity.com/market/listings/730/AK-47%20%7C%20Frontside%20Misty%20%28Minimal%20Wear%29,42.86,207,2026-07-09T11:23:20.920430
AK-47 | Frontside Misty (Well-Worn),AK-47 | Frontside Misty (Well-Worn),Well-Worn,https://steamcommunity.com/market/listings/730/AK-47%20%7C%20Frontside%20Misty%20%28Well-Worn%29,21.27,110,2026-07-09T11:23:20.920518
AK-47 | Fuel Injector (Battle-Scarred),AK-47 | Fuel Injector (Battle-Scarred),Battle-Scarred,https://steamcommunity.com/market/listings/730/AK-47%20%7C%20Fuel%20Injector%20%28Battle-Scarred%29,158.42,19,2026-07-09T11:23:20.920603
AK-47 | Fuel Injector (Factory New),AK-47 | Fuel Injector (Factory New),Factory New,https://steamcommunity.com/market/listings/730/AK-47%20%7C%20Fuel%20Injector%20%28Factory%20New%29,718.1,16,2026-07-09T11:23:20.920690
AK-47 | Fuel Injector (Field-Tested),AK-47 | Fuel Injector (Field-Tested),Field-Tested,https://steamcommunity.com/market/listings/730/AK-47%20%7C%20Fuel%20Injector%20%28Field-Tested%29,226.75,50,2026-07-09T11:23:20.920788
AK-47 | Fuel Injector (Minimal Wear),AK-47 | Fuel Injector (Minimal Wear),Minimal Wear,https://steamcommunity.com/market/listings/730/AK-47%20%7C%20Fuel%20Injector%20%28Minimal%20Wear%29,299.99,42,2026-07-09T11:23:20.920876
AK-47 | Fuel Injector (Well-Worn),AK-47 | Fuel Injector (Well-Worn),Well-Worn,https://steamcommunity.com/market/listings/730/AK-47%20%7C%20Fuel%20Injector%20%28Well-Worn%29,170.63,31,2026-07-09T11:23:22.801093
AK-47 | Green Laminate (Factory New),AK-47 | Green Laminate (Factory New),Factory New,https://steamcommunity.com/market/listings/730/AK-47%20%7C%20Green%20Laminate%20%28Factory%20New%29,91.24,46,2026-07-09T11:23:22.801200
AK-47 | Green Laminate (Field-Tested),AK-47 | Green Laminate (Field-Tested),Field-Tested,https://steamcommunity.com/market/listings/730/AK-47%20%7C%20Green%20Laminate%20%28Field-Tested%29,33.48,38,2026-07-09T11:23:22.801290
AK-47 | Green Laminate (Minimal Wear),AK-47 | Green Laminate (Minimal Wear),Minimal Wear,https://steamcommunity.com/market/listings/730/AK-47%20%7C%20Green%20Laminate%20%28Minimal%20Wear%29,31.91,46,2026-07-09T11:23:22.801377
AK-47 | Green Laminate (Well-Worn),AK-47 | Green Laminate (Well-Worn),Well-Worn,https://steamcommunity.com/market/listings/730/AK-47%20%7C%20Green%20Laminate%20%28Well-Worn%29,63.84,8,2026-07-09T11:23:22.801463
AK-47 | Head Shot (Battle-Scarred),AK-47 | Head Shot (Battle-Scarred),Battle-Scarred,https://steamcommunity.com/market/listings/730/AK-47%20%7C%20Head%20Shot%20%28Battle-Scarred%29,35.37,115,2026-07-09T11:23:22.801553
AK-47 | Head Shot (Factory New),AK-47 | Head Shot (Factory New),Factory New,https://steamcommunity.com/market/listings/730/AK-47%20%7C%20Head%20Shot%20%28Factory%20New%29,156.76,43,2026-07-09T11:23:22.801640
AK-47 | Head Shot (Field-Tested),AK-47 | Head Shot (Field-Tested),Field-Tested,https://steamcommunity.com/market/listings/730/AK-47%20%7C%20Head%20Shot%20%28Field-Tested%29,46.7,276,2026-07-09T11:23:22.801725
AK-47 | Head Shot (Minimal Wear),AK-47 | Head Shot (Minimal Wear),Minimal Wear,https://steamcommunity.com/market/listings/730/AK-47%20%7C%20Head%20Shot%20%28Minimal%20Wear%29,75.0,180,2026-07-09T11:23:22.801812
AK-47 | Head Shot (Well-Worn),AK-47 | Head Shot (Well-Worn),Well-Worn,https://steamcommunity.com/market/listings/730/AK-47%20%7C%20Head%20Shot%20%28Well-Worn%29,40.68,176,2026-07-09T11:23:22.801898
AK-47 | Hydroponic (Battle-Scarred),AK-47 | Hydroponic (Battle-Scarred),Battle-Scarred,https://steamcommunity.com/market/listings/730/AK-47%20%7C%20Hydroponic%20%28Battle-Scarred%29,1310.6,1,2026-07-09T11:23:24.674442
AK-47 | Ice Coaled (Battle-Scarred),AK-47 | Ice Coaled (Battle-Scarred),Battle-Scarred,https://steamcommunity.com/market/listings/730/AK-47%20%7C%20Ice%20Coaled%20%28Battle-Scarred%29,5.17,436,2026-07-09T11:23:24.674573
AK-47 | Ice Coaled (Factory New),AK-47 | Ice Coaled (Factory New),Factory New,https://steamcommunity.com/market/listings/730/AK-47%20%7C%20Ice%20Coaled%20%28Factory%20New%29,22.89,564,2026-07-09T11:23:24.674680
AK-47 | Ice Coaled (Field-Tested),AK-47 | Ice Coaled (Field-Tested),Field-Tested,https://steamcommunity.com/market/listings/730/AK-47%20%7C%20Ice%20Coaled%20%28Field-Tested%29,5.56,2226,2026-07-09T11:23:24.674784
AK-47 | Ice Coaled (Minimal Wear),AK-47 | Ice Coaled (Minimal Wear),Minimal Wear,https://steamcommunity.com/market/listings/730/AK-47%20%7C%20Ice%20Coaled%20%28Minimal%20Wear%29,10.86,957,2026-07-09T11:23:24.674888
AK-47 | Ice Coaled (Well-Worn),AK-47 | Ice Coaled (Well-Worn),Well-Worn,https://steamcommunity.com/market/listings/730/AK-47%20%7C%20Ice%20Coaled%20%28Well-Worn%29,6.0,252,2026-07-09T11:23:24.674994
AK-47 | Inheritance (Battle-Scarred),AK-47 | Inheritance (Battle-Scarred),Battle-Scarred,https://steamcommunity.com/market/listings/730/AK-47%20%7C%20Inheritance%20%28Battle-Scarred%29,48.04,182,2026-07-09T11:23:24.675096
AK-47 | Inheritance (Factory New),AK-47 | Inheritance (Factory New),Factory New,https://steamcommunity.com/market/listings/730/AK-47%20%7C%20Inheritance%20%28Factory%20New%29,176.14,136,2026-07-09T11:23:24.675185
AK-47 | Inheritance (Field-Tested),AK-47 | Inheritance (Field-Tested),Field-Tested,https://steamcommunity.com/market/listings/730/AK-47%20%7C%20Inheritance%20%28Field-Tested%29,56.07,751,2026-07-09T11:23:24.675277
AK-47 | Inheritance (Minimal Wear),AK-47 | Inheritance (Minimal Wear),Minimal Wear,https://steamcommunity.com/market/listings/730/AK-47%20%7C%20Inheritance%20%28Minimal%20Wear%29,90.04,323,2026-07-09T11:23:24.675363
AK-47 | Inheritance (Well-Worn),AK-47 | Inheritance (Well-Worn),Well-Worn,https://steamcommunity.com/market/listings/730/AK-47%20%7C%20Inheritance%20%28Well-Worn%29,59.07,51,2026-07-09T11:23:26.544409
AK-47 | Jaguar (Battle-Scarred),AK-47 | Jaguar (Battle-Scarred),Battle-Scarred,https://steamcommunity.com/market/listings/730/AK-47%20%7C%20Jaguar%20%28Battle-Scarred%29,100.0,12,2026-07-09T11:23:26.544487
AK-47 | Jaguar (Factory New),AK-47 | Jaguar (Factory New),Factory New,https://steamcommunity.com/market/listings/730/AK-47%20%7C%20Jaguar%20%28Factory%20New%29,1048.48,4,2026-07-09T11:23:26.544556
AK-47 | Jaguar (Field-Tested),AK-47 | Jaguar (Field-Tested),Field-Tested,https://steamcommunity.com/market/listings/730/AK-47%20%7C%20Jaguar%20%28Field-Tested%29,117.13,36,2026-07-09T11:23:26.544622
AK-47 | Jaguar (Minimal Wear),AK-47 | Jaguar (Minimal Wear),Minimal Wear,https://steamcommunity.com/market/listings/730/AK-47%20%7C%20Jaguar%20%28Minimal%20Wear%29,220.0,35,2026-07-09T11:23:26.544688
AK-47 | Jaguar (Well-Worn),AK-47 | Jaguar (Well-Worn),Well-Worn,https://steamcommunity.com/market/listings/730/AK-47%20%7C%20Jaguar%20%28Well-Worn%29,104.84,17,2026-07-09T11:23:26.544754
AK-47 | Jet Set (Battle-Scarred),AK-47 | Jet Set (Battle-Scarred),Battle-Scarred,https://steamcommunity.com/market/listings/730/AK-47%20%7C%20Jet%20Set%20%28Battle-Scarred%29,534.03,3,2026-07-09T11:23:26.544818
AK-47 | Jet Set (Factory New),AK-47 | Jet Set (Factory New),Factory New,https://steamcommunity.com/market/listings/730/AK-47%20%7C%20Jet%20Set%20%28Factory%20New%29,1916.07,1,2026-07-09T11:23:26.544884
AK-47 | Jet Set (Field-Tested),AK-47 | Jet Set (Field-Tested),Field-Tested,https://steamcommunity.com/market/listings/730/AK-47%20%7C%20Jet%20Set%20%28Field-Tested%29,588.94,5,2026-07-09T11:23:26.544950
AK-47 | Jet Set (Minimal Wear),AK-47 | Jet Set (Minimal Wear),Minimal Wear,https://steamcommunity.com/market/listings/730/AK-47%20%7C%20Jet%20Set%20%28Minimal%20Wear%29,672.49,5,2026-07-09T11:23:26.545014
AK-47 | Jet Set (Well-Worn),AK-47 | Jet Set (Well-Worn),Well-Worn,https://steamcommunity.com/market/listings/730/AK-47%20%7C%20Jet%20Set%20%28Well-Worn%29,414.0,4,2026-07-09T11:23:28.490233
AK-47 | Jungle Spray (Battle-Scarred),AK-47 | Jungle Spray (Battle-Scarred),Battle-Scarred,https://steamcommunity.com/market/listings/730/AK-47%20%7C%20Jungle%20Spray%20%28Battle-Scarred%29,14.52,16,2026-07-09T11:23:28.490338
AK-47 | Jungle Spray (Factory New),AK-47 | Jungle Spray (Factory New),Factory New,https://steamcommunity.com/market/listings/730/AK-47%20%7C%20Jungle%20Spray%20%28Factory%20New%29,242.24,5,2026-07-09T11:23:28.490428
AK-47 | Jungle Spray (Field-Tested),AK-47 | Jungle Spray (Field-Tested),Field-Tested,https://steamcommunity.com/market/listings/730/AK-47%20%7C%20Jungle%20Spray%20%28Field-Tested%29,18.71,121,2026-07-09T11:23:28.490517
AK-47 | Jungle Spray (Minimal Wear),AK-47 | Jungle Spray (Minimal Wear),Minimal Wear,https://steamcommunity.com/market/listings/730/AK-47%20%7C%20Jungle%20Spray%20%28Minimal%20Wear%29,70.0,44,2026-07-09T11:23:28.490605
AK-47 | Jungle Spray (Well-Worn),AK-47 | Jungle Spray (Well-Worn),Well-Worn,https://steamcommunity.com/market/listings/730/AK-47%20%7C%20Jungle%20Spray%20%28Well-Worn%29,18.01,16,2026-07-09T11:23:28.490692
AK-47 | Leet Museo (Battle-Scarred),AK-47 | Leet Museo (Battle-Scarred),Battle-Scarred,https://steamcommunity.com/market/listings/730/AK-47%20%7C%20Leet%20Museo%20%28Battle-Scarred%29,111.24,26,2026-07-09T11:23:28.490778
AK-47 | Leet Museo (Factory New),AK-47 | Leet Museo (Factory New),Factory New,https://steamcommunity.com/market/listings/730/AK-47%20%7C%20Leet%20Museo%20%28Factory%20New%29,920.0,17,2026-07-09T11:23:28.490871
AK-47 | Leet Museo (Field-Tested),AK-47 | Leet Museo (Field-Tested),Field-Tested,https://steamcommunity.com/market/listings/730/AK-47%20%7C%20Leet%20Museo%20%28Field-Tested%29,324.25,47,2026-07-09T11:23:28.490959
AK-47 | Leet Museo (Minimal Wear),AK-47 | Leet Museo (Minimal Wear),Minimal Wear,https://steamcommunity.com/market/listings/730/AK-47%20%7C%20Leet%20Museo%20%28Minimal%20Wear%29,484.0,32,2026-07-09T11:23:28.491046
AK-47 | Leet Museo (Well-Worn),AK-47 | Leet Museo (Well-Worn),Well-Worn,https://steamcommunity.com/market/listings/730/AK-47%20%7C%20Leet%20Museo%20%28Well-Worn%29,146.79,15,2026-07-09T11:23:30.439044
AK-47 | Legion of Anubis (Battle-Scarred),AK-47 | Legion of Anubis (Battle-Scarred),Battle-Scarred,https://steamcommunity.com/market/listings/730/AK-47%20%7C%20Legion%20of%20Anubis%20%28Battle-Scarred%29,47.56,95,2026-07-09T11:23:30.439174
AK-47 | Legion of Anubis (Factory New),AK-47 | Legion of Anubis (Factory New),Factory New,https://steamcommunity.com/market/listings/730/AK-47%20%7C%20Legion%20of%20Anubis%20%28Factory%20New%29,75.59,259,2026-07-09T11:23:30.439267
AK-47 | Legion of Anubis (Field-Tested),AK-47 | Legion of Anubis (Field-Tested),Field-Tested,https://steamcommunity.com/market/listings/730/AK-47%20%7C%20Legion%20of%20Anubis%20%28Field-Tested%29,47.3,451,2026-07-09T11:23:30.439355
AK-47 | Legion of Anubis (Minimal Wear),AK-47 | Legion of Anubis (Minimal Wear),Minimal Wear,https://steamcommunity.com/market/listings/730/AK-47%20%7C%20Legion%20of%20Anubis%20%28Minimal%20Wear%29,54.31,275,2026-07-09T11:23:30.439441
AK-47 | Legion of Anubis (Well-Worn),AK-47 | Legion of Anubis (Well-Worn),Well-Worn,https://steamcommunity.com/market/listings/730/AK-47%20%7C%20Legion%20of%20Anubis%20%28Well-Worn%29,47.7,39,2026-07-09T11:23:30.439528
AK-47 | Midnight Laminate (Battle-Scarred),AK-47 | Midnight Laminate (Battle-Scarred),Battle-Scarred,https://steamcommunity.com/market/listings/730/AK-47%20%7C%20Midnight%20Laminate%20%28Battle-Scarred%29,3.01,317,2026-07-09T11:23:30.439614
AK-47 | Midnight Laminate (Factory New),AK-47 | Midnight Laminate (Factory New),Factory New,https://steamcommunity.com/market/listings/730/AK-47%20%7C%20Midnight%20Laminate%20%28Factory%20New%29,27.0,443,2026-07-09T11:23:30.439703
AK-47 | Midnight Laminate (Field-Tested),AK-47 | Midnight Laminate (Field-Tested),Field-Tested,https://steamcommunity.com/market/listings/730/AK-47%20%7C%20Midnight%20Laminate%20%28Field-Tested%29,4.15,1079,2026-07-09T11:23:30.439791
AK-47 | Midnight Laminate (Minimal Wear),AK-47 | Midnight Laminate (Minimal Wear),Minimal Wear,https://steamcommunity.com/market/listings/730/AK-47%20%7C%20Midnight%20Laminate%20%28Minimal%20Wear%29,11.65,795,2026-07-09T11:23:30.439878
AK-47 | Midnight Laminate (Well-Worn),AK-47 | Midnight Laminate (Well-Worn),Well-Worn,https://steamcommunity.com/market/listings/730/AK-47%20%7C%20Midnight%20Laminate%20%28Well-Worn%29,4.31,252,2026-07-09T11:23:32.382413
AK-47 | Neon Revolution (Battle-Scarred),AK-47 | Neon Revolution (Battle-Scarred),Battle-Scarred,https://steamcommunity.com/market/listings/730/AK-47%20%7C%20Neon%20Revolution%20%28Battle-Scarred%29,154.99,23,2026-07-09T11:23:32.382499
AK-47 | Neon Revolution (Factory New),AK-47 | Neon Revolution (Factory New),Factory New,https://steamcommunity.com/market/listings/730/AK-47%20%7C%20Neon%20Revolution%20%28Factory%20New%29,418.2,20,2026-07-09T11:23:32.382570
AK-47 | Neon Revolution (Field-Tested),AK-47 | Neon Revolution (Field-Tested),Field-Tested,https://steamcommunity.com/market/listings/730/AK-47%20%7C%20Neon%20Revolution%20%28Field-Tested%29,152.99,107,2026-07-09T11:23:32.382638
AK-47 | Neon Revolution (Minimal Wear),AK-47 | Neon Revolution (Minimal Wear),Minimal Wear,https://steamcommunity.com/market/listings/730/AK-47%20%7C%20Neon%20Revolution%20%28Minimal%20Wear%29,165.6,60,2026-07-09T11:23:32.382704
AK-47 | Neon Revolution (Well-Worn),AK-47 | Neon Revolution (Well-Worn),Well-Worn,https://steamcommunity.com/market/listings/730/AK-47%20%7C%20Neon%20Revolution%20%28Well-Worn%29,157.16,16,2026-07-09T11:23:32.382773
AK-47 | Neon Rider (Battle-Scarred),AK-47 | Neon Rider (Battle-Scarred),Battle-Scarred,https://steamcommunity.com/market/listings/730/AK-47%20%7C%20Neon%20Rider%20%28Battle-Scarred%29,61.73,29,2026-07-09T11:23:32.382844
AK-47 | Neon Rider (Factory New),AK-47 | Neon Rider (Factory New),Factory New,https://steamcommunity.com/market/listings/730/AK-47%20%7C%20Neon%20Rider%20%28Factory%20New%29,291.75,36,2026-07-09T11:23:32.382913
AK-47 | Neon Rider (Field-Tested),AK-47 | Neon Rider (Field-Tested),Field-Tested,https://steamcommunity.com/market/listings/730/AK-47%20%7C%20Neon%20Rider%20%28Field-Tested%29,62.0,182,2026-07-09T11:23:32.382979
AK-47 | Neon Rider (Minimal Wear),AK-47 | Neon Rider (Minimal Wear),Minimal Wear,https://steamcommunity.com/market/listings/730/AK-47%20%7C%20Neon%20Rider%20%28Minimal%20Wear%29,100.82,95,2026-07-09T11:23:32.383053
AK-47 | Neon Rider (Well-Worn),AK-47 | Neon Rider (Well-Worn),Well-Worn,https://steamcommunity.com/market/listings/730/AK-47%20%7C%20Neon%20Rider%20%28Well-Worn%29,71.99,20,2026-07-09T11:23:34.325162
AK-47 | Nightwish (Battle-Scarred),AK-47 | Nightwish (Battle-Scarred),Battle-Scarred,https://steamcommunity.com/market/listings/730/AK-47%20%7C%20Nightwish%20%28Battle-Scarred%29,84.34,123,2026-07-09T11:23:34.325252
AK-47 | Nightwish (Factory New),AK-47 | Nightwish (Factory New),Factory New,https://steamcommunity.com/market/listings/730/AK-47%20%7C%20Nightwish%20%28Factory%20New%29,166.41,53,2026-07-09T11:23:34.325334
AK-47 | Nightwish (Field-Tested),AK-47 | Nightwish (Field-Tested),Field-Tested,https://steamcommunity.com/market/listings/730/AK-47%20%7C%20Nightwish%20%28Field-Tested%29,91.19,384,2026-07-09T11:23:34.325410
AK-47 | Nightwish (Minimal Wear),AK-47 | Nightwish (Minimal Wear),Minimal Wear,https://steamcommunity.com/market/listings/730/AK-47%20%7C%20Nightwish%20%28Minimal%20Wear%29,99.33,184,2026-07-09T11:23:34.325483
AK-47 | Nightwish (Well-Worn),AK-47 | Nightwish (Well-Worn),Well-Worn,https://steamcommunity.com/market/listings/730/AK-47%20%7C%20Nightwish%20%28Well-Worn%29,82.0,198,2026-07-09T11:23:34.325558
AK-47 | Nouveau Rouge (Battle-Scarred),AK-47 | Nouveau Rouge (Battle-Scarred),Battle-Scarred,https://steamcommunity.com/market/listings/730/AK-47%20%7C%20Nouveau%20Rouge%20%28Battle-Scarred%29,8.85,289,2026-07-09T11:23:34.325632
AK-47 | Nouveau Rouge (Factory New),AK-47 | Nouveau Rouge (Factory New),Factory New,https://steamcommunity.com/market/listings/730/AK-47%20%7C%20Nouveau%20Rouge%20%28Factory%20New%29,123.59,60,2026-07-09T11:23:34.325705
AK-47 | Nouveau Rouge (Field-Tested),AK-47 | Nouveau Rouge (Field-Tested),Field-Tested,https://steamcommunity.com/market/listings/730/AK-47%20%7C%20Nouveau%20Rouge%20%28Field-Tested%29,12.89,438,2026-07-09T11:23:34.325778
AK-47 | Nouveau Rouge (Minimal Wear),AK-47 | Nouveau Rouge (Minimal Wear),Minimal Wear,https://steamcommunity.com/market/listings/730/AK-47%20%7C%20Nouveau%20Rouge%20%28Minimal%20Wear%29,36.99,300,2026-07-09T11:23:34.325852
AK-47 | Nouveau Rouge (Well-Worn),AK-47 | Nouveau Rouge (Well-Worn),Well-Worn,https://steamcommunity.com/market/listings/730/AK-47%20%7C%20Nouveau%20Rouge%20%28Well-Worn%29,8.33,267,2026-07-09T11:23:36.270857
AK-47 | Olive Polycam (Battle-Scarred),AK-47 | Olive Polycam (Battle-Scarred),Battle-Scarred,https://steamcommunity.com/market/listings/730/AK-47%20%7C%20Olive%20Polycam%20%28Battle-Scarred%29,0.16,1767,2026-07-09T11:23:36.270924
AK-47 | Olive Polycam (Factory New),AK-47 | Olive Polycam (Factory New),Factory New,https://steamcommunity.com/market/listings/730/AK-47%20%7C%20Olive%20Polycam%20%28Factory%20New%29,0.94,9246,2026-07-09T11:23:36.270981
AK-47 | Olive Polycam (Field-Tested),AK-47 | Olive Polycam (Field-Tested),Field-Tested,https://steamcommunity.com/market/listings/730/AK-47%20%7C%20Olive%20Polycam%20%28Field-Tested%29,0.14,24820,2026-07-09T11:23:36.271036
AK-47 | Olive Polycam (Minimal Wear),AK-47 | Olive Polycam (Minimal Wear),Minimal Wear,https://steamcommunity.com/market/listings/730/AK-47%20%7C%20Olive%20Polycam%20%28Minimal%20Wear%29,0.23,21025,2026-07-09T11:23:36.271091
AK-47 | Olive Polycam (Well-Worn),AK-47 | Olive Polycam (Well-Worn),Well-Worn,https://steamcommunity.com/market/listings/730/AK-47%20%7C%20Olive%20Polycam%20%28Well-Worn%29,0.15,2107,2026-07-09T11:23:36.271147
AK-47 | Orbit Mk01 (Battle-Scarred),AK-47 | Orbit Mk01 (Battle-Scarred),Battle-Scarred,https://steamcommunity.com/market/listings/730/AK-47%20%7C%20Orbit%20Mk01%20%28Battle-Scarred%29,35.91,19,2026-07-09T11:23:36.271202
AK-47 | Orbit Mk01 (Factory New),AK-47 | Orbit Mk01 (Factory New),Factory New,https://steamcommunity.com/market/listings/730/AK-47%20%7C%20Orbit%20Mk01%20%28Factory%20New%29,183.48,84,2026-07-09T11:23:36.271257
AK-47 | Orbit Mk01 (Field-Tested),AK-47 | Orbit Mk01 (Field-Tested),Field-Tested,https://steamcommunity.com/market/listings/730/AK-47%20%7C%20Orbit%20Mk01%20%28Field-Tested%29,37.46,119,2026-07-09T11:23:36.271312
AK-47 | Orbit Mk01 (Minimal Wear),AK-47 | Orbit Mk01 (Minimal Wear),Minimal Wear,https://steamcommunity.com/market/listings/730/AK-47%20%7C%20Orbit%20Mk01%20%28Minimal%20Wear%29,46.97,126,2026-07-09T11:23:36.271368
AK-47 | Orbit Mk01 (Well-Worn),AK-47 | Orbit Mk01 (Well-Worn),Well-Worn,https://steamcommunity.com/market/listings/730/AK-47%20%7C%20Orbit%20Mk01%20%28Well-Worn%29,35.5,28,2026-07-09T11:23:38.144041
AK-47 | Panthera onca (Battle-Scarred),AK-47 | Panthera onca (Battle-Scarred),Battle-Scarred,https://steamcommunity.com/market/listings/730/AK-47%20%7C%20Panthera%20onca%20%28Battle-Scarred%29,238.08,3,2026-07-09T11:23:38.144152
AK-47 | Panthera onca (Factory New),AK-47 | Panthera onca (Factory New),Factory New,https://steamcommunity.com/market/listings/730/AK-47%20%7C%20Panthera%20onca%20%28Factory%20New%29,854.76,5,2026-07-09T11:23:38.144243
AK-47 | Panthera onca (Field-Tested),AK-47 | Panthera onca (Field-Tested),Field-Tested,https://steamcommunity.com/market/listings/730/AK-47%20%7C%20Panthera%20onca%20%28Field-Tested%29,262.12,3,2026-07-09T11:23:38.144332
AK-47 | Panthera onca (Minimal Wear),AK-47 | Panthera onca (Minimal Wear),Minimal Wear,https://steamcommunity.com/market/listings/730/AK-47%20%7C%20Panthera%20onca%20%28Minimal%20Wear%29,442.17,6,2026-07-09T11:23:38.144420
AK-47 | Panthera onca (Well-Worn),AK-47 | Panthera onca (Well-Worn),Well-Worn,https://steamcommunity.com/market/listings/730/AK-47%20%7C%20Panthera%20onca%20%28Well-Worn%29,245.99,7,2026-07-09T11:23:38.144510
AK-47 | Phantom Disruptor (Battle-Scarred),AK-47 | Phantom Disruptor (Battle-Scarred),Battle-Scarred,https://steamcommunity.com/market/listings/730/AK-47%20%7C%20Phantom%20Disruptor%20%28Battle-Scarred%29,6.56,195,2026-07-09T11:23:38.144602
AK-47 | Phantom Disruptor (Factory New),AK-47 | Phantom Disruptor (Factory New),Factory New,https://steamcommunity.com/market/listings/730/AK-47%20%7C%20Phantom%20Disruptor%20%28Factory%20New%29,39.61,199,2026-07-09T11:23:38.144691
AK-47 | Phantom Disruptor (Field-Tested),AK-47 | Phantom Disruptor (Field-Tested),Field-Tested,https://steamcommunity.com/market/listings/730/AK-47%20%7C%20Phantom%20Disruptor%20%28Field-Tested%29,6.94,1281,2026-07-09T11:23:38.144781
AK-47 | Phantom Disruptor (Minimal Wear),AK-47 | Phantom Disruptor (Minimal Wear),Minimal Wear,https://steamcommunity.com/market/listings/730/AK-47%20%7C%20Phantom%20Disruptor%20%28Minimal%20Wear%29,10.54,448,2026-07-09T11:23:38.144868
AK-47 | Phantom Disruptor (Well-Worn),AK-47 | Phantom Disruptor (Well-Worn),Well-Worn,https://steamcommunity.com/market/listings/730/AK-47%20%7C%20Phantom%20Disruptor%20%28Well-Worn%29,7.32,144,2026-07-09T11:23:40.062739
AK-47 | Point Disarray (Battle-Scarred),AK-47 | Point Disarray (Battle-Scarred),Battle-Scarred,https://steamcommunity.com/market/listings/730/AK-47%20%7C%20Point%20Disarray%20%28Battle-Scarred%29,18.8,74,2026-07-09T11:23:40.062840
AK-47 | Point Disarray (Factory New),AK-47 | Point Disarray (Factory New),Factory New,https://steamcommunity.com/market/listings/730/AK-47%20%7C%20Point%20Disarray%20%28Factory%20New%29,115.0,69,2026-07-09T11:23:40.062930
AK-47 | Point Disarray (Field-Tested),AK-47 | Point Disarray (Field-Tested),Field-Tested,https://steamcommunity.com/market/listings/730/AK-47%20%7C%20Point%20Disarray%20%28Field-Tested%29,17.8,352,2026-07-09T11:23:40.063018
AK-47 | Point Disarray (Minimal Wear),AK-47 | Point Disarray (Minimal Wear),Minimal Wear,https://steamcommunity.com/market/listings/730/AK-47%20%7C%20Point%20Disarray%20%28Minimal%20Wear%29,29.45,210,2026-07-09T11:23:40.063103
AK-47 | Point Disarray (Well-Worn),AK-47 | Point Disarray (Well-Worn),Well-Worn,https://steamcommunity.com/market/listings/730/AK-47%20%7C%20Point%20Disarray%20%28Well-Worn%29,20.87,42,2026-07-09T11:23:40.063188
AK-47 | Predator (Battle-Scarred),AK-47 | Predator (Battle-Scarred),Battle-Scarred,https://steamcommunity.com/market/listings/730/AK-47%20%7C%20Predator%20%28Battle-Scarred%29,13.93,52,2026-07-09T11:23:40.063274
AK-47 | Predator (Factory New),AK-47 | Predator (Factory New),Factory New,https://steamcommunity.com/market/listings/730/AK-47%20%7C%20Predator%20%28Factory%20New%29,145.28,10,2026-07-09T11:23:40.063360
AK-47 | Predator (Field-Tested),AK-47 | Predator (Field-Tested),Field-Tested,https://steamcommunity.com/market/listings/730/AK-47%20%7C%20Predator%20%28Field-Tested%29,12.91,123,2026-07-09T11:23:40.063445
AK-47 | Predator (Minimal Wear),AK-47 | Predator (Minimal Wear),Minimal Wear,https://steamcommunity.com/market/listings/730/AK-47%20%7C%20Predator%20%28Minimal%20Wear%29,19.2,59,2026-07-09T11:23:40.063531
AK-47 | Predator (Well-Worn),AK-47 | Predator (Well-Worn),Well-Worn,https://steamcommunity.com/market/listings/730/AK-47%20%7C%20Predator%20%28Well-Worn%29,14.75,24,2026-07-09T11:23:42.010009
AK-47 | Rat Rod (Battle-Scarred),AK-47 | Rat Rod (Battle-Scarred),Battle-Scarred,https://steamcommunity.com/market/listings/730/AK-47%20%7C%20Rat%20Rod%20%28Battle-Scarred%29,4.97,125,2026-07-09T11:23:42.010100
AK-47 | Rat Rod (Factory New),AK-47 | Rat Rod (Factory New),Factory New,https://steamcommunity.com/market/listings/730/AK-47%20%7C%20Rat%20Rod%20%28Factory%20New%29,148.16,51,2026-07-09T11:23:42.010178
AK-47 | Rat Rod (Field-Tested),AK-47 | Rat Rod (Field-Tested),Field-Tested,https://steamcommunity.com/market/listings/730/AK-47%20%7C%20Rat%20Rod%20%28Field-Tested%29,5.23,386,2026-07-09T11:23:42.010254
AK-47 | Rat Rod (Minimal Wear),AK-47 | Rat Rod (Minimal Wear),Minimal Wear,https://steamcommunity.com/market/listings/730/AK-47%20%7C%20Rat%20Rod%20%28Minimal%20Wear%29,12.04,276,2026-07-09T11:23:42.010329
AK-47 | Rat Rod (Well-Worn),AK-47 | Rat Rod (Well-Worn),Well-Worn,https://steamcommunity.com/market/listings/730/AK-47%20%7C%20Rat%20Rod%20%28Well-Worn%29,4.95,145,2026-07-09T11:23:42.010404
AK-47 | Red Laminate (Battle-Scarred),AK-47 | Red Laminate (Battle-Scarred),Battle-Scarred,https://steamcommunity.com/market/listings/730/AK-47%20%7C%20Red%20Laminate%20%28Battle-Scarred%29,77.52,29,2026-07-09T11:23:42.010480
AK-47 | Red Laminate (Factory New),AK-47 | Red Laminate (Factory New),Factory New,https://steamcommunity.com/market/listings/730/AK-47%20%7C%20Red%20Laminate%20%28Factory%20New%29,1112.44,3,2026-07-09T11:23:42.010555
AK-47 | Red Laminate (Field-Tested),AK-47 | Red Laminate (Field-Tested),Field-Tested,https://steamcommunity.com/market/listings/730/AK-47%20%7C%20Red%20Laminate%20%28Field-Tested%29,82.83,135,2026-07-09T11:23:42.010629
AK-47 | Red Laminate (Minimal Wear),AK-47 | Red Laminate (Minimal Wear),Minimal Wear,https://steamcommunity.com/market/listings/730/AK-47%20%7C%20Red%20Laminate%20%28Minimal%20Wear%29,193.59,52,2026-07-09T11:23:42.010706
AK-47 | Red Laminate (Well-Worn),AK-47 | Red Laminate (Well-Worn),Well-Worn,https://steamcommunity.com/market/listings/730/AK-47%20%7C%20Red%20Laminate%20%28Well-Worn%29,77.0,28,2026-07-09T11:23:43.887692
AK-47 | Redline (Battle-Scarred),AK-47 | Redline (Battle-Scarred),Battle-Scarred,https://steamcommunity.com/market/listings/730/AK-47%20%7C%20Redline%20%28Battle-Scarred%29,34.19,90,2026-07-09T11:23:43.887862
AK-47 | Redline (Field-Tested),AK-47 | Redline (Field-Tested),Field-Tested,https://steamcommunity.com/market/listings/730/AK-47%20%7C%20Redline%20%28Field-Tested%29,41.41,1133,2026-07-09T11:23:43.887976
AK-47 | Redline (Minimal Wear),AK-47 | Redline (Minimal Wear),Minimal Wear,https://steamcommunity.com/market/listings/730/AK-47%20%7C%20Redline%20%28Minimal%20Wear%29,218.82,80,2026-07-09T11:23:43.888037
AK-47 | Redline (Well-Worn),AK-47 | Redline (Well-Worn),Well-Worn,https://steamcommunity.com/market/listings/730/AK-47%20%7C%20Redline%20%28Well-Worn%29,35.08,53,2026-07-09T11:23:43.888089
AK-47 | Safari Mesh (Battle-Scarred),AK-47 | Safari Mesh (Battle-Scarred),Battle-Scarred,https://steamcommunity.com/market/listings/730/AK-47%20%7C%20Safari%20Mesh%20%28Battle-Scarred%29,0.1,3132,2026-07-09T11:23:43.888137
AK-47 | Safari Mesh (Factory New),AK-47 | Safari Mesh (Factory New),Factory New,https://steamcommunity.com/market/listings/730/AK-47%20%7C%20Safari%20Mesh%20%28Factory%20New%29,15.04,181,2026-07-09T11:23:43.888188
AK-47 | Safari Mesh (Field-Tested),AK-47 | Safari Mesh (Field-Tested),Field-Tested,https://steamcommunity.com/market/listings/730/AK-47%20%7C%20Safari%20Mesh%20%28Field-Tested%29,0.09,19502,2026-07-09T11:23:43.888237
AK-47 | Safari Mesh (Minimal Wear),AK-47 | Safari Mesh (Minimal Wear),Minimal Wear,https://steamcommunity.com/market/listings/730/AK-47%20%7C%20Safari%20Mesh%20%28Minimal%20Wear%29,0.39,10099,2026-07-09T11:23:43.888285
AK-47 | Safari Mesh (Well-Worn),AK-47 | Safari Mesh (Well-Worn),Well-Worn,https://steamcommunity.com/market/listings/730/AK-47%20%7C%20Safari%20Mesh%20%28Well-Worn%29,0.1,3380,2026-07-09T11:23:43.888333
AK-47 | Safety Net (Battle-Scarred),AK-47 | Safety Net (Battle-Scarred),Battle-Scarred,https://steamcommunity.com/market/listings/730/AK-47%20%7C%20Safety%20Net%20%28Battle-Scarred%29,3.6,196,2026-07-09T11:23:45.797344
AK-47 | Safety Net (Factory New),AK-47 | Safety Net (Factory New),Factory New,https://steamcommunity.com/market/listings/730/AK-47%20%7C%20Safety%20Net%20%28Factory%20New%29,38.15,164,2026-07-09T11:23:45.797431
AK-47 | Safety Net (Field-Tested),AK-47 | Safety Net (Field-Tested),Field-Tested,https://steamcommunity.com/market/listings/730/AK-47%20%7C%20Safety%20Net%20%28Field-Tested%29,3.4,775,2026-07-09T11:23:45.797494
AK-47 | Safety Net (Minimal Wear),AK-47 | Safety Net (Minimal Wear),Minimal Wear,https://steamcommunity.com/market/listings/730/AK-47%20%7C%20Safety%20Net%20%28Minimal%20Wear%29,5.8,334,2026-07-09T11:23:45.797554
AK-47 | Safety Net (Well-Worn),AK-47 | Safety Net (Well-Worn),Well-Worn,https://steamcommunity.com/market/listings/730/AK-47%20%7C%20Safety%20Net%20%28Well-Worn%29,3.7,132,2026-07-09T11:23:45.797614
AK-47 | Searing Rage (Battle-Scarred),AK-47 | Searing Rage (Battle-Scarred),Battle-Scarred,https://steamcommunity.com/market/listings/730/AK-47%20%7C%20Searing%20Rage%20%28Battle-Scarred%29,5.52,404,2026-07-09T11:23:45.797677
AK-47 | Searing Rage (Factory New),AK-47 | Searing Rage (Factory New),Factory New,https://steamcommunity.com/market/listings/730/AK-47%20%7C%20Searing%20Rage%20%28Factory%20New%29,38.15,162,2026-07-09T11:23:45.797774
AK-47 | Searing Rage (Field-Tested),AK-47 | Searing Rage (Field-Tested),Field-Tested,https://steamcommunity.com/market/listings/730/AK-47%20%7C%20Searing%20Rage%20%28Field-Tested%29,6.48,858,2026-07-09T11:23:45.797902
AK-47 | Searing Rage (Minimal Wear),AK-47 | Searing Rage (Minimal Wear),Minimal Wear,https://steamcommunity.com/market/listings/730/AK-47%20%7C%20Searing%20Rage%20%28Minimal%20Wear%29,10.0,468,2026-07-09T11:23:45.797974
AK-47 | Searing Rage (Well-Worn),AK-47 | Searing Rage (Well-Worn),Well-Worn,https://steamcommunity.com/market/listings/730/AK-47%20%7C%20Searing%20Rage%20%28Well-Worn%29,5.7,539,2026-07-09T11:23:45.798033
AK-47 | Slate (Battle-Scarred),AK-47 | Slate (Battle-Scarred),Battle-Scarred,https://steamcommunity.com/market/listings/730/AK-47%20%7C%20Slate%20%28Battle-Scarred%29,4.83,1663,2026-07-09T11:23:47.744925
AK-47 | Slate (Factory New),AK-47 | Slate (Factory New),Factory New,https://steamcommunity.com/market/listings/730/AK-47%20%7C%20Slate%20%28Factory%20New%29,25.16,449,2026-07-09T11:23:47.745053
AK-47 | Slate (Field-Tested),AK-47 | Slate (Field-Tested),Field-Tested,https://steamcommunity.com/market/listings/730/AK-47%20%7C%20Slate%20%28Field-Tested%29,5.69,4126,2026-07-09T11:23:47.745165
AK-47 | Slate (Minimal Wear),AK-47 | Slate (Minimal Wear),Minimal Wear,https://steamcommunity.com/market/listings/730/AK-47%20%7C%20Slate%20%28Minimal%20Wear%29,9.05,1312,2026-07-09T11:23:47.745273
AK-47 | Slate (Well-Worn),AK-47 | Slate (Well-Worn),Well-Worn,https://steamcommunity.com/market/listings/730/AK-47%20%7C%20Slate%20%28Well-Worn%29,4.97,2973,2026-07-09T11:23:47.745376
AK-47 | Steel Delta (Battle-Scarred),AK-47 | Steel Delta (Battle-Scarred),Battle-Scarred,https://steamcommunity.com/market/listings/730/AK-47%20%7C%20Steel%20Delta%20%28Battle-Scarred%29,2.68,289,2026-07-09T11:23:47.745480
AK-47 | Steel Delta (Factory New),AK-47 | Steel Delta (Factory New),Factory New,https://steamcommunity.com/market/listings/730/AK-47%20%7C%20Steel%20Delta%20%28Factory%20New%29,27.0,198,2026-07-09T11:23:47.745585
AK-47 | Steel Delta (Field-Tested),AK-47 | Steel Delta (Field-Tested),Field-Tested,https://steamcommunity.com/market/listings/730/AK-47%20%7C%20Steel%20Delta%20%28Field-Tested%29,2.3,524,2026-07-09T11:23:47.745691
AK-47 | Steel Delta (Minimal Wear),AK-47 | Steel Delta (Minimal Wear),Minimal Wear,https://steamcommunity.com/market/listings/730/AK-47%20%7C%20Steel%20Delta%20%28Minimal%20Wear%29,4.23,356,2026-07-09T11:23:47.745806
AK-47 | Steel Delta (Well-Worn),AK-47 | Steel Delta (Well-Worn),Well-Worn,https://steamcommunity.com/market/listings/730/AK-47%20%7C%20Steel%20Delta%20%28Well-Worn%29,2.49,138,2026-07-09T11:23:47.745910
AK-47 | The Empress (Battle-Scarred),AK-47 | The Empress (Battle-Scarred),Battle-Scarred,https://steamcommunity.com/market/listings/730/AK-47%20%7C%20The%20Empress%20%28Battle-Scarred%29,132.45,54,2026-07-09T11:23:49.688278
AK-47 | The Empress (Factory New),AK-47 | The Empress (Factory New),Factory New,https://steamcommunity.com/market/listings/730/AK-47%20%7C%20The%20Empress%20%28Factory%20New%29,346.31,38,2026-07-09T11:23:49.688336
AK-47 | The Empress (Field-Tested),AK-47 | The Empress (Field-Tested),Field-Tested,https://steamcommunity.com/market/listings/730/AK-47%20%7C%20The%20Empress%20%28Field-Tested%29,142.46,121,2026-07-09T11:23:49.688380
AK-47 | The Empress (Minimal Wear),AK-47 | The Empress (Minimal Wear),Minimal Wear,https://steamcommunity.com/market/listings/730/AK-47%20%7C%20The%20Empress%20%28Minimal%20Wear%29,146.06,90,2026-07-09T11:23:49.688429
AK-47 | The Empress (Well-Worn),AK-47 | The Empress (Well-Worn),Well-Worn,https://steamcommunity.com/market/listings/730/AK-47%20%7C%20The%20Empress%20%28Well-Worn%29,132.95,47,2026-07-09T11:23:49.688474
AK-47 | The Oligarch (Battle-Scarred),AK-47 | The Oligarch (Battle-Scarred),Battle-Scarred,https://steamcommunity.com/market/listings/730/AK-47%20%7C%20The%20Oligarch%20%28Battle-Scarred%29,42.18,119,2026-07-09T11:23:49.688518
AK-47 | The Oligarch (Factory New),AK-47 | The Oligarch (Factory New),Factory New,https://steamcommunity.com/market/listings/730/AK-47%20%7C%20The%20Oligarch%20%28Factory%20New%29,393.39,31,2026-07-09T11:23:49.688559
AK-47 | The Oligarch (Field-Tested),AK-47 | The Oligarch (Field-Tested),Field-Tested,https://steamcommunity.com/market/listings/730/AK-47%20%7C%20The%20Oligarch%20%28Field-Tested%29,79.35,330,2026-07-09T11:23:49.688613
AK-47 | The Oligarch (Minimal Wear),AK-47 | The Oligarch (Minimal Wear),Minimal Wear,https://steamcommunity.com/market/listings/730/AK-47%20%7C%20The%20Oligarch%20%28Minimal%20Wear%29,161.47,169,2026-07-09T11:23:49.688655
AK-47 | The Oligarch (Well-Worn),AK-47 | The Oligarch (Well-Worn),Well-Worn,https://steamcommunity.com/market/listings/730/AK-47%20%7C%20The%20Oligarch%20%28Well-Worn%29,52.0,155,2026-07-09T11:23:49.688697
AK-47 | The Outsiders (Battle-Scarred),AK-47 | The Outsiders (Battle-Scarred),Battle-Scarred,https://steamcommunity.com/market/listings/730/AK-47%20%7C%20The%20Outsiders%20%28Battle-Scarred%29,7.84,162,2026-07-09T11:23:51.552630
AK-47 | The Outsiders (Factory New),AK-47 | The Outsiders (Factory New),Factory New,https://steamcommunity.com/market/listings/730/AK-47%20%7C%20The%20Outsiders%20%28Factory%20New%29,130.94,40,2026-07-09T11:23:51.552689
AK-47 | The Outsiders (Field-Tested),AK-47 | The Outsiders (Field-Tested),Field-Tested,https://steamcommunity.com/market/listings/730/AK-47%20%7C%20The%20Outsiders%20%28Field-Tested%29,9.54,467,2026-07-09T11:23:51.552737
AK-47 | The Outsiders (Minimal Wear),AK-47 | The Outsiders (Minimal Wear),Minimal Wear,https://steamcommunity.com/market/listings/730/AK-47%20%7C%20The%20Outsiders%20%28Minimal%20Wear%29,20.02,154,2026-07-09T11:23:51.552783
AK-47 | The Outsiders (Well-Worn),AK-47 | The Outsiders (Well-Worn),Well-Worn,https://steamcommunity.com/market/listings/730/AK-47%20%7C%20The%20Outsiders%20%28Well-Worn%29,8.11,154,2026-07-09T11:23:51.552828
AK-47 | Uncharted (Battle-Scarred),AK-47 | Uncharted (Battle-Scarred),Battle-Scarred,https://steamcommunity.com/market/listings/730/AK-47%20%7C%20Uncharted%20%28Battle-Scarred%29,0.89,1548,2026-07-09T11:23:51.552874
AK-47 | Uncharted (Factory New),AK-47 | Uncharted (Factory New),Factory New,https://steamcommunity.com/market/listings/730/AK-47%20%7C%20Uncharted%20%28Factory%20New%29,5.71,349,2026-07-09T11:23:51.552918
AK-47 | Uncharted (Field-Tested),AK-47 | Uncharted (Field-Tested),Field-Tested,https://steamcommunity.com/market/listings/730/AK-47%20%7C%20Uncharted%20%28Field-Tested%29,0.89,5697,2026-07-09T11:23:51.552964
AK-47 | Uncharted (Minimal Wear),AK-47 | Uncharted (Minimal Wear),Minimal Wear,https://steamcommunity.com/market/listings/730/AK-47%20%7C%20Uncharted%20%28Minimal%20Wear%29,1.16,2208,2026-07-09T11:23:51.553008
AK-47 | Uncharted (Well-Worn),AK-47 | Uncharted (Well-Worn),Well-Worn,https://steamcommunity.com/market/listings/730/AK-47%20%7C%20Uncharted%20%28Well-Worn%29,0.93,534,2026-07-09T11:23:51.553053
AK-47 | VariCamo Grey (Battle-Scarred),AK-47 | VariCamo Grey (Battle-Scarred),Battle-Scarred,https://steamcommunity.com/market/listings/730/AK-47%20%7C%20VariCamo%20Grey%20%28Battle-Scarred%29,0.11,3079,2026-07-09T11:23:53.407554
AK-47 | VariCamo Grey (Factory New),AK-47 | VariCamo Grey (Factory New),Factory New,https://steamcommunity.com/market/listings/730/AK-47%20%7C%20VariCamo%20Grey%20%28Factory%20New%29,0.77,1457,2026-07-09T11:23:53.407668
AK-47 | VariCamo Grey (Field-Tested),AK-47 | VariCamo Grey (Field-Tested),Field-Tested,https://steamcommunity.com/market/listings/730/AK-47%20%7C%20VariCamo%20Grey%20%28Field-Tested%29,0.09,10846,2026-07-09T11:23:53.407769
AK-47 | VariCamo Grey (Minimal Wear),AK-47 | VariCamo Grey (Minimal Wear),Minimal Wear,https://steamcommunity.com/market/listings/730/AK-47%20%7C%20VariCamo%20Grey%20%28Minimal%20Wear%29,0.18,5882,2026-07-09T11:23:53.407864
AK-47 | VariCamo Grey (Well-Worn),AK-47 | VariCamo Grey (Well-Worn),Well-Worn,https://steamcommunity.com/market/listings/730/AK-47%20%7C%20VariCamo%20Grey%20%28Well-Worn%29,0.13,1602,2026-07-09T11:23:53.407966
AK-47 | Vulcan (Battle-Scarred),AK-47 | Vulcan (Battle-Scarred),Battle-Scarred,https://steamcommunity.com/market/listings/730/AK-47%20%7C%20Vulcan%20%28Battle-Scarred%29,165.55,15,2026-07-09T11:23:53.408064
AK-47 | Vulcan (Factory New),AK-47 | Vulcan (Factory New),Factory New,https://steamcommunity.com/market/listings/730/AK-47%20%7C%20Vulcan%20%28Factory%20New%29,916.61,7,2026-07-09T11:23:53.408159
AK-47 | Vulcan (Field-Tested),AK-47 | Vulcan (Field-Tested),Field-Tested,https://steamcommunity.com/market/listings/730/AK-47%20%7C%20Vulcan%20%28Field-Tested%29,268.61,65,2026-07-09T11:23:53.408259
AK-47 | Vulcan (Minimal Wear),AK-47 | Vulcan (Minimal Wear),Minimal Wear,https://steamcommunity.com/market/listings/730/AK-47%20%7C%20Vulcan%20%28Minimal%20Wear%29,570.71,48,2026-07-09T11:23:53.408353
AK-47 | Vulcan (Well-Worn),AK-47 | Vulcan (Well-Worn),Well-Worn,https://steamcommunity.com/market/listings/730/AK-47%20%7C%20Vulcan%20%28Well-Worn%29,198.56,14,2026-07-09T11:23:53.408444
AK-47 | Wasteland Rebel (Battle-Scarred),AK-47 | Wasteland Rebel (Battle-Scarred),Battle-Scarred,https://steamcommunity.com/market/listings/730/AK-47%20%7C%20Wasteland%20Rebel%20%28Battle-Scarred%29,102.59,12,2026-07-09T11:23:55.266531
AK-47 | Wasteland Rebel (Factory New),AK-47 | Wasteland Rebel (Factory New),Factory New,https://steamcommunity.com/market/listings/730/AK-47%20%7C%20Wasteland%20Rebel%20%28Factory%20New%29,600.0,5,2026-07-09T11:23:55.266644
AK-47 | Wasteland Rebel (Field-Tested),AK-47 | Wasteland Rebel (Field-Tested),Field-Tested,https://steamcommunity.com/market/listings/730/AK-47%20%7C%20Wasteland%20Rebel%20%28Field-Tested%29,110.22,60,2026-07-09T11:23:55.266744
AK-47 | Wasteland Rebel (Minimal Wear),AK-47 | Wasteland Rebel (Minimal Wear),Minimal Wear,https://steamcommunity.com/market/listings/730/AK-47%20%7C%20Wasteland%20Rebel%20%28Minimal%20Wear%29,128.0,31,2026-07-09T11:23:55.266842
AK-47 | Wasteland Rebel (Well-Worn),AK-47 | Wasteland Rebel (Well-Worn),Well-Worn,https://steamcommunity.com/market/listings/730/AK-47%20%7C%20Wasteland%20Rebel%20%28Well-Worn%29,103.73,6,2026-07-09T11:23:55.266940
AK-47 | Wintergreen (Battle-Scarred),AK-47 | Wintergreen (Battle-Scarred),Battle-Scarred,https://steamcommunity.com/market/listings/730/AK-47%20%7C%20Wintergreen%20%28Battle-Scarred%29,0.74,1514,2026-07-09T11:23:55.267038
AK-47 | Wintergreen (Factory New),AK-47 | Wintergreen (Factory New),Factory New,https://steamcommunity.com/market/listings/730/AK-47%20%7C%20Wintergreen%20%28Factory%20New%29,7.96,604,2026-07-09T11:23:55.267143
AK-47 | Wintergreen (Field-Tested),AK-47 | Wintergreen (Field-Tested),Field-Tested,https://steamcommunity.com/market/listings/730/AK-47%20%7C%20Wintergreen%20%28Field-Tested%29,0.85,3317,2026-07-09T11:23:55.267239
AK-47 | Wintergreen (Minimal Wear),AK-47 | Wintergreen (Minimal Wear),Minimal Wear,https://steamcommunity.com/market/listings/730/AK-47%20%7C%20Wintergreen%20%28Minimal%20Wear%29,2.57,1247,2026-07-09T11:23:55.267332
AK-47 | Wintergreen (Well-Worn),AK-47 | Wintergreen (Well-Worn),Well-Worn,https://steamcommunity.com/market/listings/730/AK-47%20%7C%20Wintergreen%20%28Well-Worn%29,0.94,441,2026-07-09T11:23:55.267471
AK-47 | X-Ray (Battle-Scarred),AK-47 | X-Ray (Battle-Scarred),Battle-Scarred,https://steamcommunity.com/market/listings/730/AK-47%20%7C%20X-Ray%20%28Battle-Scarred%29,639.89,5,2026-07-09T11:23:57.133729
AK-47 | X-Ray (Field-Tested),AK-47 | X-Ray (Field-Tested),Field-Tested,https://steamcommunity.com/market/listings/730/AK-47%20%7C%20X-Ray%20%28Field-Tested%29,1439.64,3,2026-07-09T11:23:57.133773
AK-47 | X-Ray (Well-Worn),AK-47 | X-Ray (Well-Worn),Well-Worn,https://steamcommunity.com/market/listings/730/AK-47%20%7C%20X-Ray%20%28Well-Worn%29,708.87,4,2026-07-09T11:23:57.133810
Souvenir AK-47 | Aphrodite (Battle-Scarred),Souvenir AK-47 | Aphrodite (Battle-Scarred),Battle-Scarred,https://steamcommunity.com/market/listings/730/Souvenir%20AK-47%20%7C%20Aphrodite%20%28Battle-Scarred%29,45.15,8,2026-07-09T11:23:57.133846
Souvenir AK-47 | Aphrodite (Factory New),Souvenir AK-47 | Aphrodite (Factory New),Factory New,https://steamcommunity.com/market/listings/730/Souvenir%20AK-47%20%7C%20Aphrodite%20%28Factory%20New%29,1106.9,3,2026-07-09T11:23:57.133883
Souvenir AK-47 | Aphrodite (Field-Tested),Souvenir AK-47 | Aphrodite (Field-Tested),Field-Tested,https://steamcommunity.com/market/listings/730/Souvenir%20AK-47%20%7C%20Aphrodite%20%28Field-Tested%29,77.65,12,2026-07-09T11:23:57.133918
Souvenir AK-47 | Aphrodite (Minimal Wear),Souvenir AK-47 | Aphrodite (Minimal Wear),Minimal Wear,https://steamcommunity.com/market/listings/730/Souvenir%20AK-47%20%7C%20Aphrodite%20%28Minimal%20Wear%29,168.26,9,2026-07-09T11:23:57.133954
Souvenir AK-47 | Aphrodite (Well-Worn),Souvenir AK-47 | Aphrodite (Well-Worn),Well-Worn,https://steamcommunity.com/market/listings/730/Souvenir%20AK-47%20%7C%20Aphrodite%20%28Well-Worn%29,110.18,3,2026-07-09T11:23:57.133990
Souvenir AK-47 | Asiimov (Field-Tested),Souvenir AK-47 | Asiimov (Field-Tested),Field-Tested,https://steamcommunity.com/market/listings/730/Souvenir%20AK-47%20%7C%20Asiimov%20%28Field-Tested%29,312.36,5,2026-07-09T11:23:57.134025
Souvenir AK-47 | Asiimov (Minimal Wear),Souvenir AK-47 | Asiimov (Minimal Wear),Minimal Wear,https://steamcommunity.com/market/listings/730/Souvenir%20AK-47%20%7C%20Asiimov%20%28Minimal%20Wear%29,336.79,1,2026-07-09T11:23:57.134061
Souvenir AK-47 | B the Monster (Battle-Scarred),Souvenir AK-47 | B the Monster (Battle-Scarred),Battle-Scarred,https://steamcommunity.com/market/listings/730/Souvenir%20AK-47%20%7C%20B%20the%20Monster%20%28Battle-Scarred%29,154.99,12,2026-07-09T11:23:58.977458
Souvenir AK-47 | B the Monster (Factory New),Souvenir AK-47 | B the Monster (Factory New),Factory New,https://steamcommunity.com/market/listings/730/Souvenir%20AK-47%20%7C%20B%20the%20Monster%20%28Factory%20New%29,934.57,2,2026-07-09T11:23:58.977510
Souvenir AK-47 | B the Monster (Field-Tested),Souvenir AK-47 | B the Monster (Field-Tested),Field-Tested,https://steamcommunity.com/market/listings/730/Souvenir%20AK-47%20%7C%20B%20the%20Monster%20%28Field-Tested%29,244.5,16,2026-07-09T11:23:58.977555
Souvenir AK-47 | B the Monster (Minimal Wear),Souvenir AK-47 | B the Monster (Minimal Wear),Minimal Wear,https://steamcommunity.com/market/listings/730/Souvenir%20AK-47%20%7C%20B%20the%20Monster%20%28Minimal%20Wear%29,570.71,6,2026-07-09T11:23:58.977595
Souvenir AK-47 | B the Monster (Well-Worn),Souvenir AK-47 | B the Monster (Well-Worn),Well-Worn,https://steamcommunity.com/market/listings/730/Souvenir%20AK-47%20%7C%20B%20the%20Monster%20%28Well-Worn%29,195.65,4,2026-07-09T11:23:58.977635
Souvenir AK-47 | Baroque Purple (Battle-Scarred),Souvenir AK-47 | Baroque Purple (Battle-Scarred),Battle-Scarred,https://steamcommunity.com/market/listings/730/Souvenir%20AK-47%20%7C%20Baroque%20Purple%20%28Battle-Scarred%29,26.17,1,2026-07-09T11:23:58.977680
Souvenir AK-47 | Baroque Purple (Field-Tested),Souvenir AK-47 | Baroque Purple (Field-Tested),Field-Tested,https://steamcommunity.com/market/listings/730/Souvenir%20AK-47%20%7C%20Baroque%20Purple%20%28Field-Tested%29,16.99,4,2026-07-09T11:23:58.977723
Souvenir AK-47 | Baroque Purple (Minimal Wear),Souvenir AK-47 | Baroque Purple (Minimal Wear),Minimal Wear,https://steamcommunity.com/market/listings/730/Souvenir%20AK-47%20%7C%20Baroque%20Purple%20%28Minimal%20Wear%29,35.5,10,2026-07-09T11:23:58.977761
Souvenir AK-47 | Baroque Purple (Well-Worn),Souvenir AK-47 | Baroque Purple (Well-Worn),Well-Worn,https://steamcommunity.com/market/listings/730/Souvenir%20AK-47%20%7C%20Baroque%20Purple%20%28Well-Worn%29,45.81,1,2026-07-09T11:23:58.977814
Souvenir AK-47 | Black Laminate (Battle-Scarred),Souvenir AK-47 | Black Laminate (Battle-Scarred),Battle-Scarred,https://steamcommunity.com/market/listings/730/Souvenir%20AK-47%20%7C%20Black%20Laminate%20%28Battle-Scarred%29,53.56,6,2026-07-09T11:23:58.977851
Souvenir AK-47 | Black Laminate (Field-Tested),Souvenir AK-47 | Black Laminate (Field-Tested),Field-Tested,https://steamcommunity.com/market/listings/730/Souvenir%20AK-47%20%7C%20Black%20Laminate%20%28Field-Tested%29,50.5,17,2026-07-09T11:24:00.947036
Souvenir AK-47 | Black Laminate (Minimal Wear),Souvenir AK-47 | Black Laminate (Minimal Wear),Minimal Wear,https://steamcommunity.com/market/listings/730/Souvenir%20AK-47%20%7C%20Black%20Laminate%20%28Minimal%20Wear%29,96.75,15,2026-07-09T11:24:00.947080
Souvenir AK-47 | Black Laminate (Well-Worn),Souvenir AK-47 | Black Laminate (Well-Worn),Well-Worn,https://steamcommunity.com/market/listings/730/Souvenir%20AK-47%20%7C%20Black%20Laminate%20%28Well-Worn%29,66.75,7,2026-07-09T11:24:00.947119
Souvenir AK-47 | Bloodsport (Factory New),Souvenir AK-47 | Bloodsport (Factory New),Factory New,https://steamcommunity.com/market/listings/730/Souvenir%20AK-47%20%7C%20Bloodsport%20%28Factory%20New%29,920.0,2,2026-07-09T11:24:00.947158
Souvenir AK-47 | Bloodsport (Minimal Wear),Souvenir AK-47 | Bloodsport (Minimal Wear),Minimal Wear,https://steamcommunity.com/market/listings/730/Souvenir%20AK-47%20%7C%20Bloodsport%20%28Minimal%20Wear%29,673.56,1,2026-07-09T11:24:00.947194
Souvenir AK-47 | Blue Laminate (Field-Tested),Souvenir AK-47 | Blue Laminate (Field-Tested),Field-Tested,https://steamcommunity.com/market/listings/730/Souvenir%20AK-47%20%7C%20Blue%20Laminate%20%28Field-Tested%29,250.73,1,2026-07-09T11:24:00.947230
Souvenir AK-47 | Blue Laminate (Minimal Wear),Souvenir AK-47 | Blue Laminate (Minimal Wear),Minimal Wear,https://steamcommunity.com/market/listings/730/Souvenir%20AK-47%20%7C%20Blue%20Laminate%20%28Minimal%20Wear%29,170.37,3,2026-07-09T11:24:00.947264
Souvenir AK-47 | Breakthrough (Factory New),Souvenir AK-47 | Breakthrough (Factory New),Factory New,https://steamcommunity.com/market/listings/730/Souvenir%20AK-47%20%7C%20Breakthrough%20%28Factory%20New%29,72.15,2,2026-07-09T11:24:00.947303
Souvenir AK-47 | Breakthrough (Field-Tested),Souvenir AK-47 | Breakthrough (Field-Tested),Field-Tested,https://steamcommunity.com/market/listings/730/Souvenir%20AK-47%20%7C%20Breakthrough%20%28Field-Tested%29,28.75,2,2026-07-09T11:24:00.947338
Souvenir AK-47 | Breakthrough (Minimal Wear),Souvenir AK-47 | Breakthrough (Minimal Wear),Minimal Wear,https://steamcommunity.com/market/listings/730/Souvenir%20AK-47%20%7C%20Breakthrough%20%28Minimal%20Wear%29,49.6,5,2026-07-09T11:24:00.947373
Souvenir AK-47 | Breakthrough (Well-Worn),Souvenir AK-47 | Breakthrough (Well-Worn),Well-Worn,https://steamcommunity.com/market/listings/730/Souvenir%20AK-47%20%7C%20Breakthrough%20%28Well-Worn%29,56.14,1,2026-07-09T11:24:02.898498
Souvenir AK-47 | Cartel (Minimal Wear),Souvenir AK-47 | Cartel (Minimal Wear),Minimal Wear,https://steamcommunity.com/market/listings/730/Souvenir%20AK-47%20%7C%20Cartel%20%28Minimal%20Wear%29,148.54,3,2026-07-09T11:24:02.898550
Souvenir AK-47 | Case Hardened (Factory New),Souvenir AK-47 | Case Hardened (Factory New),Factory New,https://steamcommunity.com/market/listings/730/Souvenir%20AK-47%20%7C%20Case%20Hardened%20%28Factory%20New%29,1849.55,1,2026-07-09T11:24:02.898595
Souvenir AK-47 | Case Hardened (Field-Tested),Souvenir AK-47 | Case Hardened (Field-Tested),Field-Tested,https://steamcommunity.com/market/listings/730/Souvenir%20AK-47%20%7C%20Case%20Hardened%20%28Field-Tested%29,900.0,2,2026-07-09T11:24:02.898636
Souvenir AK-47 | Case Hardened (Minimal Wear),Souvenir AK-47 | Case Hardened (Minimal Wear),Minimal Wear,https://steamcommunity.com/market/listings/730/Souvenir%20AK-47%20%7C%20Case%20Hardened%20%28Minimal%20Wear%29,1391.99,1,2026-07-09T11:24:02.898677
Souvenir AK-47 | Case Hardened (Well-Worn),Souvenir AK-47 | Case Hardened (Well-Worn),Well-Worn,https://steamcommunity.com/market/listings/730/Souvenir%20AK-47%20%7C%20Case%20Hardened%20%28Well-Worn%29,1308.76,1,2026-07-09T11:24:02.898718
Souvenir AK-47 | Crane Flight (Battle-Scarred),Souvenir AK-47 | Crane Flight (Battle-Scarred),Battle-Scarred,https://steamcommunity.com/market/listings/730/Souvenir%20AK-47%20%7C%20Crane%20Flight%20%28Battle-Scarred%29,43.48,5,2026-07-09T11:24:02.898757
Souvenir AK-47 | Crane Flight (Factory New),Souvenir AK-47 | Crane Flight (Factory New),Factory New,https://steamcommunity.com/market/listings/730/Souvenir%20AK-47%20%7C%20Crane%20Flight%20%28Factory%20New%29,432.51,6,2026-07-09T11:24:02.898797
Souvenir AK-47 | Crane Flight (Field-Tested),Souvenir AK-47 | Crane Flight (Field-Tested),Field-Tested,https://steamcommunity.com/market/listings/730/Souvenir%20AK-47%20%7C%20Crane%20Flight%20%28Field-Tested%29,104.7,4,2026-07-09T11:24:02.898837
Souvenir AK-47 | Crane Flight (Minimal Wear),Souvenir AK-47 | Crane Flight (Minimal Wear),Minimal Wear,https://steamcommunity.com/market/listings/730/Souvenir%20AK-47%20%7C%20Crane%20Flight%20%28Minimal%20Wear%29,105.36,9,2026-07-09T11:24:02.898877
Souvenir AK-47 | Crane Flight (Well-Worn),Souvenir AK-47 | Crane Flight (Well-Worn),Well-Worn,https://steamcommunity.com/market/listings/730/Souvenir%20AK-47%20%7C%20Crane%20Flight%20%28Well-Worn%29,120.41,5,2026-07-09T11:24:04.746961
Souvenir AK-47 | Crossfade (Factory New),Souvenir AK-47 | Crossfade (Factory New),Factory New,https://steamcommunity.com/market/listings/730/Souvenir%20AK-47%20%7C%20Crossfade%20%28Factory%20New%29,56.4,7,2026-07-09T11:24:04.747070
Souvenir AK-47 | Crossfade (Minimal Wear),Souvenir AK-47 | Crossfade (Minimal Wear),Minimal Wear,https://steamcommunity.com/market/listings/730/Souvenir%20AK-47%20%7C%20Crossfade%20%28Minimal%20Wear%29,25.38,1,2026-07-09T11:24:04.747170
Souvenir AK-47 | Elite Build (Battle-Scarred),Souvenir AK-47 | Elite Build (Battle-Scarred),Battle-Scarred,https://steamcommunity.com/market/listings/730/Souvenir%20AK-47%20%7C%20Elite%20Build%20%28Battle-Scarred%29,45.59,1,2026-07-09T11:24:04.747266
Souvenir AK-47 | Elite Build (Factory New),Souvenir AK-47 | Elite Build (Factory New),Factory New,https://steamcommunity.com/market/listings/730/Souvenir%20AK-47%20%7C%20Elite%20Build%20%28Factory%20New%29,341.91,4,2026-07-09T11:24:04.747363
Souvenir AK-47 | Elite Build (Field-Tested),Souvenir AK-47 | Elite Build (Field-Tested),Field-Tested,https://steamcommunity.com/market/listings/730/Souvenir%20AK-47%20%7C%20Elite%20Build%20%28Field-Tested%29,14.37,3,2026-07-09T11:24:04.747463
Souvenir AK-47 | Elite Build (Minimal Wear),Souvenir AK-47 | Elite Build (Minimal Wear),Minimal Wear,https://steamcommunity.com/market/listings/730/Souvenir%20AK-47%20%7C%20Elite%20Build%20%28Minimal%20Wear%29,19.98,5,2026-07-09T11:24:04.747560
Souvenir AK-47 | Elite Build (Well-Worn),Souvenir AK-47 | Elite Build (Well-Worn),Well-Worn,https://steamcommunity.com/market/listings/730/Souvenir%20AK-47%20%7C%20Elite%20Build%20%28Well-Worn%29,392.63,1,2026-07-09T11:24:04.747661
Souvenir AK-47 | Emerald Pinstripe (Field-Tested),Souvenir AK-47 | Emerald Pinstripe (Field-Tested),Field-Tested,https://steamcommunity.com/market/listings/730/Souvenir%20AK-47%20%7C%20Emerald%20Pinstripe%20%28Field-Tested%29,114.04,1,2026-07-09T11:24:04.747757
Souvenir AK-47 | Emerald Pinstripe (Well-Worn),Souvenir AK-47 | Emerald Pinstripe (Well-Worn),Well-Worn,https://steamcommunity.com/market/listings/730/Souvenir%20AK-47%20%7C%20Emerald%20Pinstripe%20%28Well-Worn%29,63.49,2,2026-07-09T11:24:04.747851
Souvenir AK-47 | Frontside Misty (Field-Tested),Souvenir AK-47 | Frontside Misty (Field-Tested),Field-Tested,https://steamcommunity.com/market/listings/730/Souvenir%20AK-47%20%7C%20Frontside%20Misty%20%28Field-Tested%29,112.27,2,2026-07-09T11:24:06.598138
Souvenir AK-47 | Frontside Misty (Minimal Wear),Souvenir AK-47 | Frontside Misty (Minimal Wear),Minimal Wear,https://steamcommunity.com/market/listings/730/Souvenir%20AK-47%20%7C%20Frontside%20Misty%20%28Minimal%20Wear%29,787.91,3,2026-07-09T11:24:06.598244
Souvenir AK-47 | Fuel Injector (Battle-Scarred),Souvenir AK-47 | Fuel Injector (Battle-Scarred),Battle-Scarred,https://steamcommunity.com/market/listings/730/Souvenir%20AK-47%20%7C%20Fuel%20Injector%20%28Battle-Scarred%29,327.19,1,2026-07-09T11:24:06.598349
Souvenir AK-47 | Fuel Injector (Field-Tested),Souvenir AK-47 | Fuel Injector (Field-Tested),Field-Tested,https://steamcommunity.com/market/listings/730/Souvenir%20AK-47%20%7C%20Fuel%20Injector%20%28Field-Tested%29,375.18,2,2026-07-09T11:24:06.598464
Souvenir AK-47 | Fuel Injector (Minimal Wear),Souvenir AK-47 | Fuel Injector (Minimal Wear),Minimal Wear,https://steamcommunity.com/market/listings/730/Souvenir%20AK-47%20%7C%20Fuel%20Injector%20%28Minimal%20Wear%29,588.04,1,2026-07-09T11:24:06.598514
Souvenir AK-47 | Gold Arabesque (Battle-Scarred),Souvenir AK-47 | Gold Arabesque (Battle-Scarred),Battle-Scarred,https://steamcommunity.com/market/listings/730/Souvenir%20AK-47%20%7C%20Gold%20Arabesque%20%28Battle-Scarred%29,1751.19,1,2026-07-09T11:24:06.598557
Souvenir AK-47 | Green Laminate (Factory New),Souvenir AK-47 | Green Laminate (Factory New),Factory New,https://steamcommunity.com/market/listings/730/Souvenir%20AK-47%20%7C%20Green%20Laminate%20%28Factory%20New%29,47.75,28,2026-07-09T11:24:06.598602
Souvenir AK-47 | Green Laminate (Field-Tested),Souvenir AK-47 | Green Laminate (Field-Tested),Field-Tested,https://steamcommunity.com/market/listings/730/Souvenir%20AK-47%20%7C%20Green%20Laminate%20%28Field-Tested%29,22.9,36,2026-07-09T11:24:06.598645
Souvenir AK-47 | Green Laminate (Minimal Wear),Souvenir AK-47 | Green Laminate (Minimal Wear),Minimal Wear,https://steamcommunity.com/market/listings/730/Souvenir%20AK-47%20%7C%20Green%20Laminate%20%28Minimal%20Wear%29,26.05,15,2026-07-09T11:24:06.598685
Souvenir AK-47 | Green Laminate (Well-Worn),Souvenir AK-47 | Green Laminate (Well-Worn),Well-Worn,https://steamcommunity.com/market/listings/730/Souvenir%20AK-47%20%7C%20Green%20Laminate%20%28Well-Worn%29,28.59,12,2026-07-09T11:24:06.598724
Souvenir AK-47 | Head Shot (Field-Tested),Souvenir AK-47 | Head Shot (Field-Tested),Field-Tested,https://steamcommunity.com/market/listings/730/Souvenir%20AK-47%20%7C%20Head%20Shot%20%28Field-Tested%29,1571.62,1,2026-07-09T11:24:08.526917
Souvenir AK-47 | Head Shot (Well-Worn),Souvenir AK-47 | Head Shot (Well-Worn),Well-Worn,https://steamcommunity.com/market/listings/730/Souvenir%20AK-47%20%7C%20Head%20Shot%20%28Well-Worn%29,1649.04,1,2026-07-09T11:24:08.526964
Souvenir AK-47 | Ice Coaled (Factory New),Souvenir AK-47 | Ice Coaled (Factory New),Factory New,https://steamcommunity.com/market/listings/730/Souvenir%20AK-47%20%7C%20Ice%20Coaled%20%28Factory%20New%29,129.09,1,2026-07-09T11:24:08.527006
Souvenir AK-47 | Ice Coaled (Field-Tested),Souvenir AK-47 | Ice Coaled (Field-Tested),Field-Tested,https://steamcommunity.com/market/listings/730/Souvenir%20AK-47%20%7C%20Ice%20Coaled%20%28Field-Tested%29,49.73,1,2026-07-09T11:24:08.527047
Souvenir AK-47 | Ice Coaled (Minimal Wear),Souvenir AK-47 | Ice Coaled (Minimal Wear),Minimal Wear,https://steamcommunity.com/market/listings/730/Souvenir%20AK-47%20%7C%20Ice%20Coaled%20%28Minimal%20Wear%29,67.73,1,2026-07-09T11:24:08.527086
Souvenir AK-47 | Inheritance (Battle-Scarred),Souvenir AK-47 | Inheritance (Battle-Scarred),Battle-Scarred,https://steamcommunity.com/market/listings/730/Souvenir%20AK-47%20%7C%20Inheritance%20%28Battle-Scarred%29,76.72,1,2026-07-09T11:24:08.527126
Souvenir AK-47 | Inheritance (Factory New),Souvenir AK-47 | Inheritance (Factory New),Factory New,https://steamcommunity.com/market/listings/730/Souvenir%20AK-47%20%7C%20Inheritance%20%28Factory%20New%29,740.77,4,2026-07-09T11:24:08.527165
Souvenir AK-47 | Inheritance (Field-Tested),Souvenir AK-47 | Inheritance (Field-Tested),Field-Tested,https://steamcommunity.com/market/listings/730/Souvenir%20AK-47%20%7C%20Inheritance%20%28Field-Tested%29,157.04,2,2026-07-09T11:24:08.527205
Souvenir AK-47 | Inheritance (Minimal Wear),Souvenir AK-47 | Inheritance (Minimal Wear),Minimal Wear,https://steamcommunity.com/market/listings/730/Souvenir%20AK-47%20%7C%20Inheritance%20%28Minimal%20Wear%29,423.93,4,2026-07-09T11:24:08.527244
Souvenir AK-47 | Inheritance (Well-Worn),Souvenir AK-47 | Inheritance (Well-Worn),Well-Worn,https://steamcommunity.com/market/listings/730/Souvenir%20AK-47%20%7C%20Inheritance%20%28Well-Worn%29,258.19,1,2026-07-09T11:24:08.527284
Souvenir AK-47 | Jaguar (Field-Tested),Souvenir AK-47 | Jaguar (Field-Tested),Field-Tested,https://steamcommunity.com/market/listings/730/Souvenir%20AK-47%20%7C%20Jaguar%20%28Field-Tested%29,224.5,1,2026-07-09T11:24:10.390641
Souvenir AK-47 | Jungle Spray (Factory New),Souvenir AK-47 | Jungle Spray (Factory New),Factory New,https://steamcommunity.com/market/listings/730/Souvenir%20AK-47%20%7C%20Jungle%20Spray%20%28Factory%20New%29,279.5,1,2026-07-09T11:24:10.390749
Souvenir AK-47 | Jungle Spray (Field-Tested),Souvenir AK-47 | Jungle Spray (Field-Tested),Field-Tested,https://steamcommunity.com/market/listings/730/Souvenir%20AK-47%20%7C%20Jungle%20Spray%20%28Field-Tested%29,136.77,2,2026-07-09T11:24:10.390839
Souvenir AK-47 | Jungle Spray (Minimal Wear),Souvenir AK-47 | Jungle Spray (Minimal Wear),Minimal Wear,https://steamcommunity.com/market/listings/730/Souvenir%20AK-47%20%7C%20Jungle%20Spray%20%28Minimal%20Wear%29,146.64,1,2026-07-09T11:24:10.390927
Souvenir AK-47 | Legion of Anubis (Factory New),Souvenir AK-47 | Legion of Anubis (Factory New),Factory New,https://steamcommunity.com/market/listings/730/Souvenir%20AK-47%20%7C%20Legion%20of%20Anubis%20%28Factory%20New%29,2042.7,1,2026-07-09T11:24:10.391014
Souvenir AK-47 | Legion of Anubis (Field-Tested),Souvenir AK-47 | Legion of Anubis (Field-Tested),Field-Tested,https://steamcommunity.com/market/listings/730/Souvenir%20AK-47%20%7C%20Legion%20of%20Anubis%20%28Field-Tested%29,392.62,1,2026-07-09T11:24:10.391101
Souvenir AK-47 | Legion of Anubis (Minimal Wear),Souvenir AK-47 | Legion of Anubis (Minimal Wear),Minimal Wear,https://steamcommunity.com/market/listings/730/Souvenir%20AK-47%20%7C%20Legion%20of%20Anubis%20%28Minimal%20Wear%29,719.82,1,2026-07-09T11:24:10.391186
Souvenir AK-47 | Midnight Laminate (Factory New),Souvenir AK-47 | Midnight Laminate (Factory New),Factory New,https://steamcommunity.com/market/listings/730/Souvenir%20AK-47%20%7C%20Midnight%20Laminate%20%28Factory%20New%29,105.38,7,2026-07-09T11:24:10.391271
Souvenir AK-47 | Midnight Laminate (Field-Tested),Souvenir AK-47 | Midnight Laminate (Field-Tested),Field-Tested,https://steamcommunity.com/market/listings/730/Souvenir%20AK-47%20%7C%20Midnight%20Laminate%20%28Field-Tested%29,43.88,7,2026-07-09T11:24:10.391360
Souvenir AK-47 | Midnight Laminate (Minimal Wear),Souvenir AK-47 | Midnight Laminate (Minimal Wear),Minimal Wear,https://steamcommunity.com/market/listings/730/Souvenir%20AK-47%20%7C%20Midnight%20Laminate%20%28Minimal%20Wear%29,91.73,4,2026-07-09T11:24:10.391446
Souvenir AK-47 | Neon Rider (Field-Tested),Souvenir AK-47 | Neon Rider (Field-Tested),Field-Tested,https://steamcommunity.com/market/listings/730/Souvenir%20AK-47%20%7C%20Neon%20Rider%20%28Field-Tested%29,128.25,1,2026-07-09T11:24:12.318969
Souvenir AK-47 | Nightwish (Field-Tested),Souvenir AK-47 | Nightwish (Field-Tested),Field-Tested,https://steamcommunity.com/market/listings/730/Souvenir%20AK-47%20%7C%20Nightwish%20%28Field-Tested%29,449.03,1,2026-07-09T11:24:12.319098
Souvenir AK-47 | Nightwish (Minimal Wear),Souvenir AK-47 | Nightwish (Minimal Wear),Minimal Wear,https://steamcommunity.com/market/listings/730/Souvenir%20AK-47%20%7C%20Nightwish%20%28Minimal%20Wear%29,1778.3,1,2026-07-09T11:24:12.319209
Souvenir AK-47 | Nightwish (Well-Worn),Souvenir AK-47 | Nightwish (Well-Worn),Well-Worn,https://steamcommunity.com/market/listings/730/Souvenir%20AK-47%20%7C%20Nightwish%20%28Well-Worn%29,916.13,1,2026-07-09T11:24:12.319315
Souvenir AK-47 | Nouveau Rouge (Factory New),Souvenir AK-47 | Nouveau Rouge (Factory New),Factory New,https://steamcommunity.com/market/listings/730/Souvenir%20AK-47%20%7C%20Nouveau%20Rouge%20%28Factory%20New%29,397.79,2,2026-07-09T11:24:12.319418
Souvenir AK-47 | Nouveau Rouge (Field-Tested),Souvenir AK-47 | Nouveau Rouge (Field-Tested),Field-Tested,https://steamcommunity.com/market/listings/730/Souvenir%20AK-47%20%7C%20Nouveau%20Rouge%20%28Field-Tested%29,425.79,3,2026-07-09T11:24:12.319531
Souvenir AK-47 | Nouveau Rouge (Minimal Wear),Souvenir AK-47 | Nouveau Rouge (Minimal Wear),Minimal Wear,https://steamcommunity.com/market/listings/730/Souvenir%20AK-47%20%7C%20Nouveau%20Rouge%20%28Minimal%20Wear%29,165.02,5,2026-07-09T11:24:12.319647
Souvenir AK-47 | Nouveau Rouge (Well-Worn),Souvenir AK-47 | Nouveau Rouge (Well-Worn),Well-Worn,https://steamcommunity.com/market/listings/730/Souvenir%20AK-47%20%7C%20Nouveau%20Rouge%20%28Well-Worn%29,393.18,1,2026-07-09T11:24:12.319753
Souvenir AK-47 | Olive Polycam (Battle-Scarred),Souvenir AK-47 | Olive Polycam (Battle-Scarred),Battle-Scarred,https://steamcommunity.com/market/listings/730/Souvenir%20AK-47%20%7C%20Olive%20Polycam%20%28Battle-Scarred%29,21.53,2,2026-07-09T11:24:12.319856
Souvenir AK-47 | Olive Polycam (Factory New),Souvenir AK-47 | Olive Polycam (Factory New),Factory New,https://steamcommunity.com/market/listings/730/Souvenir%20AK-47%20%7C%20Olive%20Polycam%20%28Factory%20New%29,9.62,35,2026-07-09T11:24:12.319958
Souvenir AK-47 | Olive Polycam (Field-Tested),Souvenir AK-47 | Olive Polycam (Field-Tested),Field-Tested,https://steamcommunity.com/market/listings/730/Souvenir%20AK-47%20%7C%20Olive%20Polycam%20%28Field-Tested%29,11.56,5,2026-07-09T11:24:14.187443
Souvenir AK-47 | Olive Polycam (Minimal Wear),Souvenir AK-47 | Olive Polycam (Minimal Wear),Minimal Wear,https://steamcommunity.com/market/listings/730/Souvenir%20AK-47%20%7C%20Olive%20Polycam%20%28Minimal%20Wear%29,10.13,8,2026-07-09T11:24:14.187544
Souvenir AK-47 | Orbit Mk01 (Battle-Scarred),Souvenir AK-47 | Orbit Mk01 (Battle-Scarred),Battle-Scarred,https://steamcommunity.com/market/listings/730/Souvenir%20AK-47%20%7C%20Orbit%20Mk01%20%28Battle-Scarred%29,179.59,1,2026-07-09T11:24:14.187635
Souvenir AK-47 | Orbit Mk01 (Field-Tested),Souvenir AK-47 | Orbit Mk01 (Field-Tested),Field-Tested,https://steamcommunity.com/market/listings/730/Souvenir%20AK-47%20%7C%20Orbit%20Mk01%20%28Field-Tested%29,222.0,1,2026-07-09T11:24:14.187723
Souvenir AK-47 | Panthera onca (Battle-Scarred),Souvenir AK-47 | Panthera onca (Battle-Scarred),Battle-Scarred,https://steamcommunity.com/market/listings/730/Souvenir%20AK-47%20%7C%20Panthera%20onca%20%28Battle-Scarred%29,176.68,10,2026-07-09T11:24:14.187815
Souvenir AK-47 | Panthera onca (Field-Tested),Souvenir AK-47 | Panthera onca (Field-Tested),Field-Tested,https://steamcommunity.com/market/listings/730/Souvenir%20AK-47%20%7C%20Panthera%20onca%20%28Field-Tested%29,222.0,13,2026-07-09T11:24:14.187902
Souvenir AK-47 | Panthera onca (Minimal Wear),Souvenir AK-47 | Panthera onca (Minimal Wear),Minimal Wear,https://steamcommunity.com/market/listings/730/Souvenir%20AK-47%20%7C%20Panthera%20onca%20%28Minimal%20Wear%29,354.0,7,2026-07-09T11:24:14.187988
Souvenir AK-47 | Panthera onca (Well-Worn),Souvenir AK-47 | Panthera onca (Well-Worn),Well-Worn,https://steamcommunity.com/market/listings/730/Souvenir%20AK-47%20%7C%20Panthera%20onca%20%28Well-Worn%29,175.0,6,2026-07-09T11:24:14.188074
Souvenir AK-47 | Point Disarray (Factory New),Souvenir AK-47 | Point Disarray (Factory New),Factory New,https://steamcommunity.com/market/listings/730/Souvenir%20AK-47%20%7C%20Point%20Disarray%20%28Factory%20New%29,458.05,1,2026-07-09T11:24:14.188158
Souvenir AK-47 | Redline (Field-Tested),Souvenir AK-47 | Redline (Field-Tested),Field-Tested,https://steamcommunity.com/market/listings/730/Souvenir%20AK-47%20%7C%20Redline%20%28Field-Tested%29,350.0,4,2026-07-09T11:24:14.188244
Souvenir AK-47 | Redline (Minimal Wear),Souvenir AK-47 | Redline (Minimal Wear),Minimal Wear,https://steamcommunity.com/market/listings/730/Souvenir%20AK-47%20%7C%20Redline%20%28Minimal%20Wear%29,978.5,1,2026-07-09T11:24:16.103039
Souvenir AK-47 | Safari Mesh (Battle-Scarred),Souvenir AK-47 | Safari Mesh (Battle-Scarred),Battle-Scarred,https://steamcommunity.com/market/listings/730/Souvenir%20AK-47%20%7C%20Safari%20Mesh%20%28Battle-Scarred%29,5.7,39,2026-07-09T11:24:16.103116
Souvenir AK-47 | Safari Mesh (Factory New),Souvenir AK-47 | Safari Mesh (Factory New),Factory New,https://steamcommunity.com/market/listings/730/Souvenir%20AK-47%20%7C%20Safari%20Mesh%20%28Factory%20New%29,25.0,12,2026-07-09T11:24:16.103206
Souvenir AK-47 | Safari Mesh (Field-Tested),Souvenir AK-47 | Safari Mesh (Field-Tested),Field-Tested,https://steamcommunity.com/market/listings/730/Souvenir%20AK-47%20%7C%20Safari%20Mesh%20%28Field-Tested%29,4.28,232,2026-07-09T11:24:16.103294
Souvenir AK-47 | Safari Mesh (Minimal Wear),Souvenir AK-47 | Safari Mesh (Minimal Wear),Minimal Wear,https://steamcommunity.com/market/listings/730/Souvenir%20AK-47%20%7C%20Safari%20Mesh%20%28Minimal%20Wear%29,5.81,76,2026-07-09T11:24:16.103381
Souvenir AK-47 | Safari Mesh (Well-Worn),Souvenir AK-47 | Safari Mesh (Well-Worn),Well-Worn,https://steamcommunity.com/market/listings/730/Souvenir%20AK-47%20%7C%20Safari%20Mesh%20%28Well-Worn%29,5.56,30,2026-07-09T11:24:16.103478
Souvenir AK-47 | Safety Net (Battle-Scarred),Souvenir AK-47 | Safety Net (Battle-Scarred),Battle-Scarred,https://steamcommunity.com/market/listings/730/Souvenir%20AK-47%20%7C%20Safety%20Net%20%28Battle-Scarred%29,21.17,13,2026-07-09T11:24:16.103566
Souvenir AK-47 | Safety Net (Factory New),Souvenir AK-47 | Safety Net (Factory New),Factory New,https://steamcommunity.com/market/listings/730/Souvenir%20AK-47%20%7C%20Safety%20Net%20%28Factory%20New%29,71.96,18,2026-07-09T11:24:16.103660
Souvenir AK-47 | Safety Net (Field-Tested),Souvenir AK-47 | Safety Net (Field-Tested),Field-Tested,https://steamcommunity.com/market/listings/730/Souvenir%20AK-47%20%7C%20Safety%20Net%20%28Field-Tested%29,21.93,28,2026-07-09T11:24:16.103748
Souvenir AK-47 | Safety Net (Minimal Wear),Souvenir AK-47 | Safety Net (Minimal Wear),Minimal Wear,https://steamcommunity.com/market/listings/730/Souvenir%20AK-47%20%7C%20Safety%20Net%20%28Minimal%20Wear%29,26.4,22,2026-07-09T11:24:16.103850
Souvenir AK-47 | Safety Net (Well-Worn),Souvenir AK-47 | Safety Net (Well-Worn),Well-Worn,https://steamcommunity.com/market/listings/730/Souvenir%20AK-47%20%7C%20Safety%20Net%20%28Well-Worn%29,28.53,6,2026-07-09T11:24:17.988637
Souvenir AK-47 | Searing Rage (Factory New),Souvenir AK-47 | Searing Rage (Factory New),Factory New,https://steamcommunity.com/market/listings/730/Souvenir%20AK-47%20%7C%20Searing%20Rage%20%28Factory%20New%29,152.66,1,2026-07-09T11:24:17.988731
Souvenir AK-47 | Searing Rage (Field-Tested),Souvenir AK-47 | Searing Rage (Field-Tested),Field-Tested,https://steamcommunity.com/market/listings/730/Souvenir%20AK-47%20%7C%20Searing%20Rage%20%28Field-Tested%29,122.72,1,2026-07-09T11:24:17.988815
Souvenir AK-47 | Searing Rage (Minimal Wear),Souvenir AK-47 | Searing Rage (Minimal Wear),Minimal Wear,https://steamcommunity.com/market/listings/730/Souvenir%20AK-47%20%7C%20Searing%20Rage%20%28Minimal%20Wear%29,230.0,1,2026-07-09T11:24:17.988891
Souvenir AK-47 | Slate (Battle-Scarred),Souvenir AK-47 | Slate (Battle-Scarred),Battle-Scarred,https://steamcommunity.com/market/listings/730/Souvenir%20AK-47%20%7C%20Slate%20%28Battle-Scarred%29,60.0,1,2026-07-09T11:24:17.988968
Souvenir AK-47 | Slate (Factory New),Souvenir AK-47 | Slate (Factory New),Factory New,https://steamcommunity.com/market/listings/730/Souvenir%20AK-47%20%7C%20Slate%20%28Factory%20New%29,53.88,14,2026-07-09T11:24:17.989043
Souvenir AK-47 | Slate (Field-Tested),Souvenir AK-47 | Slate (Field-Tested),Field-Tested,https://steamcommunity.com/market/listings/730/Souvenir%20AK-47%20%7C%20Slate%20%28Field-Tested%29,38.82,6,2026-07-09T11:24:17.989118
Souvenir AK-47 | Slate (Minimal Wear),Souvenir AK-47 | Slate (Minimal Wear),Minimal Wear,https://steamcommunity.com/market/listings/730/Souvenir%20AK-47%20%7C%20Slate%20%28Minimal%20Wear%29,51.75,11,2026-07-09T11:24:17.989194
Souvenir AK-47 | Slate (Well-Worn),Souvenir AK-47 | Slate (Well-Worn),Well-Worn,https://steamcommunity.com/market/listings/730/Souvenir%20AK-47%20%7C%20Slate%20%28Well-Worn%29,30.42,3,2026-07-09T11:24:17.989271
Souvenir AK-47 | Steel Delta (Battle-Scarred),Souvenir AK-47 | Steel Delta (Battle-Scarred),Battle-Scarred,https://steamcommunity.com/market/listings/730/Souvenir%20AK-47%20%7C%20Steel%20Delta%20%28Battle-Scarred%29,5.63,47,2026-07-09T11:24:17.989350
Souvenir AK-47 | Steel Delta (Factory New),Souvenir AK-47 | Steel Delta (Factory New),Factory New,https://steamcommunity.com/market/listings/730/Souvenir%20AK-47%20%7C%20Steel%20Delta%20%28Factory%20New%29,24.07,33,2026-07-09T11:24:19.996045
Souvenir AK-47 | Steel Delta (Field-Tested),Souvenir AK-47 | Steel Delta (Field-Tested),Field-Tested,https://steamcommunity.com/market/listings/730/Souvenir%20AK-47%20%7C%20Steel%20Delta%20%28Field-Tested%29,3.94,94,2026-07-09T11:24:19.996120
Souvenir AK-47 | Steel Delta (Minimal Wear),Souvenir AK-47 | Steel Delta (Minimal Wear),Minimal Wear,https://steamcommunity.com/market/listings/730/Souvenir%20AK-47%20%7C%20Steel%20Delta%20%28Minimal%20Wear%29,6.55,47,2026-07-09T11:24:19.996184
Souvenir AK-47 | Steel Delta (Well-Worn),Souvenir AK-47 | Steel Delta (Well-Worn),Well-Worn,https://steamcommunity.com/market/listings/730/Souvenir%20AK-47%20%7C%20Steel%20Delta%20%28Well-Worn%29,7.49,19,2026-07-09T11:24:19.996245
Souvenir AK-47 | The Oligarch (Battle-Scarred),Souvenir AK-47 | The Oligarch (Battle-Scarred),Battle-Scarred,https://steamcommunity.com/market/listings/730/Souvenir%20AK-47%20%7C%20The%20Oligarch%20%28Battle-Scarred%29,275.0,1,2026-07-09T11:24:19.996306
Souvenir AK-47 | The Oligarch (Field-Tested),Souvenir AK-47 | The Oligarch (Field-Tested),Field-Tested,https://steamcommunity.com/market/listings/730/Souvenir%20AK-47%20%7C%20The%20Oligarch%20%28Field-Tested%29,216.54,6,2026-07-09T11:24:19.996366
Souvenir AK-47 | The Oligarch (Minimal Wear),Souvenir AK-47 | The Oligarch (Minimal Wear),Minimal Wear,https://steamcommunity.com/market/listings/730/Souvenir%20AK-47%20%7C%20The%20Oligarch%20%28Minimal%20Wear%29,558.05,4,2026-07-09T11:24:19.996426
Souvenir AK-47 | The Outsiders (Minimal Wear),Souvenir AK-47 | The Outsiders (Minimal Wear),Minimal Wear,https://steamcommunity.com/market/listings/730/Souvenir%20AK-47%20%7C%20The%20Outsiders%20%28Minimal%20Wear%29,506.41,1,2026-07-09T11:24:19.996485
Souvenir AK-47 | Uncharted (Factory New),Souvenir AK-47 | Uncharted (Factory New),Factory New,https://steamcommunity.com/market/listings/730/Souvenir%20AK-47%20%7C%20Uncharted%20%28Factory%20New%29,793.59,1,2026-07-09T11:24:19.996547
Souvenir AK-47 | Uncharted (Field-Tested),Souvenir AK-47 | Uncharted (Field-Tested),Field-Tested,https://steamcommunity.com/market/listings/730/Souvenir%20AK-47%20%7C%20Uncharted%20%28Field-Tested%29,26.17,1,2026-07-09T11:24:19.996609
Souvenir AK-47 | Uncharted (Minimal Wear),Souvenir AK-47 | Uncharted (Minimal Wear),Minimal Wear,https://steamcommunity.com/market/listings/730/Souvenir%20AK-47%20%7C%20Uncharted%20%28Minimal%20Wear%29,79.78,2,2026-07-09T11:24:21.854960
Souvenir AK-47 | VariCamo Grey (Factory New),Souvenir AK-47 | VariCamo Grey (Factory New),Factory New,https://steamcommunity.com/market/listings/730/Souvenir%20AK-47%20%7C%20VariCamo%20Grey%20%28Factory%20New%29,6.29,18,2026-07-09T11:24:21.855066
Souvenir AK-47 | VariCamo Grey (Field-Tested),Souvenir AK-47 | VariCamo Grey (Field-Tested),Field-Tested,https://steamcommunity.com/market/listings/730/Souvenir%20AK-47%20%7C%20VariCamo%20Grey%20%28Field-Tested%29,6.4,16,2026-07-09T11:24:21.855157
Souvenir AK-47 | VariCamo Grey (Minimal Wear),Souvenir AK-47 | VariCamo Grey (Minimal Wear),Minimal Wear,https://steamcommunity.com/market/listings/730/Souvenir%20AK-47%20%7C%20VariCamo%20Grey%20%28Minimal%20Wear%29,5.7,12,2026-07-09T11:24:21.855249
Souvenir AK-47 | VariCamo Grey (Well-Worn),Souvenir AK-47 | VariCamo Grey (Well-Worn),Well-Worn,https://steamcommunity.com/market/listings/730/Souvenir%20AK-47%20%7C%20VariCamo%20Grey%20%28Well-Worn%29,97.92,1,2026-07-09T11:24:21.855337
Souvenir AK-47 | Vulcan (Battle-Scarred),Souvenir AK-47 | Vulcan (Battle-Scarred),Battle-Scarred,https://steamcommunity.com/market/listings/730/Souvenir%20AK-47%20%7C%20Vulcan%20%28Battle-Scarred%29,523.51,1,2026-07-09T11:24:21.855426
Souvenir AK-47 | Wasteland Rebel (Minimal Wear),Souvenir AK-47 | Wasteland Rebel (Minimal Wear),Minimal Wear,https://steamcommunity.com/market/listings/730/Souvenir%20AK-47%20%7C%20Wasteland%20Rebel%20%28Minimal%20Wear%29,1322.66,1,2026-07-09T11:24:21.855523
Souvenir AK-47 | Wintergreen (Battle-Scarred),Souvenir AK-47 | Wintergreen (Battle-Scarred),Battle-Scarred,https://steamcommunity.com/market/listings/730/Souvenir%20AK-47%20%7C%20Wintergreen%20%28Battle-Scarred%29,641.29,2,2026-07-09T11:24:21.855611
Souvenir AK-47 | Wintergreen (Factory New),Souvenir AK-47 | Wintergreen (Factory New),Factory New,https://steamcommunity.com/market/listings/730/Souvenir%20AK-47%20%7C%20Wintergreen%20%28Factory%20New%29,48.95,16,2026-07-09T11:24:21.855698
Souvenir AK-47 | Wintergreen (Field-Tested),Souvenir AK-47 | Wintergreen (Field-Tested),Field-Tested,https://steamcommunity.com/market/listings/730/Souvenir%20AK-47%20%7C%20Wintergreen%20%28Field-Tested%29,13.59,6,2026-07-09T11:24:21.855798
Souvenir AK-47 | Wintergreen (Minimal Wear),Souvenir AK-47 | Wintergreen (Minimal Wear),Minimal Wear,https://steamcommunity.com/market/listings/730/Souvenir%20AK-47%20%7C%20Wintergreen%20%28Minimal%20Wear%29,25.09,11,2026-07-09T11:24:23.894022
StatTrak™ AK-47 | Aquamarine Revenge (Battle-Scarred),StatTrak™ AK-47 | Aquamarine Revenge (Battle-Scarred),Battle-Scarred,https://steamcommunity.com/market/listings/730/StatTrak%E2%84%A2%20AK-47%20%7C%20Aquamarine%20Revenge%20%28Battle-Scarred%29,74.52,14,2026-07-09T11:24:23.894133
StatTrak™ AK-47 | Aquamarine Revenge (Factory New),StatTrak™ AK-47 | Aquamarine Revenge (Factory New),Factory New,https://steamcommunity.com/market/listings/730/StatTrak%E2%84%A2%20AK-47%20%7C%20Aquamarine%20Revenge%20%28Factory%20New%29,450.0,8,2026-07-09T11:24:23.894225
StatTrak™ AK-47 | Aquamarine Revenge (Field-Tested),StatTrak™ AK-47 | Aquamarine Revenge (Field-Tested),Field-Tested,https://steamcommunity.com/market/listings/730/StatTrak%E2%84%A2%20AK-47%20%7C%20Aquamarine%20Revenge%20%28Field-Tested%29,123.0,20,2026-07-09T11:24:23.894317
StatTrak™ AK-47 | Aquamarine Revenge (Minimal Wear),StatTrak™ AK-47 | Aquamarine Revenge (Minimal Wear),Minimal Wear,https://steamcommunity.com/market/listings/730/StatTrak%E2%84%A2%20AK-47%20%7C%20Aquamarine%20Revenge%20%28Minimal%20Wear%29,244.54,11,2026-07-09T11:24:23.894403
StatTrak™ AK-47 | Aquamarine Revenge (Well-Worn),StatTrak™ AK-47 | Aquamarine Revenge (Well-Worn),Well-Worn,https://steamcommunity.com/market/listings/730/StatTrak%E2%84%A2%20AK-47%20%7C%20Aquamarine%20Revenge%20%28Well-Worn%29,84.0,12,2026-07-09T11:24:23.894488
StatTrak™ AK-47 | Asiimov (Battle-Scarred),StatTrak™ AK-47 | Asiimov (Battle-Scarred),Battle-Scarred,https://steamcommunity.com/market/listings/730/StatTrak%E2%84%A2%20AK-47%20%7C%20Asiimov%20%28Battle-Scarred%29,96.32,11,2026-07-09T11:24:23.894574
StatTrak™ AK-47 | Asiimov (Factory New),StatTrak™ AK-47 | Asiimov (Factory New),Factory New,https://steamcommunity.com/market/listings/730/StatTrak%E2%84%A2%20AK-47%20%7C%20Asiimov%20%28Factory%20New%29,834.46,3,2026-07-09T11:24:23.894662
StatTrak™ AK-47 | Asiimov (Field-Tested),StatTrak™ AK-47 | Asiimov (Field-Tested),Field-Tested,https://steamcommunity.com/market/listings/730/StatTrak%E2%84%A2%20AK-47%20%7C%20Asiimov%20%28Field-Tested%29,88.98,40,2026-07-09T11:24:23.894748
StatTrak™ AK-47 | Asiimov (Minimal Wear),StatTrak™ AK-47 | Asiimov (Minimal Wear),Minimal Wear,https://steamcommunity.com/market/listings/730/StatTrak%E2%84%A2%20AK-47%20%7C%20Asiimov%20%28Minimal%20Wear%29,170.37,31,2026-07-09T11:24:23.894834
StatTrak™ AK-47 | Asiimov (Well-Worn),StatTrak™ AK-47 | Asiimov (Well-Worn),Well-Worn,https://steamcommunity.com/market/listings/730/StatTrak%E2%84%A2%20AK-47%20%7C%20Asiimov%20%28Well-Worn%29,111.37,11,2026-07-09T11:24:25.763477
StatTrak™ AK-47 | Bloodsport (Factory New),StatTrak™ AK-47 | Bloodsport (Factory New),Factory New,https://steamcommunity.com/market/listings/730/StatTrak%E2%84%A2%20AK-47%20%7C%20Bloodsport%20%28Factory%20New%29,563.93,16,2026-07-09T11:24:25.763570
StatTrak™ AK-47 | Bloodsport (Field-Tested),StatTrak™ AK-47 | Bloodsport (Field-Tested),Field-Tested,https://steamcommunity.com/market/listings/730/StatTrak%E2%84%A2%20AK-47%20%7C%20Bloodsport%20%28Field-Tested%29,392.84,3,2026-07-09T11:24:25.763648
StatTrak™ AK-47 | Bloodsport (Minimal Wear),StatTrak™ AK-47 | Bloodsport (Minimal Wear),Minimal Wear,https://steamcommunity.com/market/listings/730/StatTrak%E2%84%A2%20AK-47%20%7C%20Bloodsport%20%28Minimal%20Wear%29,450.0,5,2026-07-09T11:24:25.763731
StatTrak™ AK-47 | Bloodsport (Well-Worn),StatTrak™ AK-47 | Bloodsport (Well-Worn),Well-Worn,https://steamcommunity.com/market/listings/730/StatTrak%E2%84%A2%20AK-47%20%7C%20Bloodsport%20%28Well-Worn%29,366.45,5,2026-07-09T11:24:25.763806
StatTrak™ AK-47 | Blue Laminate (Factory New),StatTrak™ AK-47 | Blue Laminate (Factory New),Factory New,https://steamcommunity.com/market/listings/730/StatTrak%E2%84%A2%20AK-47%20%7C%20Blue%20Laminate%20%28Factory%20New%29,74.35,52,2026-07-09T11:24:25.763882
StatTrak™ AK-47 | Blue Laminate (Field-Tested),StatTrak™ AK-47 | Blue Laminate (Field-Tested),Field-Tested,https://steamcommunity.com/market/listings/730/StatTrak%E2%84%A2%20AK-47%20%7C%20Blue%20Laminate%20%28Field-Tested%29,44.7,96,2026-07-09T11:24:25.763958
StatTrak™ AK-47 | Blue Laminate (Minimal Wear),StatTrak™ AK-47 | Blue Laminate (Minimal Wear),Minimal Wear,https://steamcommunity.com/market/listings/730/StatTrak%E2%84%A2%20AK-47%20%7C%20Blue%20Laminate%20%28Minimal%20Wear%29,49.01,87,2026-07-09T11:24:25.764038
StatTrak™ AK-47 | Blue Laminate (Well-Worn),StatTrak™ AK-47 | Blue Laminate (Well-Worn),Well-Worn,https://steamcommunity.com/market/listings/730/StatTrak%E2%84%A2%20AK-47%20%7C%20Blue%20Laminate%20%28Well-Worn%29,73.95,5,2026-07-09T11:24:25.764112
StatTrak™ AK-47 | Cartel (Battle-Scarred),StatTrak™ AK-47 | Cartel (Battle-Scarred),Battle-Scarred,https://steamcommunity.com/market/listings/730/StatTrak%E2%84%A2%20AK-47%20%7C%20Cartel%20%28Battle-Scarred%29,60.99,12,2026-07-09T11:24:25.764187
StatTrak™ AK-47 | Cartel (Factory New),StatTrak™ AK-47 | Cartel (Factory New),Factory New,https://steamcommunity.com/market/listings/730/StatTrak%E2%84%A2%20AK-47%20%7C%20Cartel%20%28Factory%20New%29,144.74,26,2026-07-09T11:24:27.678076
StatTrak™ AK-47 | Cartel (Field-Tested),StatTrak™ AK-47 | Cartel (Field-Tested),Field-Tested,https://steamcommunity.com/market/listings/730/StatTrak%E2%84%A2%20AK-47%20%7C%20Cartel%20%28Field-Tested%29,61.73,37,2026-07-09T11:24:27.678171
StatTrak™ AK-47 | Cartel (Minimal Wear),StatTrak™ AK-47 | Cartel (Minimal Wear),Minimal Wear,https://steamcommunity.com/market/listings/730/StatTrak%E2%84%A2%20AK-47%20%7C%20Cartel%20%28Minimal%20Wear%29,92.93,30,2026-07-09T11:24:27.678249
StatTrak™ AK-47 | Cartel (Well-Worn),StatTrak™ AK-47 | Cartel (Well-Worn),Well-Worn,https://steamcommunity.com/market/listings/730/StatTrak%E2%84%A2%20AK-47%20%7C%20Cartel%20%28Well-Worn%29,67.24,5,2026-07-09T11:24:27.678325
StatTrak™ AK-47 | Case Hardened (Battle-Scarred),StatTrak™ AK-47 | Case Hardened (Battle-Scarred),Battle-Scarred,https://steamcommunity.com/market/listings/730/StatTrak%E2%84%A2%20AK-47%20%7C%20Case%20Hardened%20%28Battle-Scarred%29,652.58,5,2026-07-09T11:24:27.678399
StatTrak™ AK-47 | Case Hardened (Factory New),StatTrak™ AK-47 | Case Hardened (Factory New),Factory New,https://steamcommunity.com/market/listings/730/StatTrak%E2%84%A2%20AK-47%20%7C%20Case%20Hardened%20%28Factory%20New%29,1441.67,1,2026-07-09T11:24:27.678475
StatTrak™ AK-47 | Case Hardened (Field-Tested),StatTrak™ AK-47 | Case Hardened (Field-Tested),Field-Tested,https://steamcommunity.com/market/listings/730/StatTrak%E2%84%A2%20AK-47%20%7C%20Case%20Hardened%20%28Field-Tested%29,785.26,8,2026-07-09T11:24:27.678550
StatTrak™ AK-47 | Case Hardened (Minimal Wear),StatTrak™ AK-47 | Case Hardened (Minimal Wear),Minimal Wear,https://steamcommunity.com/market/listings/730/StatTrak%E2%84%A2%20AK-47%20%7C%20Case%20Hardened%20%28Minimal%20Wear%29,1052.25,4,2026-07-09T11:24:27.678623
StatTrak™ AK-47 | Case Hardened (Well-Worn),StatTrak™ AK-47 | Case Hardened (Well-Worn),Well-Worn,https://steamcommunity.com/market/listings/730/StatTrak%E2%84%A2%20AK-47%20%7C%20Case%20Hardened%20%28Well-Worn%29,655.29,8,2026-07-09T11:24:27.678708
StatTrak™ AK-47 | Crane Flight (Battle-Scarred),StatTrak™ AK-47 | Crane Flight (Battle-Scarred),Battle-Scarred,https://steamcommunity.com/market/listings/730/StatTrak%E2%84%A2%20AK-47%20%7C%20Crane%20Flight%20%28Battle-Scarred%29,28.86,61,2026-07-09T11:24:27.678781
StatTrak™ AK-47 | Crane Flight (Factory New),StatTrak™ AK-47 | Crane Flight (Factory New),Factory New,https://steamcommunity.com/market/listings/730/StatTrak%E2%84%A2%20AK-47%20%7C%20Crane%20Flight%20%28Factory%20New%29,191.07,24,2026-07-09T11:24:29.587826
StatTrak™ AK-47 | Crane Flight (Field-Tested),StatTrak™ AK-47 | Crane Flight (Field-Tested),Field-Tested,https://steamcommunity.com/market/listings/730/StatTrak%E2%84%A2%20AK-47%20%7C%20Crane%20Flight%20%28Field-Tested%29,48.44,116,2026-07-09T11:24:29.587920
StatTrak™ AK-47 | Crane Flight (Minimal Wear),StatTrak™ AK-47 | Crane Flight (Minimal Wear),Minimal Wear,https://steamcommunity.com/market/listings/730/StatTrak%E2%84%A2%20AK-47%20%7C%20Crane%20Flight%20%28Minimal%20Wear%29,85.0,72,2026-07-09T11:24:29.587998
StatTrak™ AK-47 | Crane Flight (Well-Worn),StatTrak™ AK-47 | Crane Flight (Well-Worn),Well-Worn,https://steamcommunity.com/market/listings/730/StatTrak%E2%84%A2%20AK-47%20%7C%20Crane%20Flight%20%28Well-Worn%29,31.93,65,2026-07-09T11:24:29.588074
StatTrak™ AK-47 | Elite Build (Battle-Scarred),StatTrak™ AK-47 | Elite Build (Battle-Scarred),Battle-Scarred,https://steamcommunity.com/market/listings/730/StatTrak%E2%84%A2%20AK-47%20%7C%20Elite%20Build%20%28Battle-Scarred%29,5.01,348,2026-07-09T11:24:29.588144
StatTrak™ AK-47 | Elite Build (Factory New),StatTrak™ AK-47 | Elite Build (Factory New),Factory New,https://steamcommunity.com/market/listings/730/StatTrak%E2%84%A2%20AK-47%20%7C%20Elite%20Build%20%28Factory%20New%29,41.2,92,2026-07-09T11:24:29.588218
StatTrak™ AK-47 | Elite Build (Field-Tested),StatTrak™ AK-47 | Elite Build (Field-Tested),Field-Tested,https://steamcommunity.com/market/listings/730/StatTrak%E2%84%A2%20AK-47%20%7C%20Elite%20Build%20%28Field-Tested%29,6.9,501,2026-07-09T11:24:29.588300
StatTrak™ AK-47 | Elite Build (Minimal Wear),StatTrak™ AK-47 | Elite Build (Minimal Wear),Minimal Wear,https://steamcommunity.com/market/listings/730/StatTrak%E2%84%A2%20AK-47%20%7C%20Elite%20Build%20%28Minimal%20Wear%29,12.15,363,2026-07-09T11:24:29.588371
StatTrak™ AK-47 | Elite Build (Well-Worn),StatTrak™ AK-47 | Elite Build (Well-Worn),Well-Worn,https://steamcommunity.com/market/listings/730/StatTrak%E2%84%A2%20AK-47%20%7C%20Elite%20Build%20%28Well-Worn%29,5.13,562,2026-07-09T11:24:29.588438
StatTrak™ AK-47 | Frontside Misty (Battle-Scarred),StatTrak™ AK-47 | Frontside Misty (Battle-Scarred),Battle-Scarred,https://steamcommunity.com/market/listings/730/StatTrak%E2%84%A2%20AK-47%20%7C%20Frontside%20Misty%20%28Battle-Scarred%29,41.22,32,2026-07-09T11:24:29.588504
StatTrak™ AK-47 | Frontside Misty (Factory New),StatTrak™ AK-47 | Frontside Misty (Factory New),Factory New,https://steamcommunity.com/market/listings/730/StatTrak%E2%84%A2%20AK-47%20%7C%20Frontside%20Misty%20%28Factory%20New%29,284.91,10,2026-07-09T11:24:31.488082
StatTrak™ AK-47 | Frontside Misty (Field-Tested),StatTrak™ AK-47 | Frontside Misty (Field-Tested),Field-Tested,https://steamcommunity.com/market/listings/730/StatTrak%E2%84%A2%20AK-47%20%7C%20Frontside%20Misty%20%28Field-Tested%29,46.0,77,2026-07-09T11:24:31.488191
StatTrak™ AK-47 | Frontside Misty (Minimal Wear),StatTrak™ AK-47 | Frontside Misty (Minimal Wear),Minimal Wear,https://steamcommunity.com/market/listings/730/StatTrak%E2%84%A2%20AK-47%20%7C%20Frontside%20Misty%20%28Minimal%20Wear%29,93.91,31,2026-07-09T11:24:31.488281
StatTrak™ AK-47 | Frontside Misty (Well-Worn),StatTrak™ AK-47 | Frontside Misty (Well-Worn),Well-Worn,https://steamcommunity.com/market/listings/730/StatTrak%E2%84%A2%20AK-47%20%7C%20Frontside%20Misty%20%28Well-Worn%29,41.4,18,2026-07-09T11:24:31.488370
StatTrak™ AK-47 | Fuel Injector (Battle-Scarred),StatTrak™ AK-47 | Fuel Injector (Battle-Scarred),Battle-Scarred,https://steamcommunity.com/market/listings/730/StatTrak%E2%84%A2%20AK-47%20%7C%20Fuel%20Injector%20%28Battle-Scarred%29,284.91,5,2026-07-09T11:24:31.488459
StatTrak™ AK-47 | Fuel Injector (Factory New),StatTrak™ AK-47 | Fuel Injector (Factory New),Factory New,https://steamcommunity.com/market/listings/730/StatTrak%E2%84%A2%20AK-47%20%7C%20Fuel%20Injector%20%28Factory%20New%29,1343.12,2,2026-07-09T11:24:31.488546
StatTrak™ AK-47 | Fuel Injector (Field-Tested),StatTrak™ AK-47 | Fuel Injector (Field-Tested),Field-Tested,https://steamcommunity.com/market/listings/730/StatTrak%E2%84%A2%20AK-47%20%7C%20Fuel%20Injector%20%28Field-Tested%29,522.99,11,2026-07-09T11:24:31.488632
StatTrak™ AK-47 | Fuel Injector (Minimal Wear),StatTrak™ AK-47 | Fuel Injector (Minimal Wear),Minimal Wear,https://steamcommunity.com/market/listings/730/StatTrak%E2%84%A2%20AK-47%20%7C%20Fuel%20Injector%20%28Minimal%20Wear%29,761.01,4,2026-07-09T11:24:31.488719
StatTrak™ AK-47 | Fuel Injector (Well-Worn),StatTrak™ AK-47 | Fuel Injector (Well-Worn),Well-Worn,https://steamcommunity.com/market/listings/730/StatTrak%E2%84%A2%20AK-47%20%7C%20Fuel%20Injector%20%28Well-Worn%29,398.89,7,2026-07-09T11:24:31.488806
StatTrak™ AK-47 | Head Shot (Battle-Scarred),StatTrak™ AK-47 | Head Shot (Battle-Scarred),Battle-Scarred,https://steamcommunity.com/market/listings/730/StatTrak%E2%84%A2%20AK-47%20%7C%20Head%20Shot%20%28Battle-Scarred%29,30.16,53,2026-07-09T11:24:31.488893
StatTrak™ AK-47 | Head Shot (Factory New),StatTrak™ AK-47 | Head Shot (Factory New),Factory New,https://steamcommunity.com/market/listings/730/StatTrak%E2%84%A2%20AK-47%20%7C%20Head%20Shot%20%28Factory%20New%29,161.74,27,2026-07-09T11:24:33.389734
StatTrak™ AK-47 | Head Shot (Field-Tested),StatTrak™ AK-47 | Head Shot (Field-Tested),Field-Tested,https://steamcommunity.com/market/listings/730/StatTrak%E2%84%A2%20AK-47%20%7C%20Head%20Shot%20%28Field-Tested%29,42.0,95,2026-07-09T11:24:33.389859
StatTrak™ AK-47 | Head Shot (Minimal Wear),StatTrak™ AK-47 | Head Shot (Minimal Wear),Minimal Wear,https://steamcommunity.com/market/listings/730/StatTrak%E2%84%A2%20AK-47%20%7C%20Head%20Shot%20%28Minimal%20Wear%29,63.83,68,2026-07-09T11:24:33.389958
StatTrak™ AK-47 | Head Shot (Well-Worn),StatTrak™ AK-47 | Head Shot (Well-Worn),Well-Worn,https://steamcommunity.com/market/listings/730/StatTrak%E2%84%A2%20AK-47%20%7C%20Head%20Shot%20%28Well-Worn%29,32.49,78,2026-07-09T11:24:33.390056
StatTrak™ AK-47 | Ice Coaled (Battle-Scarred),StatTrak™ AK-47 | Ice Coaled (Battle-Scarred),Battle-Scarred,https://steamcommunity.com/market/listings/730/StatTrak%E2%84%A2%20AK-47%20%7C%20Ice%20Coaled%20%28Battle-Scarred%29,12.56,97,2026-07-09T11:24:33.390158
StatTrak™ AK-47 | Ice Coaled (Factory New),StatTrak™ AK-47 | Ice Coaled (Factory New),Factory New,https://steamcommunity.com/market/listings/730/StatTrak%E2%84%A2%20AK-47%20%7C%20Ice%20Coaled%20%28Factory%20New%29,51.75,84,2026-07-09T11:24:33.390256
StatTrak™ AK-47 | Ice Coaled (Field-Tested),StatTrak™ AK-47 | Ice Coaled (Field-Tested),Field-Tested,https://steamcommunity.com/market/listings/730/StatTrak%E2%84%A2%20AK-47%20%7C%20Ice%20Coaled%20%28Field-Tested%29,12.3,287,2026-07-09T11:24:33.390361
StatTrak™ AK-47 | Ice Coaled (Minimal Wear),StatTrak™ AK-47 | Ice Coaled (Minimal Wear),Minimal Wear,https://steamcommunity.com/market/listings/730/StatTrak%E2%84%A2%20AK-47%20%7C%20Ice%20Coaled%20%28Minimal%20Wear%29,28.53,140,2026-07-09T11:24:33.390461
StatTrak™ AK-47 | Ice Coaled (Well-Worn),StatTrak™ AK-47 | Ice Coaled (Well-Worn),Well-Worn,https://steamcommunity.com/market/listings/730/StatTrak%E2%84%A2%20AK-47%20%7C%20Ice%20Coaled%20%28Well-Worn%29,12.14,63,2026-07-09T11:24:33.390561
StatTrak™ AK-47 | Inheritance (Battle-Scarred),StatTrak™ AK-47 | Inheritance (Battle-Scarred),Battle-Scarred,https://steamcommunity.com/market/listings/730/StatTrak%E2%84%A2%20AK-47%20%7C%20Inheritance%20%28Battle-Scarred%29,92.5,25,2026-07-09T11:24:33.390661
StatTrak™ AK-47 | Inheritance (Factory New),StatTrak™ AK-47 | Inheritance (Factory New),Factory New,https://steamcommunity.com/market/listings/730/StatTrak%E2%84%A2%20AK-47%20%7C%20Inheritance%20%28Factory%20New%29,419.99,18,2026-07-09T11:24:35.361647
StatTrak™ AK-47 | Inheritance (Field-Tested),StatTrak™ AK-47 | Inheritance (Field-Tested),Field-Tested,https://steamcommunity.com/market/listings/730/StatTrak%E2%84%A2%20AK-47%20%7C%20Inheritance%20%28Field-Tested%29,113.98,64,2026-07-09T11:24:35.361737
StatTrak™ AK-47 | Inheritance (Minimal Wear),StatTrak™ AK-47 | Inheritance (Minimal Wear),Minimal Wear,https://steamcommunity.com/market/listings/730/StatTrak%E2%84%A2%20AK-47%20%7C%20Inheritance%20%28Minimal%20Wear%29,205.48,42,2026-07-09T11:24:35.361815
StatTrak™ AK-47 | Inheritance (Well-Worn),StatTrak™ AK-47 | Inheritance (Well-Worn),Well-Worn,https://steamcommunity.com/market/listings/730/StatTrak%E2%84%A2%20AK-47%20%7C%20Inheritance%20%28Well-Worn%29,110.56,12,2026-07-09T11:24:35.361891
StatTrak™ AK-47 | Jaguar (Battle-Scarred),StatTrak™ AK-47 | Jaguar (Battle-Scarred),Battle-Scarred,https://steamcommunity.com/market/listings/730/StatTrak%E2%84%A2%20AK-47%20%7C%20Jaguar%20%28Battle-Scarred%29,227.94,7,2026-07-09T11:24:35.361969
StatTrak™ AK-47 | Jaguar (Factory New),StatTrak™ AK-47 | Jaguar (Factory New),Factory New,https://steamcommunity.com/market/listings/730/StatTrak%E2%84%A2%20AK-47%20%7C%20Jaguar%20%28Factory%20New%29,949.99,2,2026-07-09T11:24:35.362043
StatTrak™ AK-47 | Jaguar (Field-Tested),StatTrak™ AK-47 | Jaguar (Field-Tested),Field-Tested,https://steamcommunity.com/market/listings/730/StatTrak%E2%84%A2%20AK-47%20%7C%20Jaguar%20%28Field-Tested%29,287.2,7,2026-07-09T11:24:35.362116
StatTrak™ AK-47 | Jaguar (Minimal Wear),StatTrak™ AK-47 | Jaguar (Minimal Wear),Minimal Wear,https://steamcommunity.com/market/listings/730/StatTrak%E2%84%A2%20AK-47%20%7C%20Jaguar%20%28Minimal%20Wear%29,400.55,6,2026-07-09T11:24:35.362191
StatTrak™ AK-47 | Jaguar (Well-Worn),StatTrak™ AK-47 | Jaguar (Well-Worn),Well-Worn,https://steamcommunity.com/market/listings/730/StatTrak%E2%84%A2%20AK-47%20%7C%20Jaguar%20%28Well-Worn%29,205.16,4,2026-07-09T11:24:35.362265
StatTrak™ AK-47 | Leet Museo (Battle-Scarred),StatTrak™ AK-47 | Leet Museo (Battle-Scarred),Battle-Scarred,https://steamcommunity.com/market/listings/730/StatTrak%E2%84%A2%20AK-47%20%7C%20Leet%20Museo%20%28Battle-Scarred%29,137.95,7,2026-07-09T11:24:35.362341
StatTrak™ AK-47 | Leet Museo (Factory New),StatTrak™ AK-47 | Leet Museo (Factory New),Factory New,https://steamcommunity.com/market/listings/730/StatTrak%E2%84%A2%20AK-47%20%7C%20Leet%20Museo%20%28Factory%20New%29,529.06,13,2026-07-09T11:24:37.263831
StatTrak™ AK-47 | Leet Museo (Field-Tested),StatTrak™ AK-47 | Leet Museo (Field-Tested),Field-Tested,https://steamcommunity.com/market/listings/730/StatTrak%E2%84%A2%20AK-47%20%7C%20Leet%20Museo%20%28Field-Tested%29,172.7,12,2026-07-09T11:24:37.263949
StatTrak™ AK-47 | Leet Museo (Minimal Wear),StatTrak™ AK-47 | Leet Museo (Minimal Wear),Minimal Wear,https://steamcommunity.com/market/listings/730/StatTrak%E2%84%A2%20AK-47%20%7C%20Leet%20Museo%20%28Minimal%20Wear%29,258.75,12,2026-07-09T11:24:37.264040
StatTrak™ AK-47 | Leet Museo (Well-Worn),StatTrak™ AK-47 | Leet Museo (Well-Worn),Well-Worn,https://steamcommunity.com/market/listings/730/StatTrak%E2%84%A2%20AK-47%20%7C%20Leet%20Museo%20%28Well-Worn%29,179.3,4,2026-07-09T11:24:37.264130
StatTrak™ AK-47 | Legion of Anubis (Battle-Scarred),StatTrak™ AK-47 | Legion of Anubis (Battle-Scarred),Battle-Scarred,https://steamcommunity.com/market/listings/730/StatTrak%E2%84%A2%20AK-47%20%7C%20Legion%20of%20Anubis%20%28Battle-Scarred%29,52.15,14,2026-07-09T11:24:37.264217
StatTrak™ AK-47 | Legion of Anubis (Factory New),StatTrak™ AK-47 | Legion of Anubis (Factory New),Factory New,https://steamcommunity.com/market/listings/730/StatTrak%E2%84%A2%20AK-47%20%7C%20Legion%20of%20Anubis%20%28Factory%20New%29,102.0,83,2026-07-09T11:24:37.264304
StatTrak™ AK-47 | Legion of Anubis (Field-Tested),StatTrak™ AK-47 | Legion of Anubis (Field-Tested),Field-Tested,https://steamcommunity.com/market/listings/730/StatTrak%E2%84%A2%20AK-47%20%7C%20Legion%20of%20Anubis%20%28Field-Tested%29,50.94,73,2026-07-09T11:24:37.264392
StatTrak™ AK-47 | Legion of Anubis (Minimal Wear),StatTrak™ AK-47 | Legion of Anubis (Minimal Wear),Minimal Wear,https://steamcommunity.com/market/listings/730/StatTrak%E2%84%A2%20AK-47%20%7C%20Legion%20of%20Anubis%20%28Minimal%20Wear%29,66.97,85,2026-07-09T11:24:37.264480
StatTrak™ AK-47 | Legion of Anubis (Well-Worn),StatTrak™ AK-47 | Legion of Anubis (Well-Worn),Well-Worn,https://steamcommunity.com/market/listings/730/StatTrak%E2%84%A2%20AK-47%20%7C%20Legion%20of%20Anubis%20%28Well-Worn%29,52.11,12,2026-07-09T11:24:37.264566
StatTrak™ AK-47 | Neon Revolution (Battle-Scarred),StatTrak™ AK-47 | Neon Revolution (Battle-Scarred),Battle-Scarred,https://steamcommunity.com/market/listings/730/StatTrak%E2%84%A2%20AK-47%20%7C%20Neon%20Revolution%20%28Battle-Scarred%29,140.11,3,2026-07-09T11:24:37.264654
StatTrak™ AK-47 | Neon Revolution (Factory New),StatTrak™ AK-47 | Neon Revolution (Factory New),Factory New,https://steamcommunity.com/market/listings/730/StatTrak%E2%84%A2%20AK-47%20%7C%20Neon%20Revolution%20%28Factory%20New%29,350.82,9,2026-07-09T11:24:39.151849
StatTrak™ AK-47 | Neon Revolution (Field-Tested),StatTrak™ AK-47 | Neon Revolution (Field-Tested),Field-Tested,https://steamcommunity.com/market/listings/730/StatTrak%E2%84%A2%20AK-47%20%7C%20Neon%20Revolution%20%28Field-Tested%29,142.53,21,2026-07-09T11:24:39.151958
StatTrak™ AK-47 | Neon Revolution (Minimal Wear),StatTrak™ AK-47 | Neon Revolution (Minimal Wear),Minimal Wear,https://steamcommunity.com/market/listings/730/StatTrak%E2%84%A2%20AK-47%20%7C%20Neon%20Revolution%20%28Minimal%20Wear%29,172.96,10,2026-07-09T11:24:39.152049
StatTrak™ AK-47 | Neon Revolution (Well-Worn),StatTrak™ AK-47 | Neon Revolution (Well-Worn),Well-Worn,https://steamcommunity.com/market/listings/730/StatTrak%E2%84%A2%20AK-47%20%7C%20Neon%20Revolution%20%28Well-Worn%29,146.44,7,2026-07-09T11:24:39.152138
StatTrak™ AK-47 | Neon Rider (Battle-Scarred),StatTrak™ AK-47 | Neon Rider (Battle-Scarred),Battle-Scarred,https://steamcommunity.com/market/listings/730/StatTrak%E2%84%A2%20AK-47%20%7C%20Neon%20Rider%20%28Battle-Scarred%29,131.05,4,2026-07-09T11:24:39.152225
StatTrak™ AK-47 | Neon Rider (Factory New),StatTrak™ AK-47 | Neon Rider (Factory New),Factory New,https://steamcommunity.com/market/listings/730/StatTrak%E2%84%A2%20AK-47%20%7C%20Neon%20Rider%20%28Factory%20New%29,547.03,8,2026-07-09T11:24:39.152315
StatTrak™ AK-47 | Neon Rider (Field-Tested),StatTrak™ AK-47 | Neon Rider (Field-Tested),Field-Tested,https://steamcommunity.com/market/listings/730/StatTrak%E2%84%A2%20AK-47%20%7C%20Neon%20Rider%20%28Field-Tested%29,115.0,20,2026-07-09T11:24:39.152403
StatTrak™ AK-47 | Neon Rider (Minimal Wear),StatTrak™ AK-47 | Neon Rider (Minimal Wear),Minimal Wear,https://steamcommunity.com/market/listings/730/StatTrak%E2%84%A2%20AK-47%20%7C%20Neon%20Rider%20%28Minimal%20Wear%29,320.24,9,2026-07-09T11:24:39.152491
StatTrak™ AK-47 | Neon Rider (Well-Worn),StatTrak™ AK-47 | Neon Rider (Well-Worn),Well-Worn,https://steamcommunity.com/market/listings/730/StatTrak%E2%84%A2%20AK-47%20%7C%20Neon%20Rider%20%28Well-Worn%29,134.69,5,2026-07-09T11:24:39.152579
StatTrak™ AK-47 | Nightwish (Battle-Scarred),StatTrak™ AK-47 | Nightwish (Battle-Scarred),Battle-Scarred,https://steamcommunity.com/market/listings/730/StatTrak%E2%84%A2%20AK-47%20%7C%20Nightwish%20%28Battle-Scarred%29,88.46,46,2026-07-09T11:24:39.152666
StatTrak™ AK-47 | Nightwish (Factory New),StatTrak™ AK-47 | Nightwish (Factory New),Factory New,https://steamcommunity.com/market/listings/730/StatTrak%E2%84%A2%20AK-47%20%7C%20Nightwish%20%28Factory%20New%29,208.15,22,2026-07-09T11:24:41.083081
StatTrak™ AK-47 | Nightwish (Field-Tested),StatTrak™ AK-47 | Nightwish (Field-Tested),Field-Tested,https://steamcommunity.com/market/listings/730/StatTrak%E2%84%A2%20AK-47%20%7C%20Nightwish%20%28Field-Tested%29,85.0,95,2026-07-09T11:24:41.083193
StatTrak™ AK-47 | Nightwish (Minimal Wear),StatTrak™ AK-47 | Nightwish (Minimal Wear),Minimal Wear,https://steamcommunity.com/market/listings/730/StatTrak%E2%84%A2%20AK-47%20%7C%20Nightwish%20%28Minimal%20Wear%29,102.26,52,2026-07-09T11:24:41.083293
StatTrak™ AK-47 | Nightwish (Well-Worn),StatTrak™ AK-47 | Nightwish (Well-Worn),Well-Worn,https://steamcommunity.com/market/listings/730/StatTrak%E2%84%A2%20AK-47%20%7C%20Nightwish%20%28Well-Worn%29,88.81,47,2026-07-09T11:24:41.083392
StatTrak™ AK-47 | Orbit Mk01 (Battle-Scarred),StatTrak™ AK-47 | Orbit Mk01 (Battle-Scarred),Battle-Scarred,https://steamcommunity.com/market/listings/730/StatTrak%E2%84%A2%20AK-47%20%7C%20Orbit%20Mk01%20%28Battle-Scarred%29,75.0,12,2026-07-09T11:24:41.083497
StatTrak™ AK-47 | Orbit Mk01 (Factory New),StatTrak™ AK-47 | Orbit Mk01 (Factory New),Factory New,https://steamcommunity.com/market/listings/730/StatTrak%E2%84%A2%20AK-47%20%7C%20Orbit%20Mk01%20%28Factory%20New%29,129.62,21,2026-07-09T11:24:41.083595
StatTrak™ AK-47 | Orbit Mk01 (Field-Tested),StatTrak™ AK-47 | Orbit Mk01 (Field-Tested),Field-Tested,https://steamcommunity.com/market/listings/730/StatTrak%E2%84%A2%20AK-47%20%7C%20Orbit%20Mk01%20%28Field-Tested%29,72.15,25,2026-07-09T11:24:41.083695
StatTrak™ AK-47 | Orbit Mk01 (Minimal Wear),StatTrak™ AK-47 | Orbit Mk01 (Minimal Wear),Minimal Wear,https://steamcommunity.com/market/listings/730/StatTrak%E2%84%A2%20AK-47%20%7C%20Orbit%20Mk01%20%28Minimal%20Wear%29,85.47,19,2026-07-09T11:24:41.083791
StatTrak™ AK-47 | Orbit Mk01 (Well-Worn),StatTrak™ AK-47 | Orbit Mk01 (Well-Worn),Well-Worn,https://steamcommunity.com/market/listings/730/StatTrak%E2%84%A2%20AK-47%20%7C%20Orbit%20Mk01%20%28Well-Worn%29,79.77,6,2026-07-09T11:24:41.083887
StatTrak™ AK-47 | Phantom Disruptor (Battle-Scarred),StatTrak™ AK-47 | Phantom Disruptor (Battle-Scarred),Battle-Scarred,https://steamcommunity.com/market/listings/730/StatTrak%E2%84%A2%20AK-47%20%7C%20Phantom%20Disruptor%20%28Battle-Scarred%29,15.31,48,2026-07-09T11:24:41.083982
StatTrak™ AK-47 | Phantom Disruptor (Factory New),StatTrak™ AK-47 | Phantom Disruptor (Factory New),Factory New,https://steamcommunity.com/market/listings/730/StatTrak%E2%84%A2%20AK-47%20%7C%20Phantom%20Disruptor%20%28Factory%20New%29,44.0,61,2026-07-09T11:24:42.942779
StatTrak™ AK-47 | Phantom Disruptor (Field-Tested),StatTrak™ AK-47 | Phantom Disruptor (Field-Tested),Field-Tested,https://steamcommunity.com/market/listings/730/StatTrak%E2%84%A2%20AK-47%20%7C%20Phantom%20Disruptor%20%28Field-Tested%29,15.59,177,2026-07-09T11:24:42.942863
StatTrak™ AK-47 | Phantom Disruptor (Minimal Wear),StatTrak™ AK-47 | Phantom Disruptor (Minimal Wear),Minimal Wear,https://steamcommunity.com/market/listings/730/StatTrak%E2%84%A2%20AK-47%20%7C%20Phantom%20Disruptor%20%28Minimal%20Wear%29,25.0,93,2026-07-09T11:24:42.942933
StatTrak™ AK-47 | Phantom Disruptor (Well-Worn),StatTrak™ AK-47 | Phantom Disruptor (Well-Worn),Well-Worn,https://steamcommunity.com/market/listings/730/StatTrak%E2%84%A2%20AK-47%20%7C%20Phantom%20Disruptor%20%28Well-Worn%29,18.18,38,2026-07-09T11:24:42.943001
StatTrak™ AK-47 | Point Disarray (Battle-Scarred),StatTrak™ AK-47 | Point Disarray (Battle-Scarred),Battle-Scarred,https://steamcommunity.com/market/listings/730/StatTrak%E2%84%A2%20AK-47%20%7C%20Point%20Disarray%20%28Battle-Scarred%29,43.44,14,2026-07-09T11:24:42.943071
StatTrak™ AK-47 | Point Disarray (Factory New),StatTrak™ AK-47 | Point Disarray (Factory New),Factory New,https://steamcommunity.com/market/listings/730/StatTrak%E2%84%A2%20AK-47%20%7C%20Point%20Disarray%20%28Factory%20New%29,143.61,21,2026-07-09T11:24:42.943141
StatTrak™ AK-47 | Point Disarray (Field-Tested),StatTrak™ AK-47 | Point Disarray (Field-Tested),Field-Tested,https://steamcommunity.com/market/listings/730/StatTrak%E2%84%A2%20AK-47%20%7C%20Point%20Disarray%20%28Field-Tested%29,41.71,42,2026-07-09T11:24:42.943208
StatTrak™ AK-47 | Point Disarray (Minimal Wear),StatTrak™ AK-47 | Point Disarray (Minimal Wear),Minimal Wear,https://steamcommunity.com/market/listings/730/StatTrak%E2%84%A2%20AK-47%20%7C%20Point%20Disarray%20%28Minimal%20Wear%29,79.32,21,2026-07-09T11:24:42.943274
StatTrak™ AK-47 | Point Disarray (Well-Worn),StatTrak™ AK-47 | Point Disarray (Well-Worn),Well-Worn,https://steamcommunity.com/market/listings/730/StatTrak%E2%84%A2%20AK-47%20%7C%20Point%20Disarray%20%28Well-Worn%29,44.05,9,2026-07-09T11:24:42.943342
StatTrak™ AK-47 | Rat Rod (Battle-Scarred),StatTrak™ AK-47 | Rat Rod (Battle-Scarred),Battle-Scarred,https://steamcommunity.com/market/listings/730/StatTrak%E2%84%A2%20AK-47%20%7C%20Rat%20Rod%20%28Battle-Scarred%29,19.02,18,2026-07-09T11:24:42.943409
StatTrak™ AK-47 | Rat Rod (Factory New),StatTrak™ AK-47 | Rat Rod (Factory New),Factory New,https://steamcommunity.com/market/listings/730/StatTrak%E2%84%A2%20AK-47%20%7C%20Rat%20Rod%20%28Factory%20New%29,68.0,16,2026-07-09T11:24:44.800377
StatTrak™ AK-47 | Rat Rod (Field-Tested),StatTrak™ AK-47 | Rat Rod (Field-Tested),Field-Tested,https://steamcommunity.com/market/listings/730/StatTrak%E2%84%A2%20AK-47%20%7C%20Rat%20Rod%20%28Field-Tested%29,17.04,51,2026-07-09T11:24:44.800482
StatTrak™ AK-47 | Rat Rod (Minimal Wear),StatTrak™ AK-47 | Rat Rod (Minimal Wear),Minimal Wear,https://steamcommunity.com/market/listings/730/StatTrak%E2%84%A2%20AK-47%20%7C%20Rat%20Rod%20%28Minimal%20Wear%29,26.22,37,2026-07-09T11:24:44.800562
StatTrak™ AK-47 | Rat Rod (Well-Worn),StatTrak™ AK-47 | Rat Rod (Well-Worn),Well-Worn,https://steamcommunity.com/market/listings/730/StatTrak%E2%84%A2%20AK-47%20%7C%20Rat%20Rod%20%28Well-Worn%29,17.99,26,2026-07-09T11:24:44.800644
StatTrak™ AK-47 | Red Laminate (Battle-Scarred),StatTrak™ AK-47 | Red Laminate (Battle-Scarred),Battle-Scarred,https://steamcommunity.com/market/listings/730/StatTrak%E2%84%A2%20AK-47%20%7C%20Red%20Laminate%20%28Battle-Scarred%29,171.38,7,2026-07-09T11:24:44.800722
StatTrak™ AK-47 | Red Laminate (Field-Tested),StatTrak™ AK-47 | Red Laminate (Field-Tested),Field-Tested,https://steamcommunity.com/market/listings/730/StatTrak%E2%84%A2%20AK-47%20%7C%20Red%20Laminate%20%28Field-Tested%29,221.0,6,2026-07-09T11:24:44.800797
StatTrak™ AK-47 | Red Laminate (Minimal Wear),StatTrak™ AK-47 | Red Laminate (Minimal Wear),Minimal Wear,https://steamcommunity.com/market/listings/730/StatTrak%E2%84%A2%20AK-47%20%7C%20Red%20Laminate%20%28Minimal%20Wear%29,418.79,5,2026-07-09T11:24:44.800870
StatTrak™ AK-47 | Red Laminate (Well-Worn),StatTrak™ AK-47 | Red Laminate (Well-Worn),Well-Worn,https://steamcommunity.com/market/listings/730/StatTrak%E2%84%A2%20AK-47%20%7C%20Red%20Laminate%20%28Well-Worn%29,296.31,3,2026-07-09T11:24:44.800949
StatTrak™ AK-47 | Redline (Battle-Scarred),StatTrak™ AK-47 | Redline (Battle-Scarred),Battle-Scarred,https://steamcommunity.com/market/listings/730/StatTrak%E2%84%A2%20AK-47%20%7C%20Redline%20%28Battle-Scarred%29,54.29,35,2026-07-09T11:24:44.801045
StatTrak™ AK-47 | Redline (Field-Tested),StatTrak™ AK-47 | Redline (Field-Tested),Field-Tested,https://steamcommunity.com/market/listings/730/StatTrak%E2%84%A2%20AK-47%20%7C%20Redline%20%28Field-Tested%29,89.95,145,2026-07-09T11:24:44.801119
StatTrak™ AK-47 | Redline (Minimal Wear),StatTrak™ AK-47 | Redline (Minimal Wear),Minimal Wear,https://steamcommunity.com/market/listings/730/StatTrak%E2%84%A2%20AK-47%20%7C%20Redline%20%28Minimal%20Wear%29,478.66,11,2026-07-09T11:24:46.706213
StatTrak™ AK-47 | Redline (Well-Worn),StatTrak™ AK-47 | Redline (Well-Worn),Well-Worn,https://steamcommunity.com/market/listings/730/StatTrak%E2%84%A2%20AK-47%20%7C%20Redline%20%28Well-Worn%29,67.35,15,2026-07-09T11:24:46.706306
StatTrak™ AK-47 | Searing Rage (Battle-Scarred),StatTrak™ AK-47 | Searing Rage (Battle-Scarred),Battle-Scarred,https://steamcommunity.com/market/listings/730/StatTrak%E2%84%A2%20AK-47%20%7C%20Searing%20Rage%20%28Battle-Scarred%29,8.3,150,2026-07-09T11:24:46.706384
StatTrak™ AK-47 | Searing Rage (Factory New),StatTrak™ AK-47 | Searing Rage (Factory New),Factory New,https://steamcommunity.com/market/listings/730/StatTrak%E2%84%A2%20AK-47%20%7C%20Searing%20Rage%20%28Factory%20New%29,50.0,55,2026-07-09T11:24:46.706460
StatTrak™ AK-47 | Searing Rage (Field-Tested),StatTrak™ AK-47 | Searing Rage (Field-Tested),Field-Tested,https://steamcommunity.com/market/listings/730/StatTrak%E2%84%A2%20AK-47%20%7C%20Searing%20Rage%20%28Field-Tested%29,11.98,211,2026-07-09T11:24:46.706535
StatTrak™ AK-47 | Searing Rage (Minimal Wear),StatTrak™ AK-47 | Searing Rage (Minimal Wear),Minimal Wear,https://steamcommunity.com/market/listings/730/StatTrak%E2%84%A2%20AK-47%20%7C%20Searing%20Rage%20%28Minimal%20Wear%29,19.98,128,2026-07-09T11:24:46.706611
StatTrak™ AK-47 | Searing Rage (Well-Worn),StatTrak™ AK-47 | Searing Rage (Well-Worn),Well-Worn,https://steamcommunity.com/market/listings/730/StatTrak%E2%84%A2%20AK-47%20%7C%20Searing%20Rage%20%28Well-Worn%29,8.77,162,2026-07-09T11:24:46.706688
StatTrak™ AK-47 | Slate (Battle-Scarred),StatTrak™ AK-47 | Slate (Battle-Scarred),Battle-Scarred,https://steamcommunity.com/market/listings/730/StatTrak%E2%84%A2%20AK-47%20%7C%20Slate%20%28Battle-Scarred%29,14.14,162,2026-07-09T11:24:46.706762
StatTrak™ AK-47 | Slate (Factory New),StatTrak™ AK-47 | Slate (Factory New),Factory New,https://steamcommunity.com/market/listings/730/StatTrak%E2%84%A2%20AK-47%20%7C%20Slate%20%28Factory%20New%29,67.0,89,2026-07-09T11:24:46.706845
StatTrak™ AK-47 | Slate (Field-Tested),StatTrak™ AK-47 | Slate (Field-Tested),Field-Tested,https://steamcommunity.com/market/listings/730/StatTrak%E2%84%A2%20AK-47%20%7C%20Slate%20%28Field-Tested%29,19.41,417,2026-07-09T11:24:46.706918
StatTrak™ AK-47 | Slate (Minimal Wear),StatTrak™ AK-47 | Slate (Minimal Wear),Minimal Wear,https://steamcommunity.com/market/listings/730/StatTrak%E2%84%A2%20AK-47%20%7C%20Slate%20%28Minimal%20Wear%29,31.82,135,2026-07-09T11:24:48.588340
StatTrak™ AK-47 | Slate (Well-Worn),StatTrak™ AK-47 | Slate (Well-Worn),Well-Worn,https://steamcommunity.com/market/listings/730/StatTrak%E2%84%A2%20AK-47%20%7C%20Slate%20%28Well-Worn%29,14.69,216,2026-07-09T11:24:48.588461
StatTrak™ AK-47 | The Empress (Battle-Scarred),StatTrak™ AK-47 | The Empress (Battle-Scarred),Battle-Scarred,https://steamcommunity.com/market/listings/730/StatTrak%E2%84%A2%20AK-47%20%7C%20The%20Empress%20%28Battle-Scarred%29,130.0,13,2026-07-09T11:24:48.588552
StatTrak™ AK-47 | The Empress (Factory New),StatTrak™ AK-47 | The Empress (Factory New),Factory New,https://steamcommunity.com/market/listings/730/StatTrak%E2%84%A2%20AK-47%20%7C%20The%20Empress%20%28Factory%20New%29,697.9,2,2026-07-09T11:24:48.588642
StatTrak™ AK-47 | The Empress (Field-Tested),StatTrak™ AK-47 | The Empress (Field-Tested),Field-Tested,https://steamcommunity.com/market/listings/730/StatTrak%E2%84%A2%20AK-47%20%7C%20The%20Empress%20%28Field-Tested%29,165.25,22,2026-07-09T11:24:48.588730
StatTrak™ AK-47 | The Empress (Minimal Wear),StatTrak™ AK-47 | The Empress (Minimal Wear),Minimal Wear,https://steamcommunity.com/market/listings/730/StatTrak%E2%84%A2%20AK-47%20%7C%20The%20Empress%20%28Minimal%20Wear%29,266.0,17,2026-07-09T11:24:48.588826
StatTrak™ AK-47 | The Empress (Well-Worn),StatTrak™ AK-47 | The Empress (Well-Worn),Well-Worn,https://steamcommunity.com/market/listings/730/StatTrak%E2%84%A2%20AK-47%20%7C%20The%20Empress%20%28Well-Worn%29,136.77,14,2026-07-09T11:24:48.588913
StatTrak™ AK-47 | The Oligarch (Battle-Scarred),StatTrak™ AK-47 | The Oligarch (Battle-Scarred),Battle-Scarred,https://steamcommunity.com/market/listings/730/StatTrak%E2%84%A2%20AK-47%20%7C%20The%20Oligarch%20%28Battle-Scarred%29,72.37,26,2026-07-09T11:24:48.588999
StatTrak™ AK-47 | The Oligarch (Factory New),StatTrak™ AK-47 | The Oligarch (Factory New),Factory New,https://steamcommunity.com/market/listings/730/StatTrak%E2%84%A2%20AK-47%20%7C%20The%20Oligarch%20%28Factory%20New%29,798.99,4,2026-07-09T11:24:48.589088
StatTrak™ AK-47 | The Oligarch (Field-Tested),StatTrak™ AK-47 | The Oligarch (Field-Tested),Field-Tested,https://steamcommunity.com/market/listings/730/StatTrak%E2%84%A2%20AK-47%20%7C%20The%20Oligarch%20%28Field-Tested%29,166.65,33,2026-07-09T11:24:48.589176
StatTrak™ AK-47 | The Oligarch (Minimal Wear),StatTrak™ AK-47 | The Oligarch (Minimal Wear),Minimal Wear,https://steamcommunity.com/market/listings/730/StatTrak%E2%84%A2%20AK-47%20%7C%20The%20Oligarch%20%28Minimal%20Wear%29,325.57,31,2026-07-09T11:24:50.588511
StatTrak™ AK-47 | The Oligarch (Well-Worn),StatTrak™ AK-47 | The Oligarch (Well-Worn),Well-Worn,https://steamcommunity.com/market/listings/730/StatTrak%E2%84%A2%20AK-47%20%7C%20The%20Oligarch%20%28Well-Worn%29,105.0,24,2026-07-09T11:24:50.588614
StatTrak™ AK-47 | The Outsiders (Battle-Scarred),StatTrak™ AK-47 | The Outsiders (Battle-Scarred),Battle-Scarred,https://steamcommunity.com/market/listings/730/StatTrak%E2%84%A2%20AK-47%20%7C%20The%20Outsiders%20%28Battle-Scarred%29,19.58,49,2026-07-09T11:24:50.588705
StatTrak™ AK-47 | The Outsiders (Factory New),StatTrak™ AK-47 | The Outsiders (Factory New),Factory New,https://steamcommunity.com/market/listings/730/StatTrak%E2%84%A2%20AK-47%20%7C%20The%20Outsiders%20%28Factory%20New%29,141.51,12,2026-07-09T11:24:50.588796
StatTrak™ AK-47 | The Outsiders (Field-Tested),StatTrak™ AK-47 | The Outsiders (Field-Tested),Field-Tested,https://steamcommunity.com/market/listings/730/StatTrak%E2%84%A2%20AK-47%20%7C%20The%20Outsiders%20%28Field-Tested%29,23.49,60,2026-07-09T11:24:50.588886
StatTrak™ AK-47 | The Outsiders (Minimal Wear),StatTrak™ AK-47 | The Outsiders (Minimal Wear),Minimal Wear,https://steamcommunity.com/market/listings/730/StatTrak%E2%84%A2%20AK-47%20%7C%20The%20Outsiders%20%28Minimal%20Wear%29,46.97,40,2026-07-09T11:24:50.588976
StatTrak™ AK-47 | The Outsiders (Well-Worn),StatTrak™ AK-47 | The Outsiders (Well-Worn),Well-Worn,https://steamcommunity.com/market/listings/730/StatTrak%E2%84%A2%20AK-47%20%7C%20The%20Outsiders%20%28Well-Worn%29,19.94,25,2026-07-09T11:24:50.589064
StatTrak™ AK-47 | Uncharted (Battle-Scarred),StatTrak™ AK-47 | Uncharted (Battle-Scarred),Battle-Scarred,https://steamcommunity.com/market/listings/730/StatTrak%E2%84%A2%20AK-47%20%7C%20Uncharted%20%28Battle-Scarred%29,2.9,264,2026-07-09T11:24:50.589157
StatTrak™ AK-47 | Uncharted (Factory New),StatTrak™ AK-47 | Uncharted (Factory New),Factory New,https://steamcommunity.com/market/listings/730/StatTrak%E2%84%A2%20AK-47%20%7C%20Uncharted%20%28Factory%20New%29,7.67,183,2026-07-09T11:24:50.589244
StatTrak™ AK-47 | Uncharted (Field-Tested),StatTrak™ AK-47 | Uncharted (Field-Tested),Field-Tested,https://steamcommunity.com/market/listings/730/StatTrak%E2%84%A2%20AK-47%20%7C%20Uncharted%20%28Field-Tested%29,2.61,870,2026-07-09T11:24:50.589334
StatTrak™ AK-47 | Uncharted (Minimal Wear),StatTrak™ AK-47 | Uncharted (Minimal Wear),Minimal Wear,https://steamcommunity.com/market/listings/730/StatTrak%E2%84%A2%20AK-47%20%7C%20Uncharted%20%28Minimal%20Wear%29,3.53,415,2026-07-09T11:24:52.461131
StatTrak™ AK-47 | Uncharted (Well-Worn),StatTrak™ AK-47 | Uncharted (Well-Worn),Well-Worn,https://steamcommunity.com/market/listings/730/StatTrak%E2%84%A2%20AK-47%20%7C%20Uncharted%20%28Well-Worn%29,3.23,85,2026-07-09T11:24:52.461218
StatTrak™ AK-47 | Vulcan (Battle-Scarred),StatTrak™ AK-47 | Vulcan (Battle-Scarred),Battle-Scarred,https://steamcommunity.com/market/listings/730/StatTrak%E2%84%A2%20AK-47%20%7C%20Vulcan%20%28Battle-Scarred%29,248.0,4,2026-07-09T11:24:52.461297
StatTrak™ AK-47 | Vulcan (Field-Tested),StatTrak™ AK-47 | Vulcan (Field-Tested),Field-Tested,https://steamcommunity.com/market/listings/730/StatTrak%E2%84%A2%20AK-47%20%7C%20Vulcan%20%28Field-Tested%29,467.27,13,2026-07-09T11:24:52.461374
StatTrak™ AK-47 | Vulcan (Minimal Wear),StatTrak™ AK-47 | Vulcan (Minimal Wear),Minimal Wear,https://steamcommunity.com/market/listings/730/StatTrak%E2%84%A2%20AK-47%20%7C%20Vulcan%20%28Minimal%20Wear%29,1399.98,6,2026-07-09T11:24:52.461450
StatTrak™ AK-47 | Vulcan (Well-Worn),StatTrak™ AK-47 | Vulcan (Well-Worn),Well-Worn,https://steamcommunity.com/market/listings/730/StatTrak%E2%84%A2%20AK-47%20%7C%20Vulcan%20%28Well-Worn%29,374.95,8,2026-07-09T11:24:52.461522
StatTrak™ AK-47 | Wasteland Rebel (Battle-Scarred),StatTrak™ AK-47 | Wasteland Rebel (Battle-Scarred),Battle-Scarred,https://steamcommunity.com/market/listings/730/StatTrak%E2%84%A2%20AK-47%20%7C%20Wasteland%20Rebel%20%28Battle-Scarred%29,143.11,6,2026-07-09T11:24:52.461588
StatTrak™ AK-47 | Wasteland Rebel (Field-Tested),StatTrak™ AK-47 | Wasteland Rebel (Field-Tested),Field-Tested,https://steamcommunity.com/market/listings/730/StatTrak%E2%84%A2%20AK-47%20%7C%20Wasteland%20Rebel%20%28Field-Tested%29,143.07,13,2026-07-09T11:24:52.461654
StatTrak™ AK-47 | Wasteland Rebel (Minimal Wear),StatTrak™ AK-47 | Wasteland Rebel (Minimal Wear),Minimal Wear,https://steamcommunity.com/market/listings/730/StatTrak%E2%84%A2%20AK-47%20%7C%20Wasteland%20Rebel%20%28Minimal%20Wear%29,289.17,8,2026-07-09T11:24:52.461724
StatTrak™ AK-47 | Wasteland Rebel (Well-Worn),StatTrak™ AK-47 | Wasteland Rebel (Well-Worn),Well-Worn,https://steamcommunity.com/market/listings/730/StatTrak%E2%84%A2%20AK-47%20%7C%20Wasteland%20Rebel%20%28Well-Worn%29,190.5,5,2026-07-09T11:24:52.461790
