name,hash_name,wear,url,price_usd,quantity,scraped_at,total market value
AK-47 | Aphrodite (Battle-Scarred),AK-47 | Aphrodite (Battle-Scarred),Battle-Scarred,https://steamcommunity.com/market/listings/730/AK-47%20%7C%20Aphrodite%20%28Battle-Scarred%29,16.99,748,2026-07-09 11:23:05.358474,12708.52
AK-47 | Aphrodite (Factory New),AK-47 | Aphrodite (Factory New),Factory New,https://steamcommunity.com/market/listings/730/AK-47%20%7C%20Aphrodite%20%28Factory%20New%29,596.32,52,2026-07-09 11:23:05.358534,31008.64
AK-47 | Aphrodite (Field-Tested),AK-47 | Aphrodite (Field-Tested),Field-Tested,https://steamcommunity.com/market/listings/730/AK-47%20%7C%20Aphrodite%20%28Field-Tested%29,24.87,795,2026-07-09 11:23:05.358585,19771.65
AK-47 | Aphrodite (Minimal Wear),AK-47 | Aphrodite (Minimal Wear),Minimal Wear,https://steamcommunity.com/market/listings/730/AK-47%20%7C%20Aphrodite%20%28Minimal%20Wear%29,52.22,660,2026-07-09 11:23:05.358634,34465.2
AK-47 | Aphrodite (Well-Worn),AK-47 | Aphrodite (Well-Worn),Well-Worn,https://steamcommunity.com/market/listings/730/AK-47%20%7C%20Aphrodite%20%28Well-Worn%29,17.33,796,2026-07-09 11:23:05.358681,13794.68
AK-47 | Aquamarine Revenge (Battle-Scarred),AK-47 | Aquamarine Revenge (Battle-Scarred),Battle-Scarred,https://steamcommunity.com/market/listings/730/AK-47%20%7C%20Aquamarine%20Revenge%20%28Battle-Scarred%29,44.89,42,2026-07-09 11:23:05.358729,1885.38
AK-47 | Aquamarine Revenge (Factory New),AK-47 | Aquamarine Revenge (Factory New),Factory New,https://steamcommunity.com/market/listings/730/AK-47%20%7C%20Aquamarine%20Revenge%20%28Factory%20New%29,259.72,47,2026-07-09 11:23:05.358776,12206.84
AK-47 | Aquamarine Revenge (Field-Tested),AK-47 | Aquamarine Revenge (Field-Tested),Field-Tested,https://steamcommunity.com/market/listings/730/AK-47%20%7C%20Aquamarine%20Revenge%20%28Field-Tested%29,51.71,157,2026-07-09 11:23:05.358823,8118.47
AK-47 | Aquamarine Revenge (Minimal Wear),AK-47 | Aquamarine Revenge (Minimal Wear),Minimal Wear,https://steamcommunity.com/market/listings/730/AK-47%20%7C%20Aquamarine%20Revenge%20%28Minimal%20Wear%29,88.49,90,2026-07-09 11:23:05.358866,7964.1
AK-47 | Aquamarine Revenge (Well-Worn),AK-47 | Aquamarine Revenge (Well-Worn),Well-Worn,https://steamcommunity.com/market/listings/730/AK-47%20%7C%20Aquamarine%20Revenge%20%28Well-Worn%29,43.17,58,2026-07-09 11:23:05.358910,2503.86
AK-47 | Asiimov (Battle-Scarred),AK-47 | Asiimov (Battle-Scarred),Battle-Scarred,https://steamcommunity.com/market/listings/730/AK-47%20%7C%20Asiimov%20%28Battle-Scarred%29,55.0,48,2026-07-09 11:23:07.231187,2640.0
AK-47 | Asiimov (Factory New),AK-47 | Asiimov (Factory New),Factory New,https://steamcommunity.com/market/listings/730/AK-47%20%7C%20Asiimov%20%28Factory%20New%29,562.76,15,2026-07-09 11:23:07.231246,8441.4
AK-47 | Asiimov (Field-Tested),AK-47 | Asiimov (Field-Tested),Field-Tested,https://steamcommunity.com/market/listings/730/AK-47%20%7C%20Asiimov%20%28Field-Tested%29,56.19,325,2026-07-09 11:23:07.231291,18261.75
AK-47 | Asiimov (Minimal Wear),AK-47 | Asiimov (Minimal Wear),Minimal Wear,https://steamcommunity.com/market/listings/730/AK-47%20%7C%20Asiimov%20%28Minimal%20Wear%29,79.76,187,2026-07-09 11:23:07.231347,14915.12
AK-47 | Asiimov (Well-Worn),AK-47 | Asiimov (Well-Worn),Well-Worn,https://steamcommunity.com/market/listings/730/AK-47%20%7C%20Asiimov%20%28Well-Worn%29,60.0,45,2026-07-09 11:23:07.231506,2700.0
AK-47 | B the Monster (Battle-Scarred),AK-47 | B the Monster (Battle-Scarred),Battle-Scarred,https://steamcommunity.com/market/listings/730/AK-47%20%7C%20B%20the%20Monster%20%28Battle-Scarred%29,100.69,55,2026-07-09 11:23:07.231657,5537.95
AK-47 | B the Monster (Factory New),AK-47 | B the Monster (Factory New),Factory New,https://steamcommunity.com/market/listings/730/AK-47%20%7C%20B%20the%20Monster%20%28Factory%20New%29,850.69,12,2026-07-09 11:23:07.231706,10208.28
AK-47 | B the Monster (Field-Tested),AK-47 | B the Monster (Field-Tested),Field-Tested,https://steamcommunity.com/market/listings/730/AK-47%20%7C%20B%20the%20Monster%20%28Field-Tested%29,176.14,131,2026-07-09 11:23:07.231816,23074.34
AK-47 | B the Monster (Minimal Wear),AK-47 | B the Monster (Minimal Wear),Minimal Wear,https://steamcommunity.com/market/listings/730/AK-47%20%7C%20B%20the%20Monster%20%28Minimal%20Wear%29,344.17,70,2026-07-09 11:23:07.231863,24091.9
AK-47 | B the Monster (Well-Worn),AK-47 | B the Monster (Well-Worn),Well-Worn,https://steamcommunity.com/market/listings/730/AK-47%20%7C%20B%20the%20Monster%20%28Well-Worn%29,157.97,16,2026-07-09 11:23:07.231905,2527.52
AK-47 | Baroque Purple (Battle-Scarred),AK-47 | Baroque Purple (Battle-Scarred),Battle-Scarred,https://steamcommunity.com/market/listings/730/AK-47%20%7C%20Baroque%20Purple%20%28Battle-Scarred%29,7.79,62,2026-07-09 11:23:09.131458,482.98
AK-47 | Baroque Purple (Factory New),AK-47 | Baroque Purple (Factory New),Factory New,https://steamcommunity.com/market/listings/730/AK-47%20%7C%20Baroque%20Purple%20%28Factory%20New%29,123.09,38,2026-07-09 11:23:09.131510,4677.42
AK-47 | Baroque Purple (Field-Tested),AK-47 | Baroque Purple (Field-Tested),Field-Tested,https://steamcommunity.com/market/listings/730/AK-47%20%7C%20Baroque%20Purple%20%28Field-Tested%29,7.32,115,2026-07-09 11:23:09.131558,841.8
AK-47 | Baroque Purple (Minimal Wear),AK-47 | Baroque Purple (Minimal Wear),Minimal Wear,https://steamcommunity.com/market/listings/730/AK-47%20%7C%20Baroque%20Purple%20%28Minimal%20Wear%29,14.26,112,2026-07-09 11:23:09.131603,1597.12
AK-47 | Baroque Purple (Well-Worn),AK-47 | Baroque Purple (Well-Worn),Well-Worn,https://steamcommunity.com/market/listings/730/AK-47%20%7C%20Baroque%20Purple%20%28Well-Worn%29,7.83,79,2026-07-09 11:23:09.131644,618.57
AK-47 | Black Laminate (Battle-Scarred),AK-47 | Black Laminate (Battle-Scarred),Battle-Scarred,https://steamcommunity.com/market/listings/730/AK-47%20%7C%20Black%20Laminate%20%28Battle-Scarred%29,52.63,12,2026-07-09 11:23:09.131686,631.56
AK-47 | Black Laminate (Factory New),AK-47 | Black Laminate (Factory New),Factory New,https://steamcommunity.com/market/listings/730/AK-47%20%7C%20Black%20Laminate%20%28Factory%20New%29,709.98,5,2026-07-09 11:23:09.131733,3549.9
AK-47 | Black Laminate (Field-Tested),AK-47 | Black Laminate (Field-Tested),Field-Tested,https://steamcommunity.com/market/listings/730/AK-47%20%7C%20Black%20Laminate%20%28Field-Tested%29,52.68,50,2026-07-09 11:23:09.131773,2634.0
AK-47 | Black Laminate (Minimal Wear),AK-47 | Black Laminate (Minimal Wear),Minimal Wear,https://steamcommunity.com/market/listings/730/AK-47%20%7C%20Black%20Laminate%20%28Minimal%20Wear%29,99.16,63,2026-07-09 11:23:09.131813,6247.08
AK-47 | Black Laminate (Well-Worn),AK-47 | Black Laminate (Well-Worn),Well-Worn,https://steamcommunity.com/market/listings/730/AK-47%20%7C%20Black%20Laminate%20%28Well-Worn%29,54.7,6,2026-07-09 11:23:09.131855,328.2
AK-47 | Bloodsport (Factory New),AK-47 | Bloodsport (Factory New),Factory New,https://steamcommunity.com/market/listings/730/AK-47%20%7C%20Bloodsport%20%28Factory%20New%29,246.75,94,2026-07-09 11:23:11.030100,23194.5
AK-47 | Bloodsport (Field-Tested),AK-47 | Bloodsport (Field-Tested),Field-Tested,https://steamcommunity.com/market/listings/730/AK-47%20%7C%20Bloodsport%20%28Field-Tested%29,190.83,79,2026-07-09 11:23:11.030145,15075.57
AK-47 | Bloodsport (Minimal Wear),AK-47 | Bloodsport (Minimal Wear),Minimal Wear,https://steamcommunity.com/market/listings/730/AK-47%20%7C%20Bloodsport%20%28Minimal%20Wear%29,213.11,63,2026-07-09 11:23:11.030182,13425.93
AK-47 | Bloodsport (Well-Worn),AK-47 | Bloodsport (Well-Worn),Well-Worn,https://steamcommunity.com/market/listings/730/AK-47%20%7C%20Bloodsport%20%28Well-Worn%29,189.77,16,2026-07-09 11:23:11.030218,3036.32
AK-47 | Blue Laminate (Factory New),AK-47 | Blue Laminate (Factory New),Factory New,https://steamcommunity.com/market/listings/730/AK-47%20%7C%20Blue%20Laminate%20%28Factory%20New%29,76.09,492,2026-07-09 11:23:11.030254,37436.28
AK-47 | Blue Laminate (Field-Tested),AK-47 | Blue Laminate (Field-Tested),Field-Tested,https://steamcommunity.com/market/listings/730/AK-47%20%7C%20Blue%20Laminate%20%28Field-Tested%29,19.57,445,2026-07-09 11:23:11.030291,8708.65
AK-47 | Blue Laminate (Minimal Wear),AK-47 | Blue Laminate (Minimal Wear),Minimal Wear,https://steamcommunity.com/market/listings/730/AK-47%20%7C%20Blue%20Laminate%20%28Minimal%20Wear%29,21.85,593,2026-07-09 11:23:11.030327,12957.05
AK-47 | Blue Laminate (Well-Worn),AK-47 | Blue Laminate (Well-Worn),Well-Worn,https://steamcommunity.com/market/listings/730/AK-47%20%7C%20Blue%20Laminate%20%28Well-Worn%29,27.77,28,2026-07-09 11:23:11.030362,777.56
AK-47 | Breakthrough (Battle-Scarred),AK-47 | Breakthrough (Battle-Scarred),Battle-Scarred,https://steamcommunity.com/market/listings/730/AK-47%20%7C%20Breakthrough%20%28Battle-Scarred%29,2.9,146,2026-07-09 11:23:11.030398,423.4
AK-47 | Breakthrough (Factory New),AK-47 | Breakthrough (Factory New),Factory New,https://steamcommunity.com/market/listings/730/AK-47%20%7C%20Breakthrough%20%28Factory%20New%29,19.32,206,2026-07-09 11:23:11.030433,3979.92
AK-47 | Breakthrough (Field-Tested),AK-47 | Breakthrough (Field-Tested),Field-Tested,https://steamcommunity.com/market/listings/730/AK-47%20%7C%20Breakthrough%20%28Field-Tested%29,3.37,580,2026-07-09 11:23:13.237675,1954.6
AK-47 | Breakthrough (Minimal Wear),AK-47 | Breakthrough (Minimal Wear),Minimal Wear,https://steamcommunity.com/market/listings/730/AK-47%20%7C%20Breakthrough%20%28Minimal%20Wear%29,7.86,319,2026-07-09 11:23:13.237783,2507.34
AK-47 | Breakthrough (Well-Worn),AK-47 | Breakthrough (Well-Worn),Well-Worn,https://steamcommunity.com/market/listings/730/AK-47%20%7C%20Breakthrough%20%28Well-Worn%29,3.53,127,2026-07-09 11:23:13.237874,448.31
AK-47 | Cartel (Battle-Scarred),AK-47 | Cartel (Battle-Scarred),Battle-Scarred,https://steamcommunity.com/market/listings/730/AK-47%20%7C%20Cartel%20%28Battle-Scarred%29,21.85,55,2026-07-09 11:23:13.237962,1201.75
AK-47 | Cartel (Factory New),AK-47 | Cartel (Factory New),Factory New,https://steamcommunity.com/market/listings/730/AK-47%20%7C%20Cartel%20%28Factory%20New%29,87.92,105,2026-07-09 11:23:13.238062,9231.6
AK-47 | Cartel (Field-Tested),AK-47 | Cartel (Field-Tested),Field-Tested,https://steamcommunity.com/market/listings/730/AK-47%20%7C%20Cartel%20%28Field-Tested%29,20.86,363,2026-07-09 11:23:13.238151,7572.18
AK-47 | Cartel (Minimal Wear),AK-47 | Cartel (Minimal Wear),Minimal Wear,https://steamcommunity.com/market/listings/730/AK-47%20%7C%20Cartel%20%28Minimal%20Wear%29,29.03,224,2026-07-09 11:23:13.238239,6502.72
AK-47 | Cartel (Well-Worn),AK-47 | Cartel (Well-Worn),Well-Worn,https://steamcommunity.com/market/listings/730/AK-47%20%7C%20Cartel%20%28Well-Worn%29,27.0,12,2026-07-09 11:23:13.238327,324.0
AK-47 | Case Hardened (Battle-Scarred),AK-47 | Case Hardened (Battle-Scarred),Battle-Scarred,https://steamcommunity.com/market/listings/730/AK-47%20%7C%20Case%20Hardened%20%28Battle-Scarred%29,253.0,38,2026-07-09 11:23:13.238413,9614.0
AK-47 | Case Hardened (Factory New),AK-47 | Case Hardened (Factory New),Factory New,https://steamcommunity.com/market/listings/730/AK-47%20%7C%20Case%20Hardened%20%28Factory%20New%29,800.92,27,2026-07-09 11:23:13.238500,21624.84
AK-47 | Case Hardened (Field-Tested),AK-47 | Case Hardened (Field-Tested),Field-Tested,https://steamcommunity.com/market/listings/730/AK-47%20%7C%20Case%20Hardened%20%28Field-Tested%29,329.37,90,2026-07-09 11:23:15.177598,29643.3
AK-47 | Case Hardened (Minimal Wear),AK-47 | Case Hardened (Minimal Wear),Minimal Wear,https://steamcommunity.com/market/listings/730/AK-47%20%7C%20Case%20Hardened%20%28Minimal%20Wear%29,373.61,82,2026-07-09 11:23:15.177685,30636.02
AK-47 | Case Hardened (Well-Worn),AK-47 | Case Hardened (Well-Worn),Well-Worn,https://steamcommunity.com/market/listings/730/AK-47%20%7C%20Case%20Hardened%20%28Well-Worn%29,285.0,45,2026-07-09 11:23:15.177762,12825.0
AK-47 | Crane Flight (Battle-Scarred),AK-47 | Crane Flight (Battle-Scarred),Battle-Scarred,https://steamcommunity.com/market/listings/730/AK-47%20%7C%20Crane%20Flight%20%28Battle-Scarred%29,12.15,346,2026-07-09 11:23:15.177837,4203.9
AK-47 | Crane Flight (Factory New),AK-47 | Crane Flight (Factory New),Factory New,https://steamcommunity.com/market/listings/730/AK-47%20%7C%20Crane%20Flight%20%28Factory%20New%29,94.36,131,2026-07-09 11:23:15.177912,12361.16
AK-47 | Crane Flight (Field-Tested),AK-47 | Crane Flight (Field-Tested),Field-Tested,https://steamcommunity.com/market/listings/730/AK-47%20%7C%20Crane%20Flight%20%28Field-Tested%29,18.0,724,2026-07-09 11:23:15.177985,13032.0
AK-47 | Crane Flight (Minimal Wear),AK-47 | Crane Flight (Minimal Wear),Minimal Wear,https://steamcommunity.com/market/listings/730/AK-47%20%7C%20Crane%20Flight%20%28Minimal%20Wear%29,33.75,586,2026-07-09 11:23:15.178059,19777.5
AK-47 | Crane Flight (Well-Worn),AK-47 | Crane Flight (Well-Worn),Well-Worn,https://steamcommunity.com/market/listings/730/AK-47%20%7C%20Crane%20Flight%20%28Well-Worn%29,15.69,486,2026-07-09 11:23:15.178136,7625.34
AK-47 | Crossfade (Battle-Scarred),AK-47 | Crossfade (Battle-Scarred),Battle-Scarred,https://steamcommunity.com/market/listings/730/AK-47%20%7C%20Crossfade%20%28Battle-Scarred%29,2.69,156,2026-07-09 11:23:15.178210,419.64
AK-47 | Crossfade (Factory New),AK-47 | Crossfade (Factory New),Factory New,https://steamcommunity.com/market/listings/730/AK-47%20%7C%20Crossfade%20%28Factory%20New%29,9.13,450,2026-07-09 11:23:15.178283,4108.5
AK-47 | Crossfade (Field-Tested),AK-47 | Crossfade (Field-Tested),Field-Tested,https://steamcommunity.com/market/listings/730/AK-47%20%7C%20Crossfade%20%28Field-Tested%29,2.69,531,2026-07-09 11:23:17.122054,1428.39
AK-47 | Crossfade (Minimal Wear),AK-47 | Crossfade (Minimal Wear),Minimal Wear,https://steamcommunity.com/market/listings/730/AK-47%20%7C%20Crossfade%20%28Minimal%20Wear%29,4.1,392,2026-07-09 11:23:17.122143,1607.2
AK-47 | Crossfade (Well-Worn),AK-47 | Crossfade (Well-Worn),Well-Worn,https://steamcommunity.com/market/listings/730/AK-47%20%7C%20Crossfade%20%28Well-Worn%29,2.77,229,2026-07-09 11:23:17.122220,634.33
AK-47 | Elite Build (Battle-Scarred),AK-47 | Elite Build (Battle-Scarred),Battle-Scarred,https://steamcommunity.com/market/listings/730/AK-47%20%7C%20Elite%20Build%20%28Battle-Scarred%29,2.0,1720,2026-07-09 11:23:17.122296,3440.0
AK-47 | Elite Build (Factory New),AK-47 | Elite Build (Factory New),Factory New,https://steamcommunity.com/market/listings/730/AK-47%20%7C%20Elite%20Build%20%28Factory%20New%29,15.54,370,2026-07-09 11:23:17.122371,5749.8
AK-47 | Elite Build (Field-Tested),AK-47 | Elite Build (Field-Tested),Field-Tested,https://steamcommunity.com/market/listings/730/AK-47%20%7C%20Elite%20Build%20%28Field-Tested%29,2.56,2225,2026-07-09 11:23:17.122446,5696.0
AK-47 | Elite Build (Minimal Wear),AK-47 | Elite Build (Minimal Wear),Minimal Wear,https://steamcommunity.com/market/listings/730/AK-47%20%7C%20Elite%20Build%20%28Minimal%20Wear%29,3.99,1218,2026-07-09 11:23:17.122520,4859.82
AK-47 | Elite Build (Well-Worn),AK-47 | Elite Build (Well-Worn),Well-Worn,https://steamcommunity.com/market/listings/730/AK-47%20%7C%20Elite%20Build%20%28Well-Worn%29,2.19,3108,2026-07-09 11:23:17.122594,6806.52
AK-47 | Emerald Pinstripe (Battle-Scarred),AK-47 | Emerald Pinstripe (Battle-Scarred),Battle-Scarred,https://steamcommunity.com/market/listings/730/AK-47%20%7C%20Emerald%20Pinstripe%20%28Battle-Scarred%29,3.1,414,2026-07-09 11:23:17.122668,1283.4
AK-47 | Emerald Pinstripe (Factory New),AK-47 | Emerald Pinstripe (Factory New),Factory New,https://steamcommunity.com/market/listings/730/AK-47%20%7C%20Emerald%20Pinstripe%20%28Factory%20New%29,37.81,107,2026-07-09 11:23:17.122742,4045.67
AK-47 | Emerald Pinstripe (Field-Tested),AK-47 | Emerald Pinstripe (Field-Tested),Field-Tested,https://steamcommunity.com/market/listings/730/AK-47%20%7C%20Emerald%20Pinstripe%20%28Field-Tested%29,3.17,786,2026-07-09 11:23:18.979113,2491.62
AK-47 | Emerald Pinstripe (Minimal Wear),AK-47 | Emerald Pinstripe (Minimal Wear),Minimal Wear,https://steamcommunity.com/market/listings/730/AK-47%20%7C%20Emerald%20Pinstripe%20%28Minimal%20Wear%29,5.56,570,2026-07-09 11:23:18.979212,3169.2
AK-47 | Emerald Pinstripe (Well-Worn),AK-47 | Emerald Pinstripe (Well-Worn),Well-Worn,https://steamcommunity.com/market/listings/730/AK-47%20%7C%20Emerald%20Pinstripe%20%28Well-Worn%29,3.17,489,2026-07-09 11:23:18.979303,1550.13
AK-47 | Fire Serpent (Battle-Scarred),AK-47 | Fire Serpent (Battle-Scarred),Battle-Scarred,https://steamcommunity.com/market/listings/730/AK-47%20%7C%20Fire%20Serpent%20%28Battle-Scarred%29,830.99,2,2026-07-09 11:23:18.979392,1661.98
AK-47 | Fire Serpent (Field-Tested),AK-47 | Fire Serpent (Field-Tested),Field-Tested,https://steamcommunity.com/market/listings/730/AK-47%20%7C%20Fire%20Serpent%20%28Field-Tested%29,1134.85,10,2026-07-09 11:23:18.979479,11348.5
AK-47 | Fire Serpent (Well-Worn),AK-47 | Fire Serpent (Well-Worn),Well-Worn,https://steamcommunity.com/market/listings/730/AK-47%20%7C%20Fire%20Serpent%20%28Well-Worn%29,1649.04,1,2026-07-09 11:23:18.979567,1649.04
AK-47 | First Class (Battle-Scarred),AK-47 | First Class (Battle-Scarred),Battle-Scarred,https://steamcommunity.com/market/listings/730/AK-47%20%7C%20First%20Class%20%28Battle-Scarred%29,117.79,5,2026-07-09 11:23:18.979654,588.95
AK-47 | First Class (Factory New),AK-47 | First Class (Factory New),Factory New,https://steamcommunity.com/market/listings/730/AK-47%20%7C%20First%20Class%20%28Factory%20New%29,296.31,8,2026-07-09 11:23:18.979740,2370.48
AK-47 | First Class (Field-Tested),AK-47 | First Class (Field-Tested),Field-Tested,https://steamcommunity.com/market/listings/730/AK-47%20%7C%20First%20Class%20%28Field-Tested%29,140.0,19,2026-07-09 11:23:18.979827,2660.0
AK-47 | First Class (Minimal Wear),AK-47 | First Class (Minimal Wear),Minimal Wear,https://steamcommunity.com/market/listings/730/AK-47%20%7C%20First%20Class%20%28Minimal%20Wear%29,175.27,6,2026-07-09 11:23:18.979913,1051.62
AK-47 | First Class (Well-Worn),AK-47 | First Class (Well-Worn),Well-Worn,https://steamcommunity.com/market/listings/730/AK-47%20%7C%20First%20Class%20%28Well-Worn%29,113.21,5,2026-07-09 11:23:20.920010,566.05
AK-47 | Frontside Misty (Battle-Scarred),AK-47 | Frontside Misty (Battle-Scarred),Battle-Scarred,https://steamcommunity.com/market/listings/730/AK-47%20%7C%20Frontside%20Misty%20%28Battle-Scarred%29,20.54,104,2026-07-09 11:23:20.920159,2136.16
AK-47 | Frontside Misty (Factory New),AK-47 | Frontside Misty (Factory New),Factory New,https://steamcommunity.com/market/listings/730/AK-47%20%7C%20Frontside%20Misty%20%28Factory%20New%29,167.34,47,2026-07-09 11:23:20.920251,7864.98
AK-47 | Frontside Misty (Field-Tested),AK-47 | Frontside Misty (Field-Tested),Field-Tested,https://steamcommunity.com/market/listings/730/AK-47%20%7C%20Frontside%20Misty%20%28Field-Tested%29,20.26,467,2026-07-09 11:23:20.920343,9461.42
AK-47 | Frontside Misty (Minimal Wear),AK-47 | Frontside Misty (Minimal Wear),Minimal Wear,https://steamcommunity.com/market/listings/730/AK-47%20%7C%20Frontside%20Misty%20%28Minimal%20Wear%29,42.86,207,2026-07-09 11:23:20.920430,8872.02
AK-47 | Frontside Misty (Well-Worn),AK-47 | Frontside Misty (Well-Worn),Well-Worn,https://steamcommunity.com/market/listings/730/AK-47%20%7C%20Frontside%20Misty%20%28Well-Worn%29,21.27,110,2026-07-09 11:23:20.920518,2339.7
AK-47 | Fuel Injector (Battle-Scarred),AK-47 | Fuel Injector (Battle-Scarred),Battle-Scarred,https://steamcommunity.com/market/listings/730/AK-47%20%7C%20Fuel%20Injector%20%28Battle-Scarred%29,158.42,19,2026-07-09 11:23:20.920603,3009.98
AK-47 | Fuel Injector (Factory New),AK-47 | Fuel Injector (Factory New),Factory New,https://steamcommunity.com/market/listings/730/AK-47%20%7C%20Fuel%20Injector%20%28Factory%20New%29,718.1,16,2026-07-09 11:23:20.920690,11489.6
AK-47 | Fuel Injector (Field-Tested),AK-47 | Fuel Injector (Field-Tested),Field-Tested,https://steamcommunity.com/market/listings/730/AK-47%20%7C%20Fuel%20Injector%20%28Field-Tested%29,226.75,50,2026-07-09 11:23:20.920788,11337.5
AK-47 | Fuel Injector (Minimal Wear),AK-47 | Fuel Injector (Minimal Wear),Minimal Wear,https://steamcommunity.com/market/listings/730/AK-47%20%7C%20Fuel%20Injector%20%28Minimal%20Wear%29,299.99,42,2026-07-09 11:23:20.920876,12599.58
AK-47 | Fuel Injector (Well-Worn),AK-47 | Fuel Injector (Well-Worn),Well-Worn,https://steamcommunity.com/market/listings/730/AK-47%20%7C%20Fuel%20Injector%20%28Well-Worn%29,170.63,31,2026-07-09 11:23:22.801093,5289.53
AK-47 | Green Laminate (Factory New),AK-47 | Green Laminate (Factory New),Factory New,https://steamcommunity.com/market/listings/730/AK-47%20%7C%20Green%20Laminate%20%28Factory%20New%29,91.24,46,2026-07-09 11:23:22.801200,4197.04
AK-47 | Green Laminate (Field-Tested),AK-47 | Green Laminate (Field-Tested),Field-Tested,https://steamcommunity.com/market/listings/730/AK-47%20%7C%20Green%20Laminate%20%28Field-Tested%29,33.48,38,2026-07-09 11:23:22.801290,1272.24
AK-47 | Green Laminate (Minimal Wear),AK-47 | Green Laminate (Minimal Wear),Minimal Wear,https://steamcommunity.com/market/listings/730/AK-47%20%7C%20Green%20Laminate%20%28Minimal%20Wear%29,31.91,46,2026-07-09 11:23:22.801377,1467.86
AK-47 | Green Laminate (Well-Worn),AK-47 | Green Laminate (Well-Worn),Well-Worn,https://steamcommunity.com/market/listings/730/AK-47%20%7C%20Green%20Laminate%20%28Well-Worn%29,63.84,8,2026-07-09 11:23:22.801463,510.72
AK-47 | Head Shot (Battle-Scarred),AK-47 | Head Shot (Battle-Scarred),Battle-Scarred,https://steamcommunity.com/market/listings/730/AK-47%20%7C%20Head%20Shot%20%28Battle-Scarred%29,35.37,115,2026-07-09 11:23:22.801553,4067.55
AK-47 | Head Shot (Factory New),AK-47 | Head Shot (Factory New),Factory New,https://steamcommunity.com/market/listings/730/AK-47%20%7C%20Head%20Shot%20%28Factory%20New%29,156.76,43,2026-07-09 11:23:22.801640,6740.68
AK-47 | Head Shot (Field-Tested),AK-47 | Head Shot (Field-Tested),Field-Tested,https://steamcommunity.com/market/listings/730/AK-47%20%7C%20Head%20Shot%20%28Field-Tested%29,46.7,276,2026-07-09 11:23:22.801725,12889.2
AK-47 | Head Shot (Minimal Wear),AK-47 | Head Shot (Minimal Wear),Minimal Wear,https://steamcommunity.com/market/listings/730/AK-47%20%7C%20Head%20Shot%20%28Minimal%20Wear%29,75.0,180,2026-07-09 11:23:22.801812,13500.0
AK-47 | Head Shot (Well-Worn),AK-47 | Head Shot (Well-Worn),Well-Worn,https://steamcommunity.com/market/listings/730/AK-47%20%7C%20Head%20Shot%20%28Well-Worn%29,40.68,176,2026-07-09 11:23:22.801898,7159.68
AK-47 | Hydroponic (Battle-Scarred),AK-47 | Hydroponic (Battle-Scarred),Battle-Scarred,https://steamcommunity.com/market/listings/730/AK-47%20%7C%20Hydroponic%20%28Battle-Scarred%29,1310.6,1,2026-07-09 11:23:24.674442,1310.6
AK-47 | Ice Coaled (Battle-Scarred),AK-47 | Ice Coaled (Battle-Scarred),Battle-Scarred,https://steamcommunity.com/market/listings/730/AK-47%20%7C%20Ice%20Coaled%20%28Battle-Scarred%29,5.17,436,2026-07-09 11:23:24.674573,2254.12
AK-47 | Ice Coaled (Factory New),AK-47 | Ice Coaled (Factory New),Factory New,https://steamcommunity.com/market/listings/730/AK-47%20%7C%20Ice%20Coaled%20%28Factory%20New%29,22.89,564,2026-07-09 11:23:24.674680,12909.96
AK-47 | Ice Coaled (Field-Tested),AK-47 | Ice Coaled (Field-Tested),Field-Tested,https://steamcommunity.com/market/listings/730/AK-47%20%7C%20Ice%20Coaled%20%28Field-Tested%29,5.56,2226,2026-07-09 11:23:24.674784,12376.56
AK-47 | Ice Coaled (Minimal Wear),AK-47 | Ice Coaled (Minimal Wear),Minimal Wear,https://steamcommunity.com/market/listings/730/AK-47%20%7C%20Ice%20Coaled%20%28Minimal%20Wear%29,10.86,957,2026-07-09 11:23:24.674888,10393.02
AK-47 | Ice Coaled (Well-Worn),AK-47 | Ice Coaled (Well-Worn),Well-Worn,https://steamcommunity.com/market/listings/730/AK-47%20%7C%20Ice%20Coaled%20%28Well-Worn%29,6.0,252,2026-07-09 11:23:24.674994,1512.0
AK-47 | Inheritance (Battle-Scarred),AK-47 | Inheritance (Battle-Scarred),Battle-Scarred,https://steamcommunity.com/market/listings/730/AK-47%20%7C%20Inheritance%20%28Battle-Scarred%29,48.04,182,2026-07-09 11:23:24.675096,8743.28
AK-47 | Inheritance (Factory New),AK-47 | Inheritance (Factory New),Factory New,https://steamcommunity.com/market/listings/730/AK-47%20%7C%20Inheritance%20%28Factory%20New%29,176.14,136,2026-07-09 11:23:24.675185,23955.04
AK-47 | Inheritance (Field-Tested),AK-47 | Inheritance (Field-Tested),Field-Tested,https://steamcommunity.com/market/listings/730/AK-47%20%7C%20Inheritance%20%28Field-Tested%29,56.07,751,2026-07-09 11:23:24.675277,42108.57
AK-47 | Inheritance (Minimal Wear),AK-47 | Inheritance (Minimal Wear),Minimal Wear,https://steamcommunity.com/market/listings/730/AK-47%20%7C%20Inheritance%20%28Minimal%20Wear%29,90.04,323,2026-07-09 11:23:24.675363,29082.92
AK-47 | Inheritance (Well-Worn),AK-47 | Inheritance (Well-Worn),Well-Worn,https://steamcommunity.com/market/listings/730/AK-47%20%7C%20Inheritance%20%28Well-Worn%29,59.07,51,2026-07-09 11:23:26.544409,3012.57
AK-47 | Jaguar (Battle-Scarred),AK-47 | Jaguar (Battle-Scarred),Battle-Scarred,https://steamcommunity.com/market/listings/730/AK-47%20%7C%20Jaguar%20%28Battle-Scarred%29,100.0,12,2026-07-09 11:23:26.544487,1200.0
AK-47 | Jaguar (Factory New),AK-47 | Jaguar (Factory New),Factory New,https://steamcommunity.com/market/listings/730/AK-47%20%7C%20Jaguar%20%28Factory%20New%29,1048.48,4,2026-07-09 11:23:26.544556,4193.92
AK-47 | Jaguar (Field-Tested),AK-47 | Jaguar (Field-Tested),Field-Tested,https://steamcommunity.com/market/listings/730/AK-47%20%7C%20Jaguar%20%28Field-Tested%29,117.13,36,2026-07-09 11:23:26.544622,4216.68
AK-47 | Jaguar (Minimal Wear),AK-47 | Jaguar (Minimal Wear),Minimal Wear,https://steamcommunity.com/market/listings/730/AK-47%20%7C%20Jaguar%20%28Minimal%20Wear%29,220.0,35,2026-07-09 11:23:26.544688,7700.0
AK-47 | Jaguar (Well-Worn),AK-47 | Jaguar (Well-Worn),Well-Worn,https://steamcommunity.com/market/listings/730/AK-47%20%7C%20Jaguar%20%28Well-Worn%29,104.84,17,2026-07-09 11:23:26.544754,1782.28
AK-47 | Jet Set (Battle-Scarred),AK-47 | Jet Set (Battle-Scarred),Battle-Scarred,https://steamcommunity.com/market/listings/730/AK-47%20%7C%20Jet%20Set%20%28Battle-Scarred%29,534.03,3,2026-07-09 11:23:26.544818,1602.09
AK-47 | Jet Set (Factory New),AK-47 | Jet Set (Factory New),Factory New,https://steamcommunity.com/market/listings/730/AK-47%20%7C%20Jet%20Set%20%28Factory%20New%29,1916.07,1,2026-07-09 11:23:26.544884,1916.07
AK-47 | Jet Set (Field-Tested),AK-47 | Jet Set (Field-Tested),Field-Tested,https://steamcommunity.com/market/listings/730/AK-47%20%7C%20Jet%20Set%20%28Field-Tested%29,588.94,5,2026-07-09 11:23:26.544950,2944.7
AK-47 | Jet Set (Minimal Wear),AK-47 | Jet Set (Minimal Wear),Minimal Wear,https://steamcommunity.com/market/listings/730/AK-47%20%7C%20Jet%20Set%20%28Minimal%20Wear%29,672.49,5,2026-07-09 11:23:26.545014,3362.45
AK-47 | Jet Set (Well-Worn),AK-47 | Jet Set (Well-Worn),Well-Worn,https://steamcommunity.com/market/listings/730/AK-47%20%7C%20Jet%20Set%20%28Well-Worn%29,414.0,4,2026-07-09 11:23:28.490233,1656.0
AK-47 | Jungle Spray (Battle-Scarred),AK-47 | Jungle Spray (Battle-Scarred),Battle-Scarred,https://steamcommunity.com/market/listings/730/AK-47%20%7C%20Jungle%20Spray%20%28Battle-Scarred%29,14.52,16,2026-07-09 11:23:28.490338,232.32
AK-47 | Jungle Spray (Factory New),AK-47 | Jungle Spray (Factory New),Factory New,https://steamcommunity.com/market/listings/730/AK-47%20%7C%20Jungle%20Spray%20%28Factory%20New%29,242.24,5,2026-07-09 11:23:28.490428,1211.2
AK-47 | Jungle Spray (Field-Tested),AK-47 | Jungle Spray (Field-Tested),Field-Tested,https://steamcommunity.com/market/listings/730/AK-47%20%7C%20Jungle%20Spray%20%28Field-Tested%29,18.71,121,2026-07-09 11:23:28.490517,2263.91
AK-47 | Jungle Spray (Minimal Wear),AK-47 | Jungle Spray (Minimal Wear),Minimal Wear,https://steamcommunity.com/market/listings/730/AK-47%20%7C%20Jungle%20Spray%20%28Minimal%20Wear%29,70.0,44,2026-07-09 11:23:28.490605,3080.0
AK-47 | Jungle Spray (Well-Worn),AK-47 | Jungle Spray (Well-Worn),Well-Worn,https://steamcommunity.com/market/listings/730/AK-47%20%7C%20Jungle%20Spray%20%28Well-Worn%29,18.01,16,2026-07-09 11:23:28.490692,288.16
AK-47 | Leet Museo (Battle-Scarred),AK-47 | Leet Museo (Battle-Scarred),Battle-Scarred,https://steamcommunity.com/market/listings/730/AK-47%20%7C%20Leet%20Museo%20%28Battle-Scarred%29,111.24,26,2026-07-09 11:23:28.490778,2892.24
AK-47 | Leet Museo (Factory New),AK-47 | Leet Museo (Factory New),Factory New,https://steamcommunity.com/market/listings/730/AK-47%20%7C%20Leet%20Museo%20%28Factory%20New%29,920.0,17,2026-07-09 11:23:28.490871,15640.0
AK-47 | Leet Museo (Field-Tested),AK-47 | Leet Museo (Field-Tested),Field-Tested,https://steamcommunity.com/market/listings/730/AK-47%20%7C%20Leet%20Museo%20%28Field-Tested%29,324.25,47,2026-07-09 11:23:28.490959,15239.75
AK-47 | Leet Museo (Minimal Wear),AK-47 | Leet Museo (Minimal Wear),Minimal Wear,https://steamcommunity.com/market/listings/730/AK-47%20%7C%20Leet%20Museo%20%28Minimal%20Wear%29,484.0,32,2026-07-09 11:23:28.491046,15488.0
AK-47 | Leet Museo (Well-Worn),AK-47 | Leet Museo (Well-Worn),Well-Worn,https://steamcommunity.com/market/listings/730/AK-47%20%7C%20Leet%20Museo%20%28Well-Worn%29,146.79,15,2026-07-09 11:23:30.439044,2201.85
AK-47 | Legion of Anubis (Battle-Scarred),AK-47 | Legion of Anubis (Battle-Scarred),Battle-Scarred,https://steamcommunity.com/market/listings/730/AK-47%20%7C%20Legion%20of%20Anubis%20%28Battle-Scarred%29,47.56,95,2026-07-09 11:23:30.439174,4518.2
AK-47 | Legion of Anubis (Factory New),AK-47 | Legion of Anubis (Factory New),Factory New,https://steamcommunity.com/market/listings/730/AK-47%20%7C%20Legion%20of%20Anubis%20%28Factory%20New%29,75.59,259,2026-07-09 11:23:30.439267,19577.81
AK-47 | Legion of Anubis (Field-Tested),AK-47 | Legion of Anubis (Field-Tested),Field-Tested,https://steamcommunity.com/market/listings/730/AK-47%20%7C%20Legion%20of%20Anubis%20%28Field-Tested%29,47.3,451,2026-07-09 11:23:30.439355,21332.3
AK-47 | Legion of Anubis (Minimal Wear),AK-47 | Legion of Anubis (Minimal Wear),Minimal Wear,https://steamcommunity.com/market/listings/730/AK-47%20%7C%20Legion%20of%20Anubis%20%28Minimal%20Wear%29,54.31,275,2026-07-09 11:23:30.439441,14935.25
AK-47 | Legion of Anubis (Well-Worn),AK-47 | Legion of Anubis (Well-Worn),Well-Worn,https://steamcommunity.com/market/listings/730/AK-47%20%7C%20Legion%20of%20Anubis%20%28Well-Worn%29,47.7,39,2026-07-09 11:23:30.439528,1860.3
AK-47 | Midnight Laminate (Battle-Scarred),AK-47 | Midnight Laminate (Battle-Scarred),Battle-Scarred,https://steamcommunity.com/market/listings/730/AK-47%20%7C%20Midnight%20Laminate%20%28Battle-Scarred%29,3.01,317,2026-07-09 11:23:30.439614,954.17
AK-47 | Midnight Laminate (Factory New),AK-47 | Midnight Laminate (Factory New),Factory New,https://steamcommunity.com/market/listings/730/AK-47%20%7C%20Midnight%20Laminate%20%28Factory%20New%29,27.0,443,2026-07-09 11:23:30.439703,11961.0
AK-47 | Midnight Laminate (Field-Tested),AK-47 | Midnight Laminate (Field-Tested),Field-Tested,https://steamcommunity.com/market/listings/730/AK-47%20%7C%20Midnight%20Laminate%20%28Field-Tested%29,4.15,1079,2026-07-09 11:23:30.439791,4477.85
AK-47 | Midnight Laminate (Minimal Wear),AK-47 | Midnight Laminate (Minimal Wear),Minimal Wear,https://steamcommunity.com/market/listings/730/AK-47%20%7C%20Midnight%20Laminate%20%28Minimal%20Wear%29,11.65,795,2026-07-09 11:23:30.439878,9261.75
AK-47 | Midnight Laminate (Well-Worn),AK-47 | Midnight Laminate (Well-Worn),Well-Worn,https://steamcommunity.com/market/listings/730/AK-47%20%7C%20Midnight%20Laminate%20%28Well-Worn%29,4.31,252,2026-07-09 11:23:32.382413,1086.12
AK-47 | Neon Revolution (Battle-Scarred),AK-47 | Neon Revolution (Battle-Scarred),Battle-Scarred,https://steamcommunity.com/market/listings/730/AK-47%20%7C%20Neon%20Revolution%20%28Battle-Scarred%29,154.99,23,2026-07-09 11:23:32.382499,3564.77
AK-47 | Neon Revolution (Factory New),AK-47 | Neon Revolution (Factory New),Factory New,https://steamcommunity.com/market/listings/730/AK-47%20%7C%20Neon%20Revolution%20%28Factory%20New%29,418.2,20,2026-07-09 11:23:32.382570,8364.0
AK-47 | Neon Revolution (Field-Tested),AK-47 | Neon Revolution (Field-Tested),Field-Tested,https://steamcommunity.com/market/listings/730/AK-47%20%7C%20Neon%20Revolution%20%28Field-Tested%29,152.99,107,2026-07-09 11:23:32.382638,16369.93
AK-47 | Neon Revolution (Minimal Wear),AK-47 | Neon Revolution (Minimal Wear),Minimal Wear,https://steamcommunity.com/market/listings/730/AK-47%20%7C%20Neon%20Revolution%20%28Minimal%20Wear%29,165.6,60,2026-07-09 11:23:32.382704,9936.0
AK-47 | Neon Revolution (Well-Worn),AK-47 | Neon Revolution (Well-Worn),Well-Worn,https://steamcommunity.com/market/listings/730/AK-47%20%7C%20Neon%20Revolution%20%28Well-Worn%29,157.16,16,2026-07-09 11:23:32.382773,2514.56
AK-47 | Neon Rider (Battle-Scarred),AK-47 | Neon Rider (Battle-Scarred),Battle-Scarred,https://steamcommunity.com/market/listings/730/AK-47%20%7C%20Neon%20Rider%20%28Battle-Scarred%29,61.73,29,2026-07-09 11:23:32.382844,1790.17
AK-47 | Neon Rider (Factory New),AK-47 | Neon Rider (Factory New),Factory New,https://steamcommunity.com/market/listings/730/AK-47%20%7C%20Neon%20Rider%20%28Factory%20New%29,291.75,36,2026-07-09 11:23:32.382913,10503.0
AK-47 | Neon Rider (Field-Tested),AK-47 | Neon Rider (Field-Tested),Field-Tested,https://steamcommunity.com/market/listings/730/AK-47%20%7C%20Neon%20Rider%20%28Field-Tested%29,62.0,182,2026-07-09 11:23:32.382979,11284.0
AK-47 | Neon Rider (Minimal Wear),AK-47 | Neon Rider (Minimal Wear),Minimal Wear,https://steamcommunity.com/market/listings/730/AK-47%20%7C%20Neon%20Rider%20%28Minimal%20Wear%29,100.82,95,2026-07-09 11:23:32.383053,9577.9
AK-47 | Neon Rider (Well-Worn),AK-47 | Neon Rider (Well-Worn),Well-Worn,https://steamcommunity.com/market/listings/730/AK-47%20%7C%20Neon%20Rider%20%28Well-Worn%29,71.99,20,2026-07-09 11:23:34.325162,1439.8
AK-47 | Nightwish (Battle-Scarred),AK-47 | Nightwish (Battle-Scarred),Battle-Scarred,https://steamcommunity.com/market/listings/730/AK-47%20%7C%20Nightwish%20%28Battle-Scarred%29,84.34,123,2026-07-09 11:23:34.325252,10373.82
AK-47 | Nightwish (Factory New),AK-47 | Nightwish (Factory New),Factory New,https://steamcommunity.com/market/listings/730/AK-47%20%7C%20Nightwish%20%28Factory%20New%29,166.41,53,2026-07-09 11:23:34.325334,8819.73
AK-47 | Nightwish (Field-Tested),AK-47 | Nightwish (Field-Tested),Field-Tested,https://steamcommunity.com/market/listings/730/AK-47%20%7C%20Nightwish%20%28Field-Tested%29,91.19,384,2026-07-09 11:23:34.325410,35016.96
AK-47 | Nightwish (Minimal Wear),AK-47 | Nightwish (Minimal Wear),Minimal Wear,https://steamcommunity.com/market/listings/730/AK-47%20%7C%20Nightwish%20%28Minimal%20Wear%29,99.33,184,2026-07-09 11:23:34.325483,18276.72
AK-47 | Nightwish (Well-Worn),AK-47 | Nightwish (Well-Worn),Well-Worn,https://steamcommunity.com/market/listings/730/AK-47%20%7C%20Nightwish%20%28Well-Worn%29,82.0,198,2026-07-09 11:23:34.325558,16236.0
AK-47 | Nouveau Rouge (Battle-Scarred),AK-47 | Nouveau Rouge (Battle-Scarred),Battle-Scarred,https://steamcommunity.com/market/listings/730/AK-47%20%7C%20Nouveau%20Rouge%20%28Battle-Scarred%29,8.85,289,2026-07-09 11:23:34.325632,2557.65
AK-47 | Nouveau Rouge (Factory New),AK-47 | Nouveau Rouge (Factory New),Factory New,https://steamcommunity.com/market/listings/730/AK-47%20%7C%20Nouveau%20Rouge%20%28Factory%20New%29,123.59,60,2026-07-09 11:23:34.325705,7415.4
AK-47 | Nouveau Rouge (Field-Tested),AK-47 | Nouveau Rouge (Field-Tested),Field-Tested,https://steamcommunity.com/market/listings/730/AK-47%20%7C%20Nouveau%20Rouge%20%28Field-Tested%29,12.89,438,2026-07-09 11:23:34.325778,5645.82
AK-47 | Nouveau Rouge (Minimal Wear),AK-47 | Nouveau Rouge (Minimal Wear),Minimal Wear,https://steamcommunity.com/market/listings/730/AK-47%20%7C%20Nouveau%20Rouge%20%28Minimal%20Wear%29,36.99,300,2026-07-09 11:23:34.325852,11097.0
AK-47 | Nouveau Rouge (Well-Worn),AK-47 | Nouveau Rouge (Well-Worn),Well-Worn,https://steamcommunity.com/market/listings/730/AK-47%20%7C%20Nouveau%20Rouge%20%28Well-Worn%29,8.33,267,2026-07-09 11:23:36.270857,2224.11
AK-47 | Olive Polycam (Battle-Scarred),AK-47 | Olive Polycam (Battle-Scarred),Battle-Scarred,https://steamcommunity.com/market/listings/730/AK-47%20%7C%20Olive%20Polycam%20%28Battle-Scarred%29,0.16,1767,2026-07-09 11:23:36.270924,282.72
AK-47 | Olive Polycam (Factory New),AK-47 | Olive Polycam (Factory New),Factory New,https://steamcommunity.com/market/listings/730/AK-47%20%7C%20Olive%20Polycam%20%28Factory%20New%29,0.94,9246,2026-07-09 11:23:36.270981,8691.24
AK-47 | Olive Polycam (Field-Tested),AK-47 | Olive Polycam (Field-Tested),Field-Tested,https://steamcommunity.com/market/listings/730/AK-47%20%7C%20Olive%20Polycam%20%28Field-Tested%29,0.14,24820,2026-07-09 11:23:36.271036,3474.8
AK-47 | Olive Polycam (Minimal Wear),AK-47 | Olive Polycam (Minimal Wear),Minimal Wear,https://steamcommunity.com/market/listings/730/AK-47%20%7C%20Olive%20Polycam%20%28Minimal%20Wear%29,0.23,21025,2026-07-09 11:23:36.271091,4835.75
AK-47 | Olive Polycam (Well-Worn),AK-47 | Olive Polycam (Well-Worn),Well-Worn,https://steamcommunity.com/market/listings/730/AK-47%20%7C%20Olive%20Polycam%20%28Well-Worn%29,0.15,2107,2026-07-09 11:23:36.271147,316.05
AK-47 | Orbit Mk01 (Battle-Scarred),AK-47 | Orbit Mk01 (Battle-Scarred),Battle-Scarred,https://steamcommunity.com/market/listings/730/AK-47%20%7C%20Orbit%20Mk01%20%28Battle-Scarred%29,35.91,19,2026-07-09 11:23:36.271202,682.29
AK-47 | Orbit Mk01 (Factory New),AK-47 | Orbit Mk01 (Factory New),Factory New,https://steamcommunity.com/market/listings/730/AK-47%20%7C%20Orbit%20Mk01%20%28Factory%20New%29,183.48,84,2026-07-09 11:23:36.271257,15412.32
AK-47 | Orbit Mk01 (Field-Tested),AK-47 | Orbit Mk01 (Field-Tested),Field-Tested,https://steamcommunity.com/market/listings/730/AK-47%20%7C%20Orbit%20Mk01%20%28Field-Tested%29,37.46,119,2026-07-09 11:23:36.271312,4457.74
AK-47 | Orbit Mk01 (Minimal Wear),AK-47 | Orbit Mk01 (Minimal Wear),Minimal Wear,https://steamcommunity.com/market/listings/730/AK-47%20%7C%20Orbit%20Mk01%20%28Minimal%20Wear%29,46.97,126,2026-07-09 11:23:36.271368,5918.22
AK-47 | Orbit Mk01 (Well-Worn),AK-47 | Orbit Mk01 (Well-Worn),Well-Worn,https://steamcommunity.com/market/listings/730/AK-47%20%7C%20Orbit%20Mk01%20%28Well-Worn%29,35.5,28,2026-07-09 11:23:38.144041,994.0
AK-47 | Panthera onca (Battle-Scarred),AK-47 | Panthera onca (Battle-Scarred),Battle-Scarred,https://steamcommunity.com/market/listings/730/AK-47%20%7C%20Panthera%20onca%20%28Battle-Scarred%29,238.08,3,2026-07-09 11:23:38.144152,714.24
AK-47 | Panthera onca (Factory New),AK-47 | Panthera onca (Factory New),Factory New,https://steamcommunity.com/market/listings/730/AK-47%20%7C%20Panthera%20onca%20%28Factory%20New%29,854.76,5,2026-07-09 11:23:38.144243,4273.8
AK-47 | Panthera onca (Field-Tested),AK-47 | Panthera onca (Field-Tested),Field-Tested,https://steamcommunity.com/market/listings/730/AK-47%20%7C%20Panthera%20onca%20%28Field-Tested%29,262.12,3,2026-07-09 11:23:38.144332,786.36
AK-47 | Panthera onca (Minimal Wear),AK-47 | Panthera onca (Minimal Wear),Minimal Wear,https://steamcommunity.com/market/listings/730/AK-47%20%7C%20Panthera%20onca%20%28Minimal%20Wear%29,442.17,6,2026-07-09 11:23:38.144420,2653.02
AK-47 | Panthera onca (Well-Worn),AK-47 | Panthera onca (Well-Worn),Well-Worn,https://steamcommunity.com/market/listings/730/AK-47%20%7C%20Panthera%20onca%20%28Well-Worn%29,245.99,7,2026-07-09 11:23:38.144510,1721.93
AK-47 | Phantom Disruptor (Battle-Scarred),AK-47 | Phantom Disruptor (Battle-Scarred),Battle-Scarred,https://steamcommunity.com/market/listings/730/AK-47%20%7C%20Phantom%20Disruptor%20%28Battle-Scarred%29,6.56,195,2026-07-09 11:23:38.144602,1279.2
AK-47 | Phantom Disruptor (Factory New),AK-47 | Phantom Disruptor (Factory New),Factory New,https://steamcommunity.com/market/listings/730/AK-47%20%7C%20Phantom%20Disruptor%20%28Factory%20New%29,39.61,199,2026-07-09 11:23:38.144691,7882.39
AK-47 | Phantom Disruptor (Field-Tested),AK-47 | Phantom Disruptor (Field-Tested),Field-Tested,https://steamcommunity.com/market/listings/730/AK-47%20%7C%20Phantom%20Disruptor%20%28Field-Tested%29,6.94,1281,2026-07-09 11:23:38.144781,8890.14
AK-47 | Phantom Disruptor (Minimal Wear),AK-47 | Phantom Disruptor (Minimal Wear),Minimal Wear,https://steamcommunity.com/market/listings/730/AK-47%20%7C%20Phantom%20Disruptor%20%28Minimal%20Wear%29,10.54,448,2026-07-09 11:23:38.144868,4721.92
AK-47 | Phantom Disruptor (Well-Worn),AK-47 | Phantom Disruptor (Well-Worn),Well-Worn,https://steamcommunity.com/market/listings/730/AK-47%20%7C%20Phantom%20Disruptor%20%28Well-Worn%29,7.32,144,2026-07-09 11:23:40.062739,1054.08
AK-47 | Point Disarray (Battle-Scarred),AK-47 | Point Disarray (Battle-Scarred),Battle-Scarred,https://steamcommunity.com/market/listings/730/AK-47%20%7C%20Point%20Disarray%20%28Battle-Scarred%29,18.8,74,2026-07-09 11:23:40.062840,1391.2
AK-47 | Point Disarray (Factory New),AK-47 | Point Disarray (Factory New),Factory New,https://steamcommunity.com/market/listings/730/AK-47%20%7C%20Point%20Disarray%20%28Factory%20New%29,115.0,69,2026-07-09 11:23:40.062930,7935.0
AK-47 | Point Disarray (Field-Tested),AK-47 | Point Disarray (Field-Tested),Field-Tested,https://steamcommunity.com/market/listings/730/AK-47%20%7C%20Point%20Disarray%20%28Field-Tested%29,17.8,352,2026-07-09 11:23:40.063018,6265.6
AK-47 | Point Disarray (Minimal Wear),AK-47 | Point Disarray (Minimal Wear),Minimal Wear,https://steamcommunity.com/market/listings/730/AK-47%20%7C%20Point%20Disarray%20%28Minimal%20Wear%29,29.45,210,2026-07-09 11:23:40.063103,6184.5
AK-47 | Point Disarray (Well-Worn),AK-47 | Point Disarray (Well-Worn),Well-Worn,https://steamcommunity.com/market/listings/730/AK-47%20%7C%20Point%20Disarray%20%28Well-Worn%29,20.87,42,2026-07-09 11:23:40.063188,876.54
AK-47 | Predator (Battle-Scarred),AK-47 | Predator (Battle-Scarred),Battle-Scarred,https://steamcommunity.com/market/listings/730/AK-47%20%7C%20Predator%20%28Battle-Scarred%29,13.93,52,2026-07-09 11:23:40.063274,724.36
AK-47 | Predator (Factory New),AK-47 | Predator (Factory New),Factory New,https://steamcommunity.com/market/listings/730/AK-47%20%7C%20Predator%20%28Factory%20New%29,145.28,10,2026-07-09 11:23:40.063360,1452.8
AK-47 | Predator (Field-Tested),AK-47 | Predator (Field-Tested),Field-Tested,https://steamcommunity.com/market/listings/730/AK-47%20%7C%20Predator%20%28Field-Tested%29,12.91,123,2026-07-09 11:23:40.063445,1587.93
AK-47 | Predator (Minimal Wear),AK-47 | Predator (Minimal Wear),Minimal Wear,https://steamcommunity.com/market/listings/730/AK-47%20%7C%20Predator%20%28Minimal%20Wear%29,19.2,59,2026-07-09 11:23:40.063531,1132.8
AK-47 | Predator (Well-Worn),AK-47 | Predator (Well-Worn),Well-Worn,https://steamcommunity.com/market/listings/730/AK-47%20%7C%20Predator%20%28Well-Worn%29,14.75,24,2026-07-09 11:23:42.010009,354.0
AK-47 | Rat Rod (Battle-Scarred),AK-47 | Rat Rod (Battle-Scarred),Battle-Scarred,https://steamcommunity.com/market/listings/730/AK-47%20%7C%20Rat%20Rod%20%28Battle-Scarred%29,4.97,125,2026-07-09 11:23:42.010100,621.25
AK-47 | Rat Rod (Factory New),AK-47 | Rat Rod (Factory New),Factory New,https://steamcommunity.com/market/listings/730/AK-47%20%7C%20Rat%20Rod%20%28Factory%20New%29,148.16,51,2026-07-09 11:23:42.010178,7556.16
AK-47 | Rat Rod (Field-Tested),AK-47 | Rat Rod (Field-Tested),Field-Tested,https://steamcommunity.com/market/listings/730/AK-47%20%7C%20Rat%20Rod%20%28Field-Tested%29,5.23,386,2026-07-09 11:23:42.010254,2018.78
AK-47 | Rat Rod (Minimal Wear),AK-47 | Rat Rod (Minimal Wear),Minimal Wear,https://steamcommunity.com/market/listings/730/AK-47%20%7C%20Rat%20Rod%20%28Minimal%20Wear%29,12.04,276,2026-07-09 11:23:42.010329,3323.04
AK-47 | Rat Rod (Well-Worn),AK-47 | Rat Rod (Well-Worn),Well-Worn,https://steamcommunity.com/market/listings/730/AK-47%20%7C%20Rat%20Rod%20%28Well-Worn%29,4.95,145,2026-07-09 11:23:42.010404,717.75
AK-47 | Red Laminate (Battle-Scarred),AK-47 | Red Laminate (Battle-Scarred),Battle-Scarred,https://steamcommunity.com/market/listings/730/AK-47%20%7C%20Red%20Laminate%20%28Battle-Scarred%29,77.52,29,2026-07-09 11:23:42.010480,2248.08
AK-47 | Red Laminate (Factory New),AK-47 | Red Laminate (Factory New),Factory New,https://steamcommunity.com/market/listings/730/AK-47%20%7C%20Red%20Laminate%20%28Factory%20New%29,1112.44,3,2026-07-09 11:23:42.010555,3337.32
AK-47 | Red Laminate (Field-Tested),AK-47 | Red Laminate (Field-Tested),Field-Tested,https://steamcommunity.com/market/listings/730/AK-47%20%7C%20Red%20Laminate%20%28Field-Tested%29,82.83,135,2026-07-09 11:23:42.010629,11182.05
AK-47 | Red Laminate (Minimal Wear),AK-47 | Red Laminate (Minimal Wear),Minimal Wear,https://steamcommunity.com/market/listings/730/AK-47%20%7C%20Red%20Laminate%20%28Minimal%20Wear%29,193.59,52,2026-07-09 11:23:42.010706,10066.68
AK-47 | Red Laminate (Well-Worn),AK-47 | Red Laminate (Well-Worn),Well-Worn,https://steamcommunity.com/market/listings/730/AK-47%20%7C%20Red%20Laminate%20%28Well-Worn%29,77.0,28,2026-07-09 11:23:43.887692,2156.0
AK-47 | Redline (Battle-Scarred),AK-47 | Redline (Battle-Scarred),Battle-Scarred,https://steamcommunity.com/market/listings/730/AK-47%20%7C%20Redline%20%28Battle-Scarred%29,34.19,90,2026-07-09 11:23:43.887862,3077.1
AK-47 | Redline (Field-Tested),AK-47 | Redline (Field-Tested),Field-Tested,https://steamcommunity.com/market/listings/730/AK-47%20%7C%20Redline%20%28Field-Tested%29,41.41,1133,2026-07-09 11:23:43.887976,46917.53
AK-47 | Redline (Minimal Wear),AK-47 | Redline (Minimal Wear),Minimal Wear,https://steamcommunity.com/market/listings/730/AK-47%20%7C%20Redline%20%28Minimal%20Wear%29,218.82,80,2026-07-09 11:23:43.888037,17505.6
AK-47 | Redline (Well-Worn),AK-47 | Redline (Well-Worn),Well-Worn,https://steamcommunity.com/market/listings/730/AK-47%20%7C%20Redline%20%28Well-Worn%29,35.08,53,2026-07-09 11:23:43.888089,1859.24
AK-47 | Safari Mesh (Battle-Scarred),AK-47 | Safari Mesh (Battle-Scarred),Battle-Scarred,https://steamcommunity.com/market/listings/730/AK-47%20%7C%20Safari%20Mesh%20%28Battle-Scarred%29,0.1,3132,2026-07-09 11:23:43.888137,313.2
AK-47 | Safari Mesh (Factory New),AK-47 | Safari Mesh (Factory New),Factory New,https://steamcommunity.com/market/listings/730/AK-47%20%7C%20Safari%20Mesh%20%28Factory%20New%29,15.04,181,2026-07-09 11:23:43.888188,2722.24
AK-47 | Safari Mesh (Field-Tested),AK-47 | Safari Mesh (Field-Tested),Field-Tested,https://steamcommunity.com/market/listings/730/AK-47%20%7C%20Safari%20Mesh%20%28Field-Tested%29,0.09,19502,2026-07-09 11:23:43.888237,1755.18
AK-47 | Safari Mesh (Minimal Wear),AK-47 | Safari Mesh (Minimal Wear),Minimal Wear,https://steamcommunity.com/market/listings/730/AK-47%20%7C%20Safari%20Mesh%20%28Minimal%20Wear%29,0.39,10099,2026-07-09 11:23:43.888285,3938.61
AK-47 | Safari Mesh (Well-Worn),AK-47 | Safari Mesh (Well-Worn),Well-Worn,https://steamcommunity.com/market/listings/730/AK-47%20%7C%20Safari%20Mesh%20%28Well-Worn%29,0.1,3380,2026-07-09 11:23:43.888333,338.0
AK-47 | Safety Net (Battle-Scarred),AK-47 | Safety Net (Battle-Scarred),Battle-Scarred,https://steamcommunity.com/market/listings/730/AK-47%20%7C%20Safety%20Net%20%28Battle-Scarred%29,3.6,196,2026-07-09 11:23:45.797344,705.6
AK-47 | Safety Net (Factory New),AK-47 | Safety Net (Factory New),Factory New,https://steamcommunity.com/market/listings/730/AK-47%20%7C%20Safety%20Net%20%28Factory%20New%29,38.15,164,2026-07-09 11:23:45.797431,6256.6
AK-47 | Safety Net (Field-Tested),AK-47 | Safety Net (Field-Tested),Field-Tested,https://steamcommunity.com/market/listings/730/AK-47%20%7C%20Safety%20Net%20%28Field-Tested%29,3.4,775,2026-07-09 11:23:45.797494,2635.0
AK-47 | Safety Net (Minimal Wear),AK-47 | Safety Net (Minimal Wear),Minimal Wear,https://steamcommunity.com/market/listings/730/AK-47%20%7C%20Safety%20Net%20%28Minimal%20Wear%29,5.8,334,2026-07-09 11:23:45.797554,1937.2
AK-47 | Safety Net (Well-Worn),AK-47 | Safety Net (Well-Worn),Well-Worn,https://steamcommunity.com/market/listings/730/AK-47%20%7C%20Safety%20Net%20%28Well-Worn%29,3.7,132,2026-07-09 11:23:45.797614,488.4
AK-47 | Searing Rage (Battle-Scarred),AK-47 | Searing Rage (Battle-Scarred),Battle-Scarred,https://steamcommunity.com/market/listings/730/AK-47%20%7C%20Searing%20Rage%20%28Battle-Scarred%29,5.52,404,2026-07-09 11:23:45.797677,2230.08
AK-47 | Searing Rage (Factory New),AK-47 | Searing Rage (Factory New),Factory New,https://steamcommunity.com/market/listings/730/AK-47%20%7C%20Searing%20Rage%20%28Factory%20New%29,38.15,162,2026-07-09 11:23:45.797774,6180.3
AK-47 | Searing Rage (Field-Tested),AK-47 | Searing Rage (Field-Tested),Field-Tested,https://steamcommunity.com/market/listings/730/AK-47%20%7C%20Searing%20Rage%20%28Field-Tested%29,6.48,858,2026-07-09 11:23:45.797902,5559.84
AK-47 | Searing Rage (Minimal Wear),AK-47 | Searing Rage (Minimal Wear),Minimal Wear,https://steamcommunity.com/market/listings/730/AK-47%20%7C%20Searing%20Rage%20%28Minimal%20Wear%29,10.0,468,2026-07-09 11:23:45.797974,4680.0
AK-47 | Searing Rage (Well-Worn),AK-47 | Searing Rage (Well-Worn),Well-Worn,https://steamcommunity.com/market/listings/730/AK-47%20%7C%20Searing%20Rage%20%28Well-Worn%29,5.7,539,2026-07-09 11:23:45.798033,3072.3
AK-47 | Slate (Battle-Scarred),AK-47 | Slate (Battle-Scarred),Battle-Scarred,https://steamcommunity.com/market/listings/730/AK-47%20%7C%20Slate%20%28Battle-Scarred%29,4.83,1663,2026-07-09 11:23:47.744925,8032.29
AK-47 | Slate (Factory New),AK-47 | Slate (Factory New),Factory New,https://steamcommunity.com/market/listings/730/AK-47%20%7C%20Slate%20%28Factory%20New%29,25.16,449,2026-07-09 11:23:47.745053,11296.84
AK-47 | Slate (Field-Tested),AK-47 | Slate (Field-Tested),Field-Tested,https://steamcommunity.com/market/listings/730/AK-47%20%7C%20Slate%20%28Field-Tested%29,5.69,4126,2026-07-09 11:23:47.745165,23476.94
AK-47 | Slate (Minimal Wear),AK-47 | Slate (Minimal Wear),Minimal Wear,https://steamcommunity.com/market/listings/730/AK-47%20%7C%20Slate%20%28Minimal%20Wear%29,9.05,1312,2026-07-09 11:23:47.745273,11873.6
AK-47 | Slate (Well-Worn),AK-47 | Slate (Well-Worn),Well-Worn,https://steamcommunity.com/market/listings/730/AK-47%20%7C%20Slate%20%28Well-Worn%29,4.97,2973,2026-07-09 11:23:47.745376,14775.81
AK-47 | Steel Delta (Battle-Scarred),AK-47 | Steel Delta (Battle-Scarred),Battle-Scarred,https://steamcommunity.com/market/listings/730/AK-47%20%7C%20Steel%20Delta%20%28Battle-Scarred%29,2.68,289,2026-07-09 11:23:47.745480,774.52
AK-47 | Steel Delta (Factory New),AK-47 | Steel Delta (Factory New),Factory New,https://steamcommunity.com/market/listings/730/AK-47%20%7C%20Steel%20Delta%20%28Factory%20New%29,27.0,198,2026-07-09 11:23:47.745585,5346.0
AK-47 | Steel Delta (Field-Tested),AK-47 | Steel Delta (Field-Tested),Field-Tested,https://steamcommunity.com/market/listings/730/AK-47%20%7C%20Steel%20Delta%20%28Field-Tested%29,2.3,524,2026-07-09 11:23:47.745691,1205.2
AK-47 | Steel Delta (Minimal Wear),AK-47 | Steel Delta (Minimal Wear),Minimal Wear,https://steamcommunity.com/market/listings/730/AK-47%20%7C%20Steel%20Delta%20%28Minimal%20Wear%29,4.23,356,2026-07-09 11:23:47.745806,1505.88
AK-47 | Steel Delta (Well-Worn),AK-47 | Steel Delta (Well-Worn),Well-Worn,https://steamcommunity.com/market/listings/730/AK-47%20%7C%20Steel%20Delta%20%28Well-Worn%29,2.49,138,2026-07-09 11:23:47.745910,343.62
AK-47 | The Empress (Battle-Scarred),AK-47 | The Empress (Battle-Scarred),Battle-Scarred,https://steamcommunity.com/market/listings/730/AK-47%20%7C%20The%20Empress%20%28Battle-Scarred%29,132.45,54,2026-07-09 11:23:49.688278,7152.3
AK-47 | The Empress (Factory New),AK-47 | The Empress (Factory New),Factory New,https://steamcommunity.com/market/listings/730/AK-47%20%7C%20The%20Empress%20%28Factory%20New%29,346.31,38,2026-07-09 11:23:49.688336,13159.78
AK-47 | The Empress (Field-Tested),AK-47 | The Empress (Field-Tested),Field-Tested,https://steamcommunity.com/market/listings/730/AK-47%20%7C%20The%20Empress%20%28Field-Tested%29,142.46,121,2026-07-09 11:23:49.688380,17237.66
AK-47 | The Empress (Minimal Wear),AK-47 | The Empress (Minimal Wear),Minimal Wear,https://steamcommunity.com/market/listings/730/AK-47%20%7C%20The%20Empress%20%28Minimal%20Wear%29,146.06,90,2026-07-09 11:23:49.688429,13145.4
AK-47 | The Empress (Well-Worn),AK-47 | The Empress (Well-Worn),Well-Worn,https://steamcommunity.com/market/listings/730/AK-47%20%7C%20The%20Empress%20%28Well-Worn%29,132.95,47,2026-07-09 11:23:49.688474,6248.65
AK-47 | The Oligarch (Battle-Scarred),AK-47 | The Oligarch (Battle-Scarred),Battle-Scarred,https://steamcommunity.com/market/listings/730/AK-47%20%7C%20The%20Oligarch%20%28Battle-Scarred%29,42.18,119,2026-07-09 11:23:49.688518,5019.42
AK-47 | The Oligarch (Factory New),AK-47 | The Oligarch (Factory New),Factory New,https://steamcommunity.com/market/listings/730/AK-47%20%7C%20The%20Oligarch%20%28Factory%20New%29,393.39,31,2026-07-09 11:23:49.688559,12195.09
AK-47 | The Oligarch (Field-Tested),AK-47 | The Oligarch (Field-Tested),Field-Tested,https://steamcommunity.com/market/listings/730/AK-47%20%7C%20The%20Oligarch%20%28Field-Tested%29,79.35,330,2026-07-09 11:23:49.688613,26185.5
AK-47 | The Oligarch (Minimal Wear),AK-47 | The Oligarch (Minimal Wear),Minimal Wear,https://steamcommunity.com/market/listings/730/AK-47%20%7C%20The%20Oligarch%20%28Minimal%20Wear%29,161.47,169,2026-07-09 11:23:49.688655,27288.43
AK-47 | The Oligarch (Well-Worn),AK-47 | The Oligarch (Well-Worn),Well-Worn,https://steamcommunity.com/market/listings/730/AK-47%20%7C%20The%20Oligarch%20%28Well-Worn%29,52.0,155,2026-07-09 11:23:49.688697,8060.0
AK-47 | The Outsiders (Battle-Scarred),AK-47 | The Outsiders (Battle-Scarred),Battle-Scarred,https://steamcommunity.com/market/listings/730/AK-47%20%7C%20The%20Outsiders%20%28Battle-Scarred%29,7.84,162,2026-07-09 11:23:51.552630,1270.08
AK-47 | The Outsiders (Factory New),AK-47 | The Outsiders (Factory New),Factory New,https://steamcommunity.com/market/listings/730/AK-47%20%7C%20The%20Outsiders%20%28Factory%20New%29,130.94,40,2026-07-09 11:23:51.552689,5237.6
AK-47 | The Outsiders (Field-Tested),AK-47 | The Outsiders (Field-Tested),Field-Tested,https://steamcommunity.com/market/listings/730/AK-47%20%7C%20The%20Outsiders%20%28Field-Tested%29,9.54,467,2026-07-09 11:23:51.552737,4455.18
AK-47 | The Outsiders (Minimal Wear),AK-47 | The Outsiders (Minimal Wear),Minimal Wear,https://steamcommunity.com/market/listings/730/AK-47%20%7C%20The%20Outsiders%20%28Minimal%20Wear%29,20.02,154,2026-07-09 11:23:51.552783,3083.08
AK-47 | The Outsiders (Well-Worn),AK-47 | The Outsiders (Well-Worn),Well-Worn,https://steamcommunity.com/market/listings/730/AK-47%20%7C%20The%20Outsiders%20%28Well-Worn%29,8.11,154,2026-07-09 11:23:51.552828,1248.94
AK-47 | Uncharted (Battle-Scarred),AK-47 | Uncharted (Battle-Scarred),Battle-Scarred,https://steamcommunity.com/market/listings/730/AK-47%20%7C%20Uncharted%20%28Battle-Scarred%29,0.89,1548,2026-07-09 11:23:51.552874,1377.72
AK-47 | Uncharted (Factory New),AK-47 | Uncharted (Factory New),Factory New,https://steamcommunity.com/market/listings/730/AK-47%20%7C%20Uncharted%20%28Factory%20New%29,5.71,349,2026-07-09 11:23:51.552918,1992.79
AK-47 | Uncharted (Field-Tested),AK-47 | Uncharted (Field-Tested),Field-Tested,https://steamcommunity.com/market/listings/730/AK-47%20%7C%20Uncharted%20%28Field-Tested%29,0.89,5697,2026-07-09 11:23:51.552964,5070.33
AK-47 | Uncharted (Minimal Wear),AK-47 | Uncharted (Minimal Wear),Minimal Wear,https://steamcommunity.com/market/listings/730/AK-47%20%7C%20Uncharted%20%28Minimal%20Wear%29,1.16,2208,2026-07-09 11:23:51.553008,2561.28
AK-47 | Uncharted (Well-Worn),AK-47 | Uncharted (Well-Worn),Well-Worn,https://steamcommunity.com/market/listings/730/AK-47%20%7C%20Uncharted%20%28Well-Worn%29,0.93,534,2026-07-09 11:23:51.553053,496.62
AK-47 | VariCamo Grey (Battle-Scarred),AK-47 | VariCamo Grey (Battle-Scarred),Battle-Scarred,https://steamcommunity.com/market/listings/730/AK-47%20%7C%20VariCamo%20Grey%20%28Battle-Scarred%29,0.11,3079,2026-07-09 11:23:53.407554,338.69
AK-47 | VariCamo Grey (Factory New),AK-47 | VariCamo Grey (Factory New),Factory New,https://steamcommunity.com/market/listings/730/AK-47%20%7C%20VariCamo%20Grey%20%28Factory%20New%29,0.77,1457,2026-07-09 11:23:53.407668,1121.89
AK-47 | VariCamo Grey (Field-Tested),AK-47 | VariCamo Grey (Field-Tested),Field-Tested,https://steamcommunity.com/market/listings/730/AK-47%20%7C%20VariCamo%20Grey%20%28Field-Tested%29,0.09,10846,2026-07-09 11:23:53.407769,976.14
AK-47 | VariCamo Grey (Minimal Wear),AK-47 | VariCamo Grey (Minimal Wear),Minimal Wear,https://steamcommunity.com/market/listings/730/AK-47%20%7C%20VariCamo%20Grey%20%28Minimal%20Wear%29,0.18,5882,2026-07-09 11:23:53.407864,1058.76
AK-47 | VariCamo Grey (Well-Worn),AK-47 | VariCamo Grey (Well-Worn),Well-Worn,https://steamcommunity.com/market/listings/730/AK-47%20%7C%20VariCamo%20Grey%20%28Well-Worn%29,0.13,1602,2026-07-09 11:23:53.407966,208.26
AK-47 | Vulcan (Battle-Scarred),AK-47 | Vulcan (Battle-Scarred),Battle-Scarred,https://steamcommunity.com/market/listings/730/AK-47%20%7C%20Vulcan%20%28Battle-Scarred%29,165.55,15,2026-07-09 11:23:53.408064,2483.25
AK-47 | Vulcan (Factory New),AK-47 | Vulcan (Factory New),Factory New,https://steamcommunity.com/market/listings/730/AK-47%20%7C%20Vulcan%20%28Factory%20New%29,916.61,7,2026-07-09 11:23:53.408159,6416.27
AK-47 | Vulcan (Field-Tested),AK-47 | Vulcan (Field-Tested),Field-Tested,https://steamcommunity.com/market/listings/730/AK-47%20%7C%20Vulcan%20%28Field-Tested%29,268.61,65,2026-07-09 11:23:53.408259,17459.65
AK-47 | Vulcan (Minimal Wear),AK-47 | Vulcan (Minimal Wear),Minimal Wear,https://steamcommunity.com/market/listings/730/AK-47%20%7C%20Vulcan%20%28Minimal%20Wear%29,570.71,48,2026-07-09 11:23:53.408353,27394.08
AK-47 | Vulcan (Well-Worn),AK-47 | Vulcan (Well-Worn),Well-Worn,https://steamcommunity.com/market/listings/730/AK-47%20%7C%20Vulcan%20%28Well-Worn%29,198.56,14,2026-07-09 11:23:53.408444,2779.84
AK-47 | Wasteland Rebel (Battle-Scarred),AK-47 | Wasteland Rebel (Battle-Scarred),Battle-Scarred,https://steamcommunity.com/market/listings/730/AK-47%20%7C%20Wasteland%20Rebel%20%28Battle-Scarred%29,102.59,12,2026-07-09 11:23:55.266531,1231.08
AK-47 | Wasteland Rebel (Factory New),AK-47 | Wasteland Rebel (Factory New),Factory New,https://steamcommunity.com/market/listings/730/AK-47%20%7C%20Wasteland%20Rebel%20%28Factory%20New%29,600.0,5,2026-07-09 11:23:55.266644,3000.0
AK-47 | Wasteland Rebel (Field-Tested),AK-47 | Wasteland Rebel (Field-Tested),Field-Tested,https://steamcommunity.com/market/listings/730/AK-47%20%7C%20Wasteland%20Rebel%20%28Field-Tested%29,110.22,60,2026-07-09 11:23:55.266744,6613.2
AK-47 | Wasteland Rebel (Minimal Wear),AK-47 | Wasteland Rebel (Minimal Wear),Minimal Wear,https://steamcommunity.com/market/listings/730/AK-47%20%7C%20Wasteland%20Rebel%20%28Minimal%20Wear%29,128.0,31,2026-07-09 11:23:55.266842,3968.0
AK-47 | Wasteland Rebel (Well-Worn),AK-47 | Wasteland Rebel (Well-Worn),Well-Worn,https://steamcommunity.com/market/listings/730/AK-47%20%7C%20Wasteland%20Rebel%20%28Well-Worn%29,103.73,6,2026-07-09 11:23:55.266940,622.38
AK-47 | Wintergreen (Battle-Scarred),AK-47 | Wintergreen (Battle-Scarred),Battle-Scarred,https://steamcommunity.com/market/listings/730/AK-47%20%7C%20Wintergreen%20%28Battle-Scarred%29,0.74,1514,2026-07-09 11:23:55.267038,1120.36
AK-47 | Wintergreen (Factory New),AK-47 | Wintergreen (Factory New),Factory New,https://steamcommunity.com/market/listings/730/AK-47%20%7C%20Wintergreen%20%28Factory%20New%29,7.96,604,2026-07-09 11:23:55.267143,4807.84
AK-47 | Wintergreen (Field-Tested),AK-47 | Wintergreen (Field-Tested),Field-Tested,https://steamcommunity.com/market/listings/730/AK-47%20%7C%20Wintergreen%20%28Field-Tested%29,0.85,3317,2026-07-09 11:23:55.267239,2819.45
AK-47 | Wintergreen (Minimal Wear),AK-47 | Wintergreen (Minimal Wear),Minimal Wear,https://steamcommunity.com/market/listings/730/AK-47%20%7C%20Wintergreen%20%28Minimal%20Wear%29,2.57,1247,2026-07-09 11:23:55.267332,3204.79
AK-47 | Wintergreen (Well-Worn),AK-47 | Wintergreen (Well-Worn),Well-Worn,https://steamcommunity.com/market/listings/730/AK-47%20%7C%20Wintergreen%20%28Well-Worn%29,0.94,441,2026-07-09 11:23:55.267471,414.54
AK-47 | X-Ray (Battle-Scarred),AK-47 | X-Ray (Battle-Scarred),Battle-Scarred,https://steamcommunity.com/market/listings/730/AK-47%20%7C%20X-Ray%20%28Battle-Scarred%29,639.89,5,2026-07-09 11:23:57.133729,3199.45
AK-47 | X-Ray (Field-Tested),AK-47 | X-Ray (Field-Tested),Field-Tested,https://steamcommunity.com/market/listings/730/AK-47%20%7C%20X-Ray%20%28Field-Tested%29,1439.64,3,2026-07-09 11:23:57.133773,4318.92
AK-47 | X-Ray (Well-Worn),AK-47 | X-Ray (Well-Worn),Well-Worn,https://steamcommunity.com/market/listings/730/AK-47%20%7C%20X-Ray%20%28Well-Worn%29,708.87,4,2026-07-09 11:23:57.133810,2835.48
Souvenir AK-47 | Aphrodite (Battle-Scarred),Souvenir AK-47 | Aphrodite (Battle-Scarred),Battle-Scarred,https://steamcommunity.com/market/listings/730/Souvenir%20AK-47%20%7C%20Aphrodite%20%28Battle-Scarred%29,45.15,8,2026-07-09 11:23:57.133846,361.2
Souvenir AK-47 | Aphrodite (Factory New),Souvenir AK-47 | Aphrodite (Factory New),Factory New,https://steamcommunity.com/market/listings/730/Souvenir%20AK-47%20%7C%20Aphrodite%20%28Factory%20New%29,1106.9,3,2026-07-09 11:23:57.133883,3320.7
Souvenir AK-47 | Aphrodite (Field-Tested),Souvenir AK-47 | Aphrodite (Field-Tested),Field-Tested,https://steamcommunity.com/market/listings/730/Souvenir%20AK-47%20%7C%20Aphrodite%20%28Field-Tested%29,77.65,12,2026-07-09 11:23:57.133918,931.8
Souvenir AK-47 | Aphrodite (Minimal Wear),Souvenir AK-47 | Aphrodite (Minimal Wear),Minimal Wear,https://steamcommunity.com/market/listings/730/Souvenir%20AK-47%20%7C%20Aphrodite%20%28Minimal%20Wear%29,168.26,9,2026-07-09 11:23:57.133954,1514.34
Souvenir AK-47 | Aphrodite (Well-Worn),Souvenir AK-47 | Aphrodite (Well-Worn),Well-Worn,https://steamcommunity.com/market/listings/730/Souvenir%20AK-47%20%7C%20Aphrodite%20%28Well-Worn%29,110.18,3,2026-07-09 11:23:57.133990,330.54
Souvenir AK-47 | Asiimov (Field-Tested),Souvenir AK-47 | Asiimov (Field-Tested),Field-Tested,https://steamcommunity.com/market/listings/730/Souvenir%20AK-47%20%7C%20Asiimov%20%28Field-Tested%29,312.36,5,2026-07-09 11:23:57.134025,1561.8
Souvenir AK-47 | Asiimov (Minimal Wear),Souvenir AK-47 | Asiimov (Minimal Wear),Minimal Wear,https://steamcommunity.com/market/listings/730/Souvenir%20AK-47%20%7C%20Asiimov%20%28Minimal%20Wear%29,336.79,1,2026-07-09 11:23:57.134061,336.79
Souvenir AK-47 | B the Monster (Battle-Scarred),Souvenir AK-47 | B the Monster (Battle-Scarred),Battle-Scarred,https://steamcommunity.com/market/listings/730/Souvenir%20AK-47%20%7C%20B%20the%20Monster%20%28Battle-Scarred%29,154.99,12,2026-07-09 11:23:58.977458,1859.88
Souvenir AK-47 | B the Monster (Factory New),Souvenir AK-47 | B the Monster (Factory New),Factory New,https://steamcommunity.com/market/listings/730/Souvenir%20AK-47%20%7C%20B%20the%20Monster%20%28Factory%20New%29,934.57,2,2026-07-09 11:23:58.977510,1869.14
Souvenir AK-47 | B the Monster (Field-Tested),Souvenir AK-47 | B the Monster (Field-Tested),Field-Tested,https://steamcommunity.com/market/listings/730/Souvenir%20AK-47%20%7C%20B%20the%20Monster%20%28Field-Tested%29,244.5,16,2026-07-09 11:23:58.977555,3912.0
Souvenir AK-47 | B the Monster (Minimal Wear),Souvenir AK-47 | B the Monster (Minimal Wear),Minimal Wear,https://steamcommunity.com/market/listings/730/Souvenir%20AK-47%20%7C%20B%20the%20Monster%20%28Minimal%20Wear%29,570.71,6,2026-07-09 11:23:58.977595,3424.26
Souvenir AK-47 | B the Monster (Well-Worn),Souvenir AK-47 | B the Monster (Well-Worn),Well-Worn,https://steamcommunity.com/market/listings/730/Souvenir%20AK-47%20%7C%20B%20the%20Monster%20%28Well-Worn%29,195.65,4,2026-07-09 11:23:58.977635,782.6
Souvenir AK-47 | Baroque Purple (Battle-Scarred),Souvenir AK-47 | Baroque Purple (Battle-Scarred),Battle-Scarred,https://steamcommunity.com/market/listings/730/Souvenir%20AK-47%20%7C%20Baroque%20Purple%20%28Battle-Scarred%29,26.17,1,2026-07-09 11:23:58.977680,26.17
Souvenir AK-47 | Baroque Purple (Field-Tested),Souvenir AK-47 | Baroque Purple (Field-Tested),Field-Tested,https://steamcommunity.com/market/listings/730/Souvenir%20AK-47%20%7C%20Baroque%20Purple%20%28Field-Tested%29,16.99,4,2026-07-09 11:23:58.977723,67.96
Souvenir AK-47 | Baroque Purple (Minimal Wear),Souvenir AK-47 | Baroque Purple (Minimal Wear),Minimal Wear,https://steamcommunity.com/market/listings/730/Souvenir%20AK-47%20%7C%20Baroque%20Purple%20%28Minimal%20Wear%29,35.5,10,2026-07-09 11:23:58.977761,355.0
Souvenir AK-47 | Baroque Purple (Well-Worn),Souvenir AK-47 | Baroque Purple (Well-Worn),Well-Worn,https://steamcommunity.com/market/listings/730/Souvenir%20AK-47%20%7C%20Baroque%20Purple%20%28Well-Worn%29,45.81,1,2026-07-09 11:23:58.977814,45.81
Souvenir AK-47 | Black Laminate (Battle-Scarred),Souvenir AK-47 | Black Laminate (Battle-Scarred),Battle-Scarred,https://steamcommunity.com/market/listings/730/Souvenir%20AK-47%20%7C%20Black%20Laminate%20%28Battle-Scarred%29,53.56,6,2026-07-09 11:23:58.977851,321.36
Souvenir AK-47 | Black Laminate (Field-Tested),Souvenir AK-47 | Black Laminate (Field-Tested),Field-Tested,https://steamcommunity.com/market/listings/730/Souvenir%20AK-47%20%7C%20Black%20Laminate%20%28Field-Tested%29,50.5,17,2026-07-09 11:24:00.947036,858.5
Souvenir AK-47 | Black Laminate (Minimal Wear),Souvenir AK-47 | Black Laminate (Minimal Wear),Minimal Wear,https://steamcommunity.com/market/listings/730/Souvenir%20AK-47%20%7C%20Black%20Laminate%20%28Minimal%20Wear%29,96.75,15,2026-07-09 11:24:00.947080,1451.25
Souvenir AK-47 | Black Laminate (Well-Worn),Souvenir AK-47 | Black Laminate (Well-Worn),Well-Worn,https://steamcommunity.com/market/listings/730/Souvenir%20AK-47%20%7C%20Black%20Laminate%20%28Well-Worn%29,66.75,7,2026-07-09 11:24:00.947119,467.25
Souvenir AK-47 | Bloodsport (Factory New),Souvenir AK-47 | Bloodsport (Factory New),Factory New,https://steamcommunity.com/market/listings/730/Souvenir%20AK-47%20%7C%20Bloodsport%20%28Factory%20New%29,920.0,2,2026-07-09 11:24:00.947158,1840.0
Souvenir AK-47 | Bloodsport (Minimal Wear),Souvenir AK-47 | Bloodsport (Minimal Wear),Minimal Wear,https://steamcommunity.com/market/listings/730/Souvenir%20AK-47%20%7C%20Bloodsport%20%28Minimal%20Wear%29,673.56,1,2026-07-09 11:24:00.947194,673.56
Souvenir AK-47 | Blue Laminate (Field-Tested),Souvenir AK-47 | Blue Laminate (Field-Tested),Field-Tested,https://steamcommunity.com/market/listings/730/Souvenir%20AK-47%20%7C%20Blue%20Laminate%20%28Field-Tested%29,250.73,1,2026-07-09 11:24:00.947230,250.73
Souvenir AK-47 | Blue Laminate (Minimal Wear),Souvenir AK-47 | Blue Laminate (Minimal Wear),Minimal Wear,https://steamcommunity.com/market/listings/730/Souvenir%20AK-47%20%7C%20Blue%20Laminate%20%28Minimal%20Wear%29,170.37,3,2026-07-09 11:24:00.947264,511.11
Souvenir AK-47 | Breakthrough (Factory New),Souvenir AK-47 | Breakthrough (Factory New),Factory New,https://steamcommunity.com/market/listings/730/Souvenir%20AK-47%20%7C%20Breakthrough%20%28Factory%20New%29,72.15,2,2026-07-09 11:24:00.947303,144.3
Souvenir AK-47 | Breakthrough (Field-Tested),Souvenir AK-47 | Breakthrough (Field-Tested),Field-Tested,https://steamcommunity.com/market/listings/730/Souvenir%20AK-47%20%7C%20Breakthrough%20%28Field-Tested%29,28.75,2,2026-07-09 11:24:00.947338,57.5
Souvenir AK-47 | Breakthrough (Minimal Wear),Souvenir AK-47 | Breakthrough (Minimal Wear),Minimal Wear,https://steamcommunity.com/market/listings/730/Souvenir%20AK-47%20%7C%20Breakthrough%20%28Minimal%20Wear%29,49.6,5,2026-07-09 11:24:00.947373,248.0
Souvenir AK-47 | Breakthrough (Well-Worn),Souvenir AK-47 | Breakthrough (Well-Worn),Well-Worn,https://steamcommunity.com/market/listings/730/Souvenir%20AK-47%20%7C%20Breakthrough%20%28Well-Worn%29,56.14,1,2026-07-09 11:24:02.898498,56.14
Souvenir AK-47 | Cartel (Minimal Wear),Souvenir AK-47 | Cartel (Minimal Wear),Minimal Wear,https://steamcommunity.com/market/listings/730/Souvenir%20AK-47%20%7C%20Cartel%20%28Minimal%20Wear%29,148.54,3,2026-07-09 11:24:02.898550,445.62
Souvenir AK-47 | Case Hardened (Factory New),Souvenir AK-47 | Case Hardened (Factory New),Factory New,https://steamcommunity.com/market/listings/730/Souvenir%20AK-47%20%7C%20Case%20Hardened%20%28Factory%20New%29,1849.55,1,2026-07-09 11:24:02.898595,1849.55
Souvenir AK-47 | Case Hardened (Field-Tested),Souvenir AK-47 | Case Hardened (Field-Tested),Field-Tested,https://steamcommunity.com/market/listings/730/Souvenir%20AK-47%20%7C%20Case%20Hardened%20%28Field-Tested%29,900.0,2,2026-07-09 11:24:02.898636,1800.0
Souvenir AK-47 | Case Hardened (Minimal Wear),Souvenir AK-47 | Case Hardened (Minimal Wear),Minimal Wear,https://steamcommunity.com/market/listings/730/Souvenir%20AK-47%20%7C%20Case%20Hardened%20%28Minimal%20Wear%29,1391.99,1,2026-07-09 11:24:02.898677,1391.99
Souvenir AK-47 | Case Hardened (Well-Worn),Souvenir AK-47 | Case Hardened (Well-Worn),Well-Worn,https://steamcommunity.com/market/listings/730/Souvenir%20AK-47%20%7C%20Case%20Hardened%20%28Well-Worn%29,1308.76,1,2026-07-09 11:24:02.898718,1308.76
Souvenir AK-47 | Crane Flight (Battle-Scarred),Souvenir AK-47 | Crane Flight (Battle-Scarred),Battle-Scarred,https://steamcommunity.com/market/listings/730/Souvenir%20AK-47%20%7C%20Crane%20Flight%20%28Battle-Scarred%29,43.48,5,2026-07-09 11:24:02.898757,217.4
Souvenir AK-47 | Crane Flight (Factory New),Souvenir AK-47 | Crane Flight (Factory New),Factory New,https://steamcommunity.com/market/listings/730/Souvenir%20AK-47%20%7C%20Crane%20Flight%20%28Factory%20New%29,432.51,6,2026-07-09 11:24:02.898797,2595.06
Souvenir AK-47 | Crane Flight (Field-Tested),Souvenir AK-47 | Crane Flight (Field-Tested),Field-Tested,https://steamcommunity.com/market/listings/730/Souvenir%20AK-47%20%7C%20Crane%20Flight%20%28Field-Tested%29,104.7,4,2026-07-09 11:24:02.898837,418.8
Souvenir AK-47 | Crane Flight (Minimal Wear),Souvenir AK-47 | Crane Flight (Minimal Wear),Minimal Wear,https://steamcommunity.com/market/listings/730/Souvenir%20AK-47%20%7C%20Crane%20Flight%20%28Minimal%20Wear%29,105.36,9,2026-07-09 11:24:02.898877,948.24
Souvenir AK-47 | Crane Flight (Well-Worn),Souvenir AK-47 | Crane Flight (Well-Worn),Well-Worn,https://steamcommunity.com/market/listings/730/Souvenir%20AK-47%20%7C%20Crane%20Flight%20%28Well-Worn%29,120.41,5,2026-07-09 11:24:04.746961,602.05
Souvenir AK-47 | Crossfade (Factory New),Souvenir AK-47 | Crossfade (Factory New),Factory New,https://steamcommunity.com/market/listings/730/Souvenir%20AK-47%20%7C%20Crossfade%20%28Factory%20New%29,56.4,7,2026-07-09 11:24:04.747070,394.8
Souvenir AK-47 | Crossfade (Minimal Wear),Souvenir AK-47 | Crossfade (Minimal Wear),Minimal Wear,https://steamcommunity.com/market/listings/730/Souvenir%20AK-47%20%7C%20Crossfade%20%28Minimal%20Wear%29,25.38,1,2026-07-09 11:24:04.747170,25.38
Souvenir AK-47 | Elite Build (Battle-Scarred),Souvenir AK-47 | Elite Build (Battle-Scarred),Battle-Scarred,https://steamcommunity.com/market/listings/730/Souvenir%20AK-47%20%7C%20Elite%20Build%20%28Battle-Scarred%29,45.59,1,2026-07-09 11:24:04.747266,45.59
Souvenir AK-47 | Elite Build (Factory New),Souvenir AK-47 | Elite Build (Factory New),Factory New,https://steamcommunity.com/market/listings/730/Souvenir%20AK-47%20%7C%20Elite%20Build%20%28Factory%20New%29,341.91,4,2026-07-09 11:24:04.747363,1367.64
Souvenir AK-47 | Elite Build (Field-Tested),Souvenir AK-47 | Elite Build (Field-Tested),Field-Tested,https://steamcommunity.com/market/listings/730/Souvenir%20AK-47%20%7C%20Elite%20Build%20%28Field-Tested%29,14.37,3,2026-07-09 11:24:04.747463,43.11
Souvenir AK-47 | Elite Build (Minimal Wear),Souvenir AK-47 | Elite Build (Minimal Wear),Minimal Wear,https://steamcommunity.com/market/listings/730/Souvenir%20AK-47%20%7C%20Elite%20Build%20%28Minimal%20Wear%29,19.98,5,2026-07-09 11:24:04.747560,99.9
Souvenir AK-47 | Elite Build (Well-Worn),Souvenir AK-47 | Elite Build (Well-Worn),Well-Worn,https://steamcommunity.com/market/listings/730/Souvenir%20AK-47%20%7C%20Elite%20Build%20%28Well-Worn%29,392.63,1,2026-07-09 11:24:04.747661,392.63
Souvenir AK-47 | Emerald Pinstripe (Field-Tested),Souvenir AK-47 | Emerald Pinstripe (Field-Tested),Field-Tested,https://steamcommunity.com/market/listings/730/Souvenir%20AK-47%20%7C%20Emerald%20Pinstripe%20%28Field-Tested%29,114.04,1,2026-07-09 11:24:04.747757,114.04
Souvenir AK-47 | Emerald Pinstripe (Well-Worn),Souvenir AK-47 | Emerald Pinstripe (Well-Worn),Well-Worn,https://steamcommunity.com/market/listings/730/Souvenir%20AK-47%20%7C%20Emerald%20Pinstripe%20%28Well-Worn%29,63.49,2,2026-07-09 11:24:04.747851,126.98
Souvenir AK-47 | Frontside Misty (Field-Tested),Souvenir AK-47 | Frontside Misty (Field-Tested),Field-Tested,https://steamcommunity.com/market/listings/730/Souvenir%20AK-47%20%7C%20Frontside%20Misty%20%28Field-Tested%29,112.27,2,2026-07-09 11:24:06.598138,224.54
Souvenir AK-47 | Frontside Misty (Minimal Wear),Souvenir AK-47 | Frontside Misty (Minimal Wear),Minimal Wear,https://steamcommunity.com/market/listings/730/Souvenir%20AK-47%20%7C%20Frontside%20Misty%20%28Minimal%20Wear%29,787.91,3,2026-07-09 11:24:06.598244,2363.73
Souvenir AK-47 | Fuel Injector (Battle-Scarred),Souvenir AK-47 | Fuel Injector (Battle-Scarred),Battle-Scarred,https://steamcommunity.com/market/listings/730/Souvenir%20AK-47%20%7C%20Fuel%20Injector%20%28Battle-Scarred%29,327.19,1,2026-07-09 11:24:06.598349,327.19
Souvenir AK-47 | Fuel Injector (Field-Tested),Souvenir AK-47 | Fuel Injector (Field-Tested),Field-Tested,https://steamcommunity.com/market/listings/730/Souvenir%20AK-47%20%7C%20Fuel%20Injector%20%28Field-Tested%29,375.18,2,2026-07-09 11:24:06.598464,750.36
Souvenir AK-47 | Fuel Injector (Minimal Wear),Souvenir AK-47 | Fuel Injector (Minimal Wear),Minimal Wear,https://steamcommunity.com/market/listings/730/Souvenir%20AK-47%20%7C%20Fuel%20Injector%20%28Minimal%20Wear%29,588.04,1,2026-07-09 11:24:06.598514,588.04
Souvenir AK-47 | Gold Arabesque (Battle-Scarred),Souvenir AK-47 | Gold Arabesque (Battle-Scarred),Battle-Scarred,https://steamcommunity.com/market/listings/730/Souvenir%20AK-47%20%7C%20Gold%20Arabesque%20%28Battle-Scarred%29,1751.19,1,2026-07-09 11:24:06.598557,1751.19
Souvenir AK-47 | Green Laminate (Factory New),Souvenir AK-47 | Green Laminate (Factory New),Factory New,https://steamcommunity.com/market/listings/730/Souvenir%20AK-47%20%7C%20Green%20Laminate%20%28Factory%20New%29,47.75,28,2026-07-09 11:24:06.598602,1337.0
Souvenir AK-47 | Green Laminate (Field-Tested),Souvenir AK-47 | Green Laminate (Field-Tested),Field-Tested,https://steamcommunity.com/market/listings/730/Souvenir%20AK-47%20%7C%20Green%20Laminate%20%28Field-Tested%29,22.9,36,2026-07-09 11:24:06.598645,824.4
Souvenir AK-47 | Green Laminate (Minimal Wear),Souvenir AK-47 | Green Laminate (Minimal Wear),Minimal Wear,https://steamcommunity.com/market/listings/730/Souvenir%20AK-47%20%7C%20Green%20Laminate%20%28Minimal%20Wear%29,26.05,15,2026-07-09 11:24:06.598685,390.75
Souvenir AK-47 | Green Laminate (Well-Worn),Souvenir AK-47 | Green Laminate (Well-Worn),Well-Worn,https://steamcommunity.com/market/listings/730/Souvenir%20AK-47%20%7C%20Green%20Laminate%20%28Well-Worn%29,28.59,12,2026-07-09 11:24:06.598724,343.08
Souvenir AK-47 | Head Shot (Field-Tested),Souvenir AK-47 | Head Shot (Field-Tested),Field-Tested,https://steamcommunity.com/market/listings/730/Souvenir%20AK-47%20%7C%20Head%20Shot%20%28Field-Tested%29,1571.62,1,2026-07-09 11:24:08.526917,1571.62
Souvenir AK-47 | Head Shot (Well-Worn),Souvenir AK-47 | Head Shot (Well-Worn),Well-Worn,https://steamcommunity.com/market/listings/730/Souvenir%20AK-47%20%7C%20Head%20Shot%20%28Well-Worn%29,1649.04,1,2026-07-09 11:24:08.526964,1649.04
Souvenir AK-47 | Ice Coaled (Factory New),Souvenir AK-47 | Ice Coaled (Factory New),Factory New,https://steamcommunity.com/market/listings/730/Souvenir%20AK-47%20%7C%20Ice%20Coaled%20%28Factory%20New%29,129.09,1,2026-07-09 11:24:08.527006,129.09
Souvenir AK-47 | Ice Coaled (Field-Tested),Souvenir AK-47 | Ice Coaled (Field-Tested),Field-Tested,https://steamcommunity.com/market/listings/730/Souvenir%20AK-47%20%7C%20Ice%20Coaled%20%28Field-Tested%29,49.73,1,2026-07-09 11:24:08.527047,49.73
Souvenir AK-47 | Ice Coaled (Minimal Wear),Souvenir AK-47 | Ice Coaled (Minimal Wear),Minimal Wear,https://steamcommunity.com/market/listings/730/Souvenir%20AK-47%20%7C%20Ice%20Coaled%20%28Minimal%20Wear%29,67.73,1,2026-07-09 11:24:08.527086,67.73
Souvenir AK-47 | Inheritance (Battle-Scarred),Souvenir AK-47 | Inheritance (Battle-Scarred),Battle-Scarred,https://steamcommunity.com/market/listings/730/Souvenir%20AK-47%20%7C%20Inheritance%20%28Battle-Scarred%29,76.72,1,2026-07-09 11:24:08.527126,76.72
Souvenir AK-47 | Inheritance (Factory New),Souvenir AK-47 | Inheritance (Factory New),Factory New,https://steamcommunity.com/market/listings/730/Souvenir%20AK-47%20%7C%20Inheritance%20%28Factory%20New%29,740.77,4,2026-07-09 11:24:08.527165,2963.08
Souvenir AK-47 | Inheritance (Field-Tested),Souvenir AK-47 | Inheritance (Field-Tested),Field-Tested,https://steamcommunity.com/market/listings/730/Souvenir%20AK-47%20%7C%20Inheritance%20%28Field-Tested%29,157.04,2,2026-07-09 11:24:08.527205,314.08
Souvenir AK-47 | Inheritance (Minimal Wear),Souvenir AK-47 | Inheritance (Minimal Wear),Minimal Wear,https://steamcommunity.com/market/listings/730/Souvenir%20AK-47%20%7C%20Inheritance%20%28Minimal%20Wear%29,423.93,4,2026-07-09 11:24:08.527244,1695.72
Souvenir AK-47 | Inheritance (Well-Worn),Souvenir AK-47 | Inheritance (Well-Worn),Well-Worn,https://steamcommunity.com/market/listings/730/Souvenir%20AK-47%20%7C%20Inheritance%20%28Well-Worn%29,258.19,1,2026-07-09 11:24:08.527284,258.19
Souvenir AK-47 | Jaguar (Field-Tested),Souvenir AK-47 | Jaguar (Field-Tested),Field-Tested,https://steamcommunity.com/market/listings/730/Souvenir%20AK-47%20%7C%20Jaguar%20%28Field-Tested%29,224.5,1,2026-07-09 11:24:10.390641,224.5
Souvenir AK-47 | Jungle Spray (Factory New),Souvenir AK-47 | Jungle Spray (Factory New),Factory New,https://steamcommunity.com/market/listings/730/Souvenir%20AK-47%20%7C%20Jungle%20Spray%20%28Factory%20New%29,279.5,1,2026-07-09 11:24:10.390749,279.5
Souvenir AK-47 | Jungle Spray (Field-Tested),Souvenir AK-47 | Jungle Spray (Field-Tested),Field-Tested,https://steamcommunity.com/market/listings/730/Souvenir%20AK-47%20%7C%20Jungle%20Spray%20%28Field-Tested%29,136.77,2,2026-07-09 11:24:10.390839,273.54
Souvenir AK-47 | Jungle Spray (Minimal Wear),Souvenir AK-47 | Jungle Spray (Minimal Wear),Minimal Wear,https://steamcommunity.com/market/listings/730/Souvenir%20AK-47%20%7C%20Jungle%20Spray%20%28Minimal%20Wear%29,146.64,1,2026-07-09 11:24:10.390927,146.64
Souvenir AK-47 | Legion of Anubis (Factory New),Souvenir AK-47 | Legion of Anubis (Factory New),Factory New,https://steamcommunity.com/market/listings/730/Souvenir%20AK-47%20%7C%20Legion%20of%20Anubis%20%28Factory%20New%29,2042.7,1,2026-07-09 11:24:10.391014,2042.7
Souvenir AK-47 | Legion of Anubis (Field-Tested),Souvenir AK-47 | Legion of Anubis (Field-Tested),Field-Tested,https://steamcommunity.com/market/listings/730/Souvenir%20AK-47%20%7C%20Legion%20of%20Anubis%20%28Field-Tested%29,392.62,1,2026-07-09 11:24:10.391101,392.62
Souvenir AK-47 | Legion of Anubis (Minimal Wear),Souvenir AK-47 | Legion of Anubis (Minimal Wear),Minimal Wear,https://steamcommunity.com/market/listings/730/Souvenir%20AK-47%20%7C%20Legion%20of%20Anubis%20%28Minimal%20Wear%29,719.82,1,2026-07-09 11:24:10.391186,719.82
Souvenir AK-47 | Midnight Laminate (Factory New),Souvenir AK-47 | Midnight Laminate (Factory New),Factory New,https://steamcommunity.com/market/listings/730/Souvenir%20AK-47%20%7C%20Midnight%20Laminate%20%28Factory%20New%29,105.38,7,2026-07-09 11:24:10.391271,737.66
Souvenir AK-47 | Midnight Laminate (Field-Tested),Souvenir AK-47 | Midnight Laminate (Field-Tested),Field-Tested,https://steamcommunity.com/market/listings/730/Souvenir%20AK-47%20%7C%20Midnight%20Laminate%20%28Field-Tested%29,43.88,7,2026-07-09 11:24:10.391360,307.16
Souvenir AK-47 | Midnight Laminate (Minimal Wear),Souvenir AK-47 | Midnight Laminate (Minimal Wear),Minimal Wear,https://steamcommunity.com/market/listings/730/Souvenir%20AK-47%20%7C%20Midnight%20Laminate%20%28Minimal%20Wear%29,91.73,4,2026-07-09 11:24:10.391446,366.92
Souvenir AK-47 | Neon Rider (Field-Tested),Souvenir AK-47 | Neon Rider (Field-Tested),Field-Tested,https://steamcommunity.com/market/listings/730/Souvenir%20AK-47%20%7C%20Neon%20Rider%20%28Field-Tested%29,128.25,1,2026-07-09 11:24:12.318969,128.25
Souvenir AK-47 | Nightwish (Field-Tested),Souvenir AK-47 | Nightwish (Field-Tested),Field-Tested,https://steamcommunity.com/market/listings/730/Souvenir%20AK-47%20%7C%20Nightwish%20%28Field-Tested%29,449.03,1,2026-07-09 11:24:12.319098,449.03
Souvenir AK-47 | Nightwish (Minimal Wear),Souvenir AK-47 | Nightwish (Minimal Wear),Minimal Wear,https://steamcommunity.com/market/listings/730/Souvenir%20AK-47%20%7C%20Nightwish%20%28Minimal%20Wear%29,1778.3,1,2026-07-09 11:24:12.319209,1778.3
Souvenir AK-47 | Nightwish (Well-Worn),Souvenir AK-47 | Nightwish (Well-Worn),Well-Worn,https://steamcommunity.com/market/listings/730/Souvenir%20AK-47%20%7C%20Nightwish%20%28Well-Worn%29,916.13,1,2026-07-09 11:24:12.319315,916.13
Souvenir AK-47 | Nouveau Rouge (Factory New),Souvenir AK-47 | Nouveau Rouge (Factory New),Factory New,https://steamcommunity.com/market/listings/730/Souvenir%20AK-47%20%7C%20Nouveau%20Rouge%20%28Factory%20New%29,397.79,2,2026-07-09 11:24:12.319418,795.58
Souvenir AK-47 | Nouveau Rouge (Field-Tested),Souvenir AK-47 | Nouveau Rouge (Field-Tested),Field-Tested,https://steamcommunity.com/market/listings/730/Souvenir%20AK-47%20%7C%20Nouveau%20Rouge%20%28Field-Tested%29,425.79,3,2026-07-09 11:24:12.319531,1277.37
Souvenir AK-47 | Nouveau Rouge (Minimal Wear),Souvenir AK-47 | Nouveau Rouge (Minimal Wear),Minimal Wear,https://steamcommunity.com/market/listings/730/Souvenir%20AK-47%20%7C%20Nouveau%20Rouge%20%28Minimal%20Wear%29,165.02,5,2026-07-09 11:24:12.319647,825.1
Souvenir AK-47 | Nouveau Rouge (Well-Worn),Souvenir AK-47 | Nouveau Rouge (Well-Worn),Well-Worn,https://steamcommunity.com/market/listings/730/Souvenir%20AK-47%20%7C%20Nouveau%20Rouge%20%28Well-Worn%29,393.18,1,2026-07-09 11:24:12.319753,393.18
Souvenir AK-47 | Olive Polycam (Battle-Scarred),Souvenir AK-47 | Olive Polycam (Battle-Scarred),Battle-Scarred,https://steamcommunity.com/market/listings/730/Souvenir%20AK-47%20%7C%20Olive%20Polycam%20%28Battle-Scarred%29,21.53,2,2026-07-09 11:24:12.319856,43.06
Souvenir AK-47 | Olive Polycam (Factory New),Souvenir AK-47 | Olive Polycam (Factory New),Factory New,https://steamcommunity.com/market/listings/730/Souvenir%20AK-47%20%7C%20Olive%20Polycam%20%28Factory%20New%29,9.62,35,2026-07-09 11:24:12.319958,336.7
Souvenir AK-47 | Olive Polycam (Field-Tested),Souvenir AK-47 | Olive Polycam (Field-Tested),Field-Tested,https://steamcommunity.com/market/listings/730/Souvenir%20AK-47%20%7C%20Olive%20Polycam%20%28Field-Tested%29,11.56,5,2026-07-09 11:24:14.187443,57.8
Souvenir AK-47 | Olive Polycam (Minimal Wear),Souvenir AK-47 | Olive Polycam (Minimal Wear),Minimal Wear,https://steamcommunity.com/market/listings/730/Souvenir%20AK-47%20%7C%20Olive%20Polycam%20%28Minimal%20Wear%29,10.13,8,2026-07-09 11:24:14.187544,81.04
Souvenir AK-47 | Orbit Mk01 (Battle-Scarred),Souvenir AK-47 | Orbit Mk01 (Battle-Scarred),Battle-Scarred,https://steamcommunity.com/market/listings/730/Souvenir%20AK-47%20%7C%20Orbit%20Mk01%20%28Battle-Scarred%29,179.59,1,2026-07-09 11:24:14.187635,179.59
Souvenir AK-47 | Orbit Mk01 (Field-Tested),Souvenir AK-47 | Orbit Mk01 (Field-Tested),Field-Tested,https://steamcommunity.com/market/listings/730/Souvenir%20AK-47%20%7C%20Orbit%20Mk01%20%28Field-Tested%29,222.0,1,2026-07-09 11:24:14.187723,222.0
Souvenir AK-47 | Panthera onca (Battle-Scarred),Souvenir AK-47 | Panthera onca (Battle-Scarred),Battle-Scarred,https://steamcommunity.com/market/listings/730/Souvenir%20AK-47%20%7C%20Panthera%20onca%20%28Battle-Scarred%29,176.68,10,2026-07-09 11:24:14.187815,1766.8
Souvenir AK-47 | Panthera onca (Field-Tested),Souvenir AK-47 | Panthera onca (Field-Tested),Field-Tested,https://steamcommunity.com/market/listings/730/Souvenir%20AK-47%20%7C%20Panthera%20onca%20%28Field-Tested%29,222.0,13,2026-07-09 11:24:14.187902,2886.0
Souvenir AK-47 | Panthera onca (Minimal Wear),Souvenir AK-47 | Panthera onca (Minimal Wear),Minimal Wear,https://steamcommunity.com/market/listings/730/Souvenir%20AK-47%20%7C%20Panthera%20onca%20%28Minimal%20Wear%29,354.0,7,2026-07-09 11:24:14.187988,2478.0
Souvenir AK-47 | Panthera onca (Well-Worn),Souvenir AK-47 | Panthera onca (Well-Worn),Well-Worn,https://steamcommunity.com/market/listings/730/Souvenir%20AK-47%20%7C%20Panthera%20onca%20%28Well-Worn%29,175.0,6,2026-07-09 11:24:14.188074,1050.0
Souvenir AK-47 | Point Disarray (Factory New),Souvenir AK-47 | Point Disarray (Factory New),Factory New,https://steamcommunity.com/market/listings/730/Souvenir%20AK-47%20%7C%20Point%20Disarray%20%28Factory%20New%29,458.05,1,2026-07-09 11:24:14.188158,458.05
Souvenir AK-47 | Redline (Field-Tested),Souvenir AK-47 | Redline (Field-Tested),Field-Tested,https://steamcommunity.com/market/listings/730/Souvenir%20AK-47%20%7C%20Redline%20%28Field-Tested%29,350.0,4,2026-07-09 11:24:14.188244,1400.0
Souvenir AK-47 | Redline (Minimal Wear),Souvenir AK-47 | Redline (Minimal Wear),Minimal Wear,https://steamcommunity.com/market/listings/730/Souvenir%20AK-47%20%7C%20Redline%20%28Minimal%20Wear%29,978.5,1,2026-07-09 11:24:16.103039,978.5
Souvenir AK-47 | Safari Mesh (Battle-Scarred),Souvenir AK-47 | Safari Mesh (Battle-Scarred),Battle-Scarred,https://steamcommunity.com/market/listings/730/Souvenir%20AK-47%20%7C%20Safari%20Mesh%20%28Battle-Scarred%29,5.7,39,2026-07-09 11:24:16.103116,222.3
Souvenir AK-47 | Safari Mesh (Factory New),Souvenir AK-47 | Safari Mesh (Factory New),Factory New,https://steamcommunity.com/market/listings/730/Souvenir%20AK-47%20%7C%20Safari%20Mesh%20%28Factory%20New%29,25.0,12,2026-07-09 11:24:16.103206,300.0
Souvenir AK-47 | Safari Mesh (Field-Tested),Souvenir AK-47 | Safari Mesh (Field-Tested),Field-Tested,https://steamcommunity.com/market/listings/730/Souvenir%20AK-47%20%7C%20Safari%20Mesh%20%28Field-Tested%29,4.28,232,2026-07-09 11:24:16.103294,992.96
Souvenir AK-47 | Safari Mesh (Minimal Wear),Souvenir AK-47 | Safari Mesh (Minimal Wear),Minimal Wear,https://steamcommunity.com/market/listings/730/Souvenir%20AK-47%20%7C%20Safari%20Mesh%20%28Minimal%20Wear%29,5.81,76,2026-07-09 11:24:16.103381,441.56
Souvenir AK-47 | Safari Mesh (Well-Worn),Souvenir AK-47 | Safari Mesh (Well-Worn),Well-Worn,https://steamcommunity.com/market/listings/730/Souvenir%20AK-47%20%7C%20Safari%20Mesh%20%28Well-Worn%29,5.56,30,2026-07-09 11:24:16.103478,166.8
Souvenir AK-47 | Safety Net (Battle-Scarred),Souvenir AK-47 | Safety Net (Battle-Scarred),Battle-Scarred,https://steamcommunity.com/market/listings/730/Souvenir%20AK-47%20%7C%20Safety%20Net%20%28Battle-Scarred%29,21.17,13,2026-07-09 11:24:16.103566,275.21
Souvenir AK-47 | Safety Net (Factory New),Souvenir AK-47 | Safety Net (Factory New),Factory New,https://steamcommunity.com/market/listings/730/Souvenir%20AK-47%20%7C%20Safety%20Net%20%28Factory%20New%29,71.96,18,2026-07-09 11:24:16.103660,1295.28
Souvenir AK-47 | Safety Net (Field-Tested),Souvenir AK-47 | Safety Net (Field-Tested),Field-Tested,https://steamcommunity.com/market/listings/730/Souvenir%20AK-47%20%7C%20Safety%20Net%20%28Field-Tested%29,21.93,28,2026-07-09 11:24:16.103748,614.04
Souvenir AK-47 | Safety Net (Minimal Wear),Souvenir AK-47 | Safety Net (Minimal Wear),Minimal Wear,https://steamcommunity.com/market/listings/730/Souvenir%20AK-47%20%7C%20Safety%20Net%20%28Minimal%20Wear%29,26.4,22,2026-07-09 11:24:16.103850,580.8
Souvenir AK-47 | Safety Net (Well-Worn),Souvenir AK-47 | Safety Net (Well-Worn),Well-Worn,https://steamcommunity.com/market/listings/730/Souvenir%20AK-47%20%7C%20Safety%20Net%20%28Well-Worn%29,28.53,6,2026-07-09 11:24:17.988637,171.18
Souvenir AK-47 | Searing Rage (Factory New),Souvenir AK-47 | Searing Rage (Factory New),Factory New,https://steamcommunity.com/market/listings/730/Souvenir%20AK-47%20%7C%20Searing%20Rage%20%28Factory%20New%29,152.66,1,2026-07-09 11:24:17.988731,152.66
Souvenir AK-47 | Searing Rage (Field-Tested),Souvenir AK-47 | Searing Rage (Field-Tested),Field-Tested,https://steamcommunity.com/market/listings/730/Souvenir%20AK-47%20%7C%20Searing%20Rage%20%28Field-Tested%29,122.72,1,2026-07-09 11:24:17.988815,122.72
Souvenir AK-47 | Searing Rage (Minimal Wear),Souvenir AK-47 | Searing Rage (Minimal Wear),Minimal Wear,https://steamcommunity.com/market/listings/730/Souvenir%20AK-47%20%7C%20Searing%20Rage%20%28Minimal%20Wear%29,230.0,1,2026-07-09 11:24:17.988891,230.0
Souvenir AK-47 | Slate (Battle-Scarred),Souvenir AK-47 | Slate (Battle-Scarred),Battle-Scarred,https://steamcommunity.com/market/listings/730/Souvenir%20AK-47%20%7C%20Slate%20%28Battle-Scarred%29,60.0,1,2026-07-09 11:24:17.988968,60.0
Souvenir AK-47 | Slate (Factory New),Souvenir AK-47 | Slate (Factory New),Factory New,https://steamcommunity.com/market/listings/730/Souvenir%20AK-47%20%7C%20Slate%20%28Factory%20New%29,53.88,14,2026-07-09 11:24:17.989043,754.32
Souvenir AK-47 | Slate (Field-Tested),Souvenir AK-47 | Slate (Field-Tested),Field-Tested,https://steamcommunity.com/market/listings/730/Souvenir%20AK-47%20%7C%20Slate%20%28Field-Tested%29,38.82,6,2026-07-09 11:24:17.989118,232.92
Souvenir AK-47 | Slate (Minimal Wear),Souvenir AK-47 | Slate (Minimal Wear),Minimal Wear,https://steamcommunity.com/market/listings/730/Souvenir%20AK-47%20%7C%20Slate%20%28Minimal%20Wear%29,51.75,11,2026-07-09 11:24:17.989194,569.25
Souvenir AK-47 | Slate (Well-Worn),Souvenir AK-47 | Slate (Well-Worn),Well-Worn,https://steamcommunity.com/market/listings/730/Souvenir%20AK-47%20%7C%20Slate%20%28Well-Worn%29,30.42,3,2026-07-09 11:24:17.989271,91.26
Souvenir AK-47 | Steel Delta (Battle-Scarred),Souvenir AK-47 | Steel Delta (Battle-Scarred),Battle-Scarred,https://steamcommunity.com/market/listings/730/Souvenir%20AK-47%20%7C%20Steel%20Delta%20%28Battle-Scarred%29,5.63,47,2026-07-09 11:24:17.989350,264.61
Souvenir AK-47 | Steel Delta (Factory New),Souvenir AK-47 | Steel Delta (Factory New),Factory New,https://steamcommunity.com/market/listings/730/Souvenir%20AK-47%20%7C%20Steel%20Delta%20%28Factory%20New%29,24.07,33,2026-07-09 11:24:19.996045,794.31
Souvenir AK-47 | Steel Delta (Field-Tested),Souvenir AK-47 | Steel Delta (Field-Tested),Field-Tested,https://steamcommunity.com/market/listings/730/Souvenir%20AK-47%20%7C%20Steel%20Delta%20%28Field-Tested%29,3.94,94,2026-07-09 11:24:19.996120,370.36
Souvenir AK-47 | Steel Delta (Minimal Wear),Souvenir AK-47 | Steel Delta (Minimal Wear),Minimal Wear,https://steamcommunity.com/market/listings/730/Souvenir%20AK-47%20%7C%20Steel%20Delta%20%28Minimal%20Wear%29,6.55,47,2026-07-09 11:24:19.996184,307.85
Souvenir AK-47 | Steel Delta (Well-Worn),Souvenir AK-47 | Steel Delta (Well-Worn),Well-Worn,https://steamcommunity.com/market/listings/730/Souvenir%20AK-47%20%7C%20Steel%20Delta%20%28Well-Worn%29,7.49,19,2026-07-09 11:24:19.996245,142.31
Souvenir AK-47 | The Oligarch (Battle-Scarred),Souvenir AK-47 | The Oligarch (Battle-Scarred),Battle-Scarred,https://steamcommunity.com/market/listings/730/Souvenir%20AK-47%20%7C%20The%20Oligarch%20%28Battle-Scarred%29,275.0,1,2026-07-09 11:24:19.996306,275.0
Souvenir AK-47 | The Oligarch (Field-Tested),Souvenir AK-47 | The Oligarch (Field-Tested),Field-Tested,https://steamcommunity.com/market/listings/730/Souvenir%20AK-47%20%7C%20The%20Oligarch%20%28Field-Tested%29,216.54,6,2026-07-09 11:24:19.996366,1299.24
Souvenir AK-47 | The Oligarch (Minimal Wear),Souvenir AK-47 | The Oligarch (Minimal Wear),Minimal Wear,https://steamcommunity.com/market/listings/730/Souvenir%20AK-47%20%7C%20The%20Oligarch%20%28Minimal%20Wear%29,558.05,4,2026-07-09 11:24:19.996426,2232.2
Souvenir AK-47 | The Outsiders (Minimal Wear),Souvenir AK-47 | The Outsiders (Minimal Wear),Minimal Wear,https://steamcommunity.com/market/listings/730/Souvenir%20AK-47%20%7C%20The%20Outsiders%20%28Minimal%20Wear%29,506.41,1,2026-07-09 11:24:19.996485,506.41
Souvenir AK-47 | Uncharted (Factory New),Souvenir AK-47 | Uncharted (Factory New),Factory New,https://steamcommunity.com/market/listings/730/Souvenir%20AK-47%20%7C%20Uncharted%20%28Factory%20New%29,793.59,1,2026-07-09 11:24:19.996547,793.59
Souvenir AK-47 | Uncharted (Field-Tested),Souvenir AK-47 | Uncharted (Field-Tested),Field-Tested,https://steamcommunity.com/market/listings/730/Souvenir%20AK-47%20%7C%20Uncharted%20%28Field-Tested%29,26.17,1,2026-07-09 11:24:19.996609,26.17
Souvenir AK-47 | Uncharted (Minimal Wear),Souvenir AK-47 | Uncharted (Minimal Wear),Minimal Wear,https://steamcommunity.com/market/listings/730/Souvenir%20AK-47%20%7C%20Uncharted%20%28Minimal%20Wear%29,79.78,2,2026-07-09 11:24:21.854960,159.56
Souvenir AK-47 | VariCamo Grey (Factory New),Souvenir AK-47 | VariCamo Grey (Factory New),Factory New,https://steamcommunity.com/market/listings/730/Souvenir%20AK-47%20%7C%20VariCamo%20Grey%20%28Factory%20New%29,6.29,18,2026-07-09 11:24:21.855066,113.22
Souvenir AK-47 | VariCamo Grey (Field-Tested),Souvenir AK-47 | VariCamo Grey (Field-Tested),Field-Tested,https://steamcommunity.com/market/listings/730/Souvenir%20AK-47%20%7C%20VariCamo%20Grey%20%28Field-Tested%29,6.4,16,2026-07-09 11:24:21.855157,102.4
Souvenir AK-47 | VariCamo Grey (Minimal Wear),Souvenir AK-47 | VariCamo Grey (Minimal Wear),Minimal Wear,https://steamcommunity.com/market/listings/730/Souvenir%20AK-47%20%7C%20VariCamo%20Grey%20%28Minimal%20Wear%29,5.7,12,2026-07-09 11:24:21.855249,68.4
Souvenir AK-47 | VariCamo Grey (Well-Worn),Souvenir AK-47 | VariCamo Grey (Well-Worn),Well-Worn,https://steamcommunity.com/market/listings/730/Souvenir%20AK-47%20%7C%20VariCamo%20Grey%20%28Well-Worn%29,97.92,1,2026-07-09 11:24:21.855337,97.92
Souvenir AK-47 | Vulcan (Battle-Scarred),Souvenir AK-47 | Vulcan (Battle-Scarred),Battle-Scarred,https://steamcommunity.com/market/listings/730/Souvenir%20AK-47%20%7C%20Vulcan%20%28Battle-Scarred%29,523.51,1,2026-07-09 11:24:21.855426,523.51
Souvenir AK-47 | Wasteland Rebel (Minimal Wear),Souvenir AK-47 | Wasteland Rebel (Minimal Wear),Minimal Wear,https://steamcommunity.com/market/listings/730/Souvenir%20AK-47%20%7C%20Wasteland%20Rebel%20%28Minimal%20Wear%29,1322.66,1,2026-07-09 11:24:21.855523,1322.66
Souvenir AK-47 | Wintergreen (Battle-Scarred),Souvenir AK-47 | Wintergreen (Battle-Scarred),Battle-Scarred,https://steamcommunity.com/market/listings/730/Souvenir%20AK-47%20%7C%20Wintergreen%20%28Battle-Scarred%29,641.29,2,2026-07-09 11:24:21.855611,1282.58
Souvenir AK-47 | Wintergreen (Factory New),Souvenir AK-47 | Wintergreen (Factory New),Factory New,https://steamcommunity.com/market/listings/730/Souvenir%20AK-47%20%7C%20Wintergreen%20%28Factory%20New%29,48.95,16,2026-07-09 11:24:21.855698,783.2
Souvenir AK-47 | Wintergreen (Field-Tested),Souvenir AK-47 | Wintergreen (Field-Tested),Field-Tested,https://steamcommunity.com/market/listings/730/Souvenir%20AK-47%20%7C%20Wintergreen%20%28Field-Tested%29,13.59,6,2026-07-09 11:24:21.855798,81.54
Souvenir AK-47 | Wintergreen (Minimal Wear),Souvenir AK-47 | Wintergreen (Minimal Wear),Minimal Wear,https://steamcommunity.com/market/listings/730/Souvenir%20AK-47%20%7C%20Wintergreen%20%28Minimal%20Wear%29,25.09,11,2026-07-09 11:24:23.894022,275.99
StatTrak™ AK-47 | Aquamarine Revenge (Battle-Scarred),StatTrak™ AK-47 | Aquamarine Revenge (Battle-Scarred),Battle-Scarred,https://steamcommunity.com/market/listings/730/StatTrak%E2%84%A2%20AK-47%20%7C%20Aquamarine%20Revenge%20%28Battle-Scarred%29,74.52,14,2026-07-09 11:24:23.894133,1043.28
StatTrak™ AK-47 | Aquamarine Revenge (Factory New),StatTrak™ AK-47 | Aquamarine Revenge (Factory New),Factory New,https://steamcommunity.com/market/listings/730/StatTrak%E2%84%A2%20AK-47%20%7C%20Aquamarine%20Revenge%20%28Factory%20New%29,450.0,8,2026-07-09 11:24:23.894225,3600.0
StatTrak™ AK-47 | Aquamarine Revenge (Field-Tested),StatTrak™ AK-47 | Aquamarine Revenge (Field-Tested),Field-Tested,https://steamcommunity.com/market/listings/730/StatTrak%E2%84%A2%20AK-47%20%7C%20Aquamarine%20Revenge%20%28Field-Tested%29,123.0,20,2026-07-09 11:24:23.894317,2460.0
StatTrak™ AK-47 | Aquamarine Revenge (Minimal Wear),StatTrak™ AK-47 | Aquamarine Revenge (Minimal Wear),Minimal Wear,https://steamcommunity.com/market/listings/730/StatTrak%E2%84%A2%20AK-47%20%7C%20Aquamarine%20Revenge%20%28Minimal%20Wear%29,244.54,11,2026-07-09 11:24:23.894403,2689.94
StatTrak™ AK-47 | Aquamarine Revenge (Well-Worn),StatTrak™ AK-47 | Aquamarine Revenge (Well-Worn),Well-Worn,https://steamcommunity.com/market/listings/730/StatTrak%E2%84%A2%20AK-47%20%7C%20Aquamarine%20Revenge%20%28Well-Worn%29,84.0,12,2026-07-09 11:24:23.894488,1008.0
StatTrak™ AK-47 | Asiimov (Battle-Scarred),StatTrak™ AK-47 | Asiimov (Battle-Scarred),Battle-Scarred,https://steamcommunity.com/market/listings/730/StatTrak%E2%84%A2%20AK-47%20%7C%20Asiimov%20%28Battle-Scarred%29,96.32,11,2026-07-09 11:24:23.894574,1059.52
StatTrak™ AK-47 | Asiimov (Factory New),StatTrak™ AK-47 | Asiimov (Factory New),Factory New,https://steamcommunity.com/market/listings/730/StatTrak%E2%84%A2%20AK-47%20%7C%20Asiimov%20%28Factory%20New%29,834.46,3,2026-07-09 11:24:23.894662,2503.38
StatTrak™ AK-47 | Asiimov (Field-Tested),StatTrak™ AK-47 | Asiimov (Field-Tested),Field-Tested,https://steamcommunity.com/market/listings/730/StatTrak%E2%84%A2%20AK-47%20%7C%20Asiimov%20%28Field-Tested%29,88.98,40,2026-07-09 11:24:23.894748,3559.2
StatTrak™ AK-47 | Asiimov (Minimal Wear),StatTrak™ AK-47 | Asiimov (Minimal Wear),Minimal Wear,https://steamcommunity.com/market/listings/730/StatTrak%E2%84%A2%20AK-47%20%7C%20Asiimov%20%28Minimal%20Wear%29,170.37,31,2026-07-09 11:24:23.894834,5281.47
StatTrak™ AK-47 | Asiimov (Well-Worn),StatTrak™ AK-47 | Asiimov (Well-Worn),Well-Worn,https://steamcommunity.com/market/listings/730/StatTrak%E2%84%A2%20AK-47%20%7C%20Asiimov%20%28Well-Worn%29,111.37,11,2026-07-09 11:24:25.763477,1225.07
StatTrak™ AK-47 | Bloodsport (Factory New),StatTrak™ AK-47 | Bloodsport (Factory New),Factory New,https://steamcommunity.com/market/listings/730/StatTrak%E2%84%A2%20AK-47%20%7C%20Bloodsport%20%28Factory%20New%29,563.93,16,2026-07-09 11:24:25.763570,9022.88
StatTrak™ AK-47 | Bloodsport (Field-Tested),StatTrak™ AK-47 | Bloodsport (Field-Tested),Field-Tested,https://steamcommunity.com/market/listings/730/StatTrak%E2%84%A2%20AK-47%20%7C%20Bloodsport%20%28Field-Tested%29,392.84,3,2026-07-09 11:24:25.763648,1178.52
StatTrak™ AK-47 | Bloodsport (Minimal Wear),StatTrak™ AK-47 | Bloodsport (Minimal Wear),Minimal Wear,https://steamcommunity.com/market/listings/730/StatTrak%E2%84%A2%20AK-47%20%7C%20Bloodsport%20%28Minimal%20Wear%29,450.0,5,2026-07-09 11:24:25.763731,2250.0
StatTrak™ AK-47 | Bloodsport (Well-Worn),StatTrak™ AK-47 | Bloodsport (Well-Worn),Well-Worn,https://steamcommunity.com/market/listings/730/StatTrak%E2%84%A2%20AK-47%20%7C%20Bloodsport%20%28Well-Worn%29,366.45,5,2026-07-09 11:24:25.763806,1832.25
StatTrak™ AK-47 | Blue Laminate (Factory New),StatTrak™ AK-47 | Blue Laminate (Factory New),Factory New,https://steamcommunity.com/market/listings/730/StatTrak%E2%84%A2%20AK-47%20%7C%20Blue%20Laminate%20%28Factory%20New%29,74.35,52,2026-07-09 11:24:25.763882,3866.2
StatTrak™ AK-47 | Blue Laminate (Field-Tested),StatTrak™ AK-47 | Blue Laminate (Field-Tested),Field-Tested,https://steamcommunity.com/market/listings/730/StatTrak%E2%84%A2%20AK-47%20%7C%20Blue%20Laminate%20%28Field-Tested%29,44.7,96,2026-07-09 11:24:25.763958,4291.2
StatTrak™ AK-47 | Blue Laminate (Minimal Wear),StatTrak™ AK-47 | Blue Laminate (Minimal Wear),Minimal Wear,https://steamcommunity.com/market/listings/730/StatTrak%E2%84%A2%20AK-47%20%7C%20Blue%20Laminate%20%28Minimal%20Wear%29,49.01,87,2026-07-09 11:24:25.764038,4263.87
StatTrak™ AK-47 | Blue Laminate (Well-Worn),StatTrak™ AK-47 | Blue Laminate (Well-Worn),Well-Worn,https://steamcommunity.com/market/listings/730/StatTrak%E2%84%A2%20AK-47%20%7C%20Blue%20Laminate%20%28Well-Worn%29,73.95,5,2026-07-09 11:24:25.764112,369.75
StatTrak™ AK-47 | Cartel (Battle-Scarred),StatTrak™ AK-47 | Cartel (Battle-Scarred),Battle-Scarred,https://steamcommunity.com/market/listings/730/StatTrak%E2%84%A2%20AK-47%20%7C%20Cartel%20%28Battle-Scarred%29,60.99,12,2026-07-09 11:24:25.764187,731.88
StatTrak™ AK-47 | Cartel (Factory New),StatTrak™ AK-47 | Cartel (Factory New),Factory New,https://steamcommunity.com/market/listings/730/StatTrak%E2%84%A2%20AK-47%20%7C%20Cartel%20%28Factory%20New%29,144.74,26,2026-07-09 11:24:27.678076,3763.24
StatTrak™ AK-47 | Cartel (Field-Tested),StatTrak™ AK-47 | Cartel (Field-Tested),Field-Tested,https://steamcommunity.com/market/listings/730/StatTrak%E2%84%A2%20AK-47%20%7C%20Cartel%20%28Field-Tested%29,61.73,37,2026-07-09 11:24:27.678171,2284.01
StatTrak™ AK-47 | Cartel (Minimal Wear),StatTrak™ AK-47 | Cartel (Minimal Wear),Minimal Wear,https://steamcommunity.com/market/listings/730/StatTrak%E2%84%A2%20AK-47%20%7C%20Cartel%20%28Minimal%20Wear%29,92.93,30,2026-07-09 11:24:27.678249,2787.9
StatTrak™ AK-47 | Cartel (Well-Worn),StatTrak™ AK-47 | Cartel (Well-Worn),Well-Worn,https://steamcommunity.com/market/listings/730/StatTrak%E2%84%A2%20AK-47%20%7C%20Cartel%20%28Well-Worn%29,67.24,5,2026-07-09 11:24:27.678325,336.2
StatTrak™ AK-47 | Case Hardened (Battle-Scarred),StatTrak™ AK-47 | Case Hardened (Battle-Scarred),Battle-Scarred,https://steamcommunity.com/market/listings/730/StatTrak%E2%84%A2%20AK-47%20%7C%20Case%20Hardened%20%28Battle-Scarred%29,652.58,5,2026-07-09 11:24:27.678399,3262.9
StatTrak™ AK-47 | Case Hardened (Factory New),StatTrak™ AK-47 | Case Hardened (Factory New),Factory New,https://steamcommunity.com/market/listings/730/StatTrak%E2%84%A2%20AK-47%20%7C%20Case%20Hardened%20%28Factory%20New%29,1441.67,1,2026-07-09 11:24:27.678475,1441.67
StatTrak™ AK-47 | Case Hardened (Field-Tested),StatTrak™ AK-47 | Case Hardened (Field-Tested),Field-Tested,https://steamcommunity.com/market/listings/730/StatTrak%E2%84%A2%20AK-47%20%7C%20Case%20Hardened%20%28Field-Tested%29,785.26,8,2026-07-09 11:24:27.678550,6282.08
StatTrak™ AK-47 | Case Hardened (Minimal Wear),StatTrak™ AK-47 | Case Hardened (Minimal Wear),Minimal Wear,https://steamcommunity.com/market/listings/730/StatTrak%E2%84%A2%20AK-47%20%7C%20Case%20Hardened%20%28Minimal%20Wear%29,1052.25,4,2026-07-09 11:24:27.678623,4209.0
StatTrak™ AK-47 | Case Hardened (Well-Worn),StatTrak™ AK-47 | Case Hardened (Well-Worn),Well-Worn,https://steamcommunity.com/market/listings/730/StatTrak%E2%84%A2%20AK-47%20%7C%20Case%20Hardened%20%28Well-Worn%29,655.29,8,2026-07-09 11:24:27.678708,5242.32
StatTrak™ AK-47 | Crane Flight (Battle-Scarred),StatTrak™ AK-47 | Crane Flight (Battle-Scarred),Battle-Scarred,https://steamcommunity.com/market/listings/730/StatTrak%E2%84%A2%20AK-47%20%7C%20Crane%20Flight%20%28Battle-Scarred%29,28.86,61,2026-07-09 11:24:27.678781,1760.46
StatTrak™ AK-47 | Crane Flight (Factory New),StatTrak™ AK-47 | Crane Flight (Factory New),Factory New,https://steamcommunity.com/market/listings/730/StatTrak%E2%84%A2%20AK-47%20%7C%20Crane%20Flight%20%28Factory%20New%29,191.07,24,2026-07-09 11:24:29.587826,4585.68
StatTrak™ AK-47 | Crane Flight (Field-Tested),StatTrak™ AK-47 | Crane Flight (Field-Tested),Field-Tested,https://steamcommunity.com/market/listings/730/StatTrak%E2%84%A2%20AK-47%20%7C%20Crane%20Flight%20%28Field-Tested%29,48.44,116,2026-07-09 11:24:29.587920,5619.04
StatTrak™ AK-47 | Crane Flight (Minimal Wear),StatTrak™ AK-47 | Crane Flight (Minimal Wear),Minimal Wear,https://steamcommunity.com/market/listings/730/StatTrak%E2%84%A2%20AK-47%20%7C%20Crane%20Flight%20%28Minimal%20Wear%29,85.0,72,2026-07-09 11:24:29.587998,6120.0
StatTrak™ AK-47 | Crane Flight (Well-Worn),StatTrak™ AK-47 | Crane Flight (Well-Worn),Well-Worn,https://steamcommunity.com/market/listings/730/StatTrak%E2%84%A2%20AK-47%20%7C%20Crane%20Flight%20%28Well-Worn%29,31.93,65,2026-07-09 11:24:29.588074,2075.45
StatTrak™ AK-47 | Elite Build (Battle-Scarred),StatTrak™ AK-47 | Elite Build (Battle-Scarred),Battle-Scarred,https://steamcommunity.com/market/listings/730/StatTrak%E2%84%A2%20AK-47%20%7C%20Elite%20Build%20%28Battle-Scarred%29,5.01,348,2026-07-09 11:24:29.588144,1743.48
StatTrak™ AK-47 | Elite Build (Factory New),StatTrak™ AK-47 | Elite Build (Factory New),Factory New,https://steamcommunity.com/market/listings/730/StatTrak%E2%84%A2%20AK-47%20%7C%20Elite%20Build%20%28Factory%20New%29,41.2,92,2026-07-09 11:24:29.588218,3790.4
StatTrak™ AK-47 | Elite Build (Field-Tested),StatTrak™ AK-47 | Elite Build (Field-Tested),Field-Tested,https://steamcommunity.com/market/listings/730/StatTrak%E2%84%A2%20AK-47%20%7C%20Elite%20Build%20%28Field-Tested%29,6.9,501,2026-07-09 11:24:29.588300,3456.9
StatTrak™ AK-47 | Elite Build (Minimal Wear),StatTrak™ AK-47 | Elite Build (Minimal Wear),Minimal Wear,https://steamcommunity.com/market/listings/730/StatTrak%E2%84%A2%20AK-47%20%7C%20Elite%20Build%20%28Minimal%20Wear%29,12.15,363,2026-07-09 11:24:29.588371,4410.45
StatTrak™ AK-47 | Elite Build (Well-Worn),StatTrak™ AK-47 | Elite Build (Well-Worn),Well-Worn,https://steamcommunity.com/market/listings/730/StatTrak%E2%84%A2%20AK-47%20%7C%20Elite%20Build%20%28Well-Worn%29,5.13,562,2026-07-09 11:24:29.588438,2883.06
StatTrak™ AK-47 | Frontside Misty (Battle-Scarred),StatTrak™ AK-47 | Frontside Misty (Battle-Scarred),Battle-Scarred,https://steamcommunity.com/market/listings/730/StatTrak%E2%84%A2%20AK-47%20%7C%20Frontside%20Misty%20%28Battle-Scarred%29,41.22,32,2026-07-09 11:24:29.588504,1319.04
StatTrak™ AK-47 | Frontside Misty (Factory New),StatTrak™ AK-47 | Frontside Misty (Factory New),Factory New,https://steamcommunity.com/market/listings/730/StatTrak%E2%84%A2%20AK-47%20%7C%20Frontside%20Misty%20%28Factory%20New%29,284.91,10,2026-07-09 11:24:31.488082,2849.1
StatTrak™ AK-47 | Frontside Misty (Field-Tested),StatTrak™ AK-47 | Frontside Misty (Field-Tested),Field-Tested,https://steamcommunity.com/market/listings/730/StatTrak%E2%84%A2%20AK-47%20%7C%20Frontside%20Misty%20%28Field-Tested%29,46.0,77,2026-07-09 11:24:31.488191,3542.0
StatTrak™ AK-47 | Frontside Misty (Minimal Wear),StatTrak™ AK-47 | Frontside Misty (Minimal Wear),Minimal Wear,https://steamcommunity.com/market/listings/730/StatTrak%E2%84%A2%20AK-47%20%7C%20Frontside%20Misty%20%28Minimal%20Wear%29,93.91,31,2026-07-09 11:24:31.488281,2911.21
StatTrak™ AK-47 | Frontside Misty (Well-Worn),StatTrak™ AK-47 | Frontside Misty (Well-Worn),Well-Worn,https://steamcommunity.com/market/listings/730/StatTrak%E2%84%A2%20AK-47%20%7C%20Frontside%20Misty%20%28Well-Worn%29,41.4,18,2026-07-09 11:24:31.488370,745.2
StatTrak™ AK-47 | Fuel Injector (Battle-Scarred),StatTrak™ AK-47 | Fuel Injector (Battle-Scarred),Battle-Scarred,https://steamcommunity.com/market/listings/730/StatTrak%E2%84%A2%20AK-47%20%7C%20Fuel%20Injector%20%28Battle-Scarred%29,284.91,5,2026-07-09 11:24:31.488459,1424.55
StatTrak™ AK-47 | Fuel Injector (Factory New),StatTrak™ AK-47 | Fuel Injector (Factory New),Factory New,https://steamcommunity.com/market/listings/730/StatTrak%E2%84%A2%20AK-47%20%7C%20Fuel%20Injector%20%28Factory%20New%29,1343.12,2,2026-07-09 11:24:31.488546,2686.24
StatTrak™ AK-47 | Fuel Injector (Field-Tested),StatTrak™ AK-47 | Fuel Injector (Field-Tested),Field-Tested,https://steamcommunity.com/market/listings/730/StatTrak%E2%84%A2%20AK-47%20%7C%20Fuel%20Injector%20%28Field-Tested%29,522.99,11,2026-07-09 11:24:31.488632,5752.89
StatTrak™ AK-47 | Fuel Injector (Minimal Wear),StatTrak™ AK-47 | Fuel Injector (Minimal Wear),Minimal Wear,https://steamcommunity.com/market/listings/730/StatTrak%E2%84%A2%20AK-47%20%7C%20Fuel%20Injector%20%28Minimal%20Wear%29,761.01,4,2026-07-09 11:24:31.488719,3044.04
StatTrak™ AK-47 | Fuel Injector (Well-Worn),StatTrak™ AK-47 | Fuel Injector (Well-Worn),Well-Worn,https://steamcommunity.com/market/listings/730/StatTrak%E2%84%A2%20AK-47%20%7C%20Fuel%20Injector%20%28Well-Worn%29,398.89,7,2026-07-09 11:24:31.488806,2792.23
StatTrak™ AK-47 | Head Shot (Battle-Scarred),StatTrak™ AK-47 | Head Shot (Battle-Scarred),Battle-Scarred,https://steamcommunity.com/market/listings/730/StatTrak%E2%84%A2%20AK-47%20%7C%20Head%20Shot%20%28Battle-Scarred%29,30.16,53,2026-07-09 11:24:31.488893,1598.48
StatTrak™ AK-47 | Head Shot (Factory New),StatTrak™ AK-47 | Head Shot (Factory New),Factory New,https://steamcommunity.com/market/listings/730/StatTrak%E2%84%A2%20AK-47%20%7C%20Head%20Shot%20%28Factory%20New%29,161.74,27,2026-07-09 11:24:33.389734,4366.98
StatTrak™ AK-47 | Head Shot (Field-Tested),StatTrak™ AK-47 | Head Shot (Field-Tested),Field-Tested,https://steamcommunity.com/market/listings/730/StatTrak%E2%84%A2%20AK-47%20%7C%20Head%20Shot%20%28Field-Tested%29,42.0,95,2026-07-09 11:24:33.389859,3990.0
StatTrak™ AK-47 | Head Shot (Minimal Wear),StatTrak™ AK-47 | Head Shot (Minimal Wear),Minimal Wear,https://steamcommunity.com/market/listings/730/StatTrak%E2%84%A2%20AK-47%20%7C%20Head%20Shot%20%28Minimal%20Wear%29,63.83,68,2026-07-09 11:24:33.389958,4340.44
StatTrak™ AK-47 | Head Shot (Well-Worn),StatTrak™ AK-47 | Head Shot (Well-Worn),Well-Worn,https://steamcommunity.com/market/listings/730/StatTrak%E2%84%A2%20AK-47%20%7C%20Head%20Shot%20%28Well-Worn%29,32.49,78,2026-07-09 11:24:33.390056,2534.22
StatTrak™ AK-47 | Ice Coaled (Battle-Scarred),StatTrak™ AK-47 | Ice Coaled (Battle-Scarred),Battle-Scarred,https://steamcommunity.com/market/listings/730/StatTrak%E2%84%A2%20AK-47%20%7C%20Ice%20Coaled%20%28Battle-Scarred%29,12.56,97,2026-07-09 11:24:33.390158,1218.32
StatTrak™ AK-47 | Ice Coaled (Factory New),StatTrak™ AK-47 | Ice Coaled (Factory New),Factory New,https://steamcommunity.com/market/listings/730/StatTrak%E2%84%A2%20AK-47%20%7C%20Ice%20Coaled%20%28Factory%20New%29,51.75,84,2026-07-09 11:24:33.390256,4347.0
StatTrak™ AK-47 | Ice Coaled (Field-Tested),StatTrak™ AK-47 | Ice Coaled (Field-Tested),Field-Tested,https://steamcommunity.com/market/listings/730/StatTrak%E2%84%A2%20AK-47%20%7C%20Ice%20Coaled%20%28Field-Tested%29,12.3,287,2026-07-09 11:24:33.390361,3530.1
StatTrak™ AK-47 | Ice Coaled (Minimal Wear),StatTrak™ AK-47 | Ice Coaled (Minimal Wear),Minimal Wear,https://steamcommunity.com/market/listings/730/StatTrak%E2%84%A2%20AK-47%20%7C%20Ice%20Coaled%20%28Minimal%20Wear%29,28.53,140,2026-07-09 11:24:33.390461,3994.2
StatTrak™ AK-47 | Ice Coaled (Well-Worn),StatTrak™ AK-47 | Ice Coaled (Well-Worn),Well-Worn,https://steamcommunity.com/market/listings/730/StatTrak%E2%84%A2%20AK-47%20%7C%20Ice%20Coaled%20%28Well-Worn%29,12.14,63,2026-07-09 11:24:33.390561,764.82
StatTrak™ AK-47 | Inheritance (Battle-Scarred),StatTrak™ AK-47 | Inheritance (Battle-Scarred),Battle-Scarred,https://steamcommunity.com/market/listings/730/StatTrak%E2%84%A2%20AK-47%20%7C%20Inheritance%20%28Battle-Scarred%29,92.5,25,2026-07-09 11:24:33.390661,2312.5
StatTrak™ AK-47 | Inheritance (Factory New),StatTrak™ AK-47 | Inheritance (Factory New),Factory New,https://steamcommunity.com/market/listings/730/StatTrak%E2%84%A2%20AK-47%20%7C%20Inheritance%20%28Factory%20New%29,419.99,18,2026-07-09 11:24:35.361647,7559.82
StatTrak™ AK-47 | Inheritance (Field-Tested),StatTrak™ AK-47 | Inheritance (Field-Tested),Field-Tested,https://steamcommunity.com/market/listings/730/StatTrak%E2%84%A2%20AK-47%20%7C%20Inheritance%20%28Field-Tested%29,113.98,64,2026-07-09 11:24:35.361737,7294.72
StatTrak™ AK-47 | Inheritance (Minimal Wear),StatTrak™ AK-47 | Inheritance (Minimal Wear),Minimal Wear,https://steamcommunity.com/market/listings/730/StatTrak%E2%84%A2%20AK-47%20%7C%20Inheritance%20%28Minimal%20Wear%29,205.48,42,2026-07-09 11:24:35.361815,8630.16
StatTrak™ AK-47 | Inheritance (Well-Worn),StatTrak™ AK-47 | Inheritance (Well-Worn),Well-Worn,https://steamcommunity.com/market/listings/730/StatTrak%E2%84%A2%20AK-47%20%7C%20Inheritance%20%28Well-Worn%29,110.56,12,2026-07-09 11:24:35.361891,1326.72
StatTrak™ AK-47 | Jaguar (Battle-Scarred),StatTrak™ AK-47 | Jaguar (Battle-Scarred),Battle-Scarred,https://steamcommunity.com/market/listings/730/StatTrak%E2%84%A2%20AK-47%20%7C%20Jaguar%20%28Battle-Scarred%29,227.94,7,2026-07-09 11:24:35.361969,1595.58
StatTrak™ AK-47 | Jaguar (Factory New),StatTrak™ AK-47 | Jaguar (Factory New),Factory New,https://steamcommunity.com/market/listings/730/StatTrak%E2%84%A2%20AK-47%20%7C%20Jaguar%20%28Factory%20New%29,949.99,2,2026-07-09 11:24:35.362043,1899.98
StatTrak™ AK-47 | Jaguar (Field-Tested),StatTrak™ AK-47 | Jaguar (Field-Tested),Field-Tested,https://steamcommunity.com/market/listings/730/StatTrak%E2%84%A2%20AK-47%20%7C%20Jaguar%20%28Field-Tested%29,287.2,7,2026-07-09 11:24:35.362116,2010.4
StatTrak™ AK-47 | Jaguar (Minimal Wear),StatTrak™ AK-47 | Jaguar (Minimal Wear),Minimal Wear,https://steamcommunity.com/market/listings/730/StatTrak%E2%84%A2%20AK-47%20%7C%20Jaguar%20%28Minimal%20Wear%29,400.55,6,2026-07-09 11:24:35.362191,2403.3
StatTrak™ AK-47 | Jaguar (Well-Worn),StatTrak™ AK-47 | Jaguar (Well-Worn),Well-Worn,https://steamcommunity.com/market/listings/730/StatTrak%E2%84%A2%20AK-47%20%7C%20Jaguar%20%28Well-Worn%29,205.16,4,2026-07-09 11:24:35.362265,820.64
StatTrak™ AK-47 | Leet Museo (Battle-Scarred),StatTrak™ AK-47 | Leet Museo (Battle-Scarred),Battle-Scarred,https://steamcommunity.com/market/listings/730/StatTrak%E2%84%A2%20AK-47%20%7C%20Leet%20Museo%20%28Battle-Scarred%29,137.95,7,2026-07-09 11:24:35.362341,965.65
StatTrak™ AK-47 | Leet Museo (Factory New),StatTrak™ AK-47 | Leet Museo (Factory New),Factory New,https://steamcommunity.com/market/listings/730/StatTrak%E2%84%A2%20AK-47%20%7C%20Leet%20Museo%20%28Factory%20New%29,529.06,13,2026-07-09 11:24:37.263831,6877.78
StatTrak™ AK-47 | Leet Museo (Field-Tested),StatTrak™ AK-47 | Leet Museo (Field-Tested),Field-Tested,https://steamcommunity.com/market/listings/730/StatTrak%E2%84%A2%20AK-47%20%7C%20Leet%20Museo%20%28Field-Tested%29,172.7,12,2026-07-09 11:24:37.263949,2072.4
StatTrak™ AK-47 | Leet Museo (Minimal Wear),StatTrak™ AK-47 | Leet Museo (Minimal Wear),Minimal Wear,https://steamcommunity.com/market/listings/730/StatTrak%E2%84%A2%20AK-47%20%7C%20Leet%20Museo%20%28Minimal%20Wear%29,258.75,12,2026-07-09 11:24:37.264040,3105.0
StatTrak™ AK-47 | Leet Museo (Well-Worn),StatTrak™ AK-47 | Leet Museo (Well-Worn),Well-Worn,https://steamcommunity.com/market/listings/730/StatTrak%E2%84%A2%20AK-47%20%7C%20Leet%20Museo%20%28Well-Worn%29,179.3,4,2026-07-09 11:24:37.264130,717.2
StatTrak™ AK-47 | Legion of Anubis (Battle-Scarred),StatTrak™ AK-47 | Legion of Anubis (Battle-Scarred),Battle-Scarred,https://steamcommunity.com/market/listings/730/StatTrak%E2%84%A2%20AK-47%20%7C%20Legion%20of%20Anubis%20%28Battle-Scarred%29,52.15,14,2026-07-09 11:24:37.264217,730.1
StatTrak™ AK-47 | Legion of Anubis (Factory New),StatTrak™ AK-47 | Legion of Anubis (Factory New),Factory New,https://steamcommunity.com/market/listings/730/StatTrak%E2%84%A2%20AK-47%20%7C%20Legion%20of%20Anubis%20%28Factory%20New%29,102.0,83,2026-07-09 11:24:37.264304,8466.0
StatTrak™ AK-47 | Legion of Anubis (Field-Tested),StatTrak™ AK-47 | Legion of Anubis (Field-Tested),Field-Tested,https://steamcommunity.com/market/listings/730/StatTrak%E2%84%A2%20AK-47%20%7C%20Legion%20of%20Anubis%20%28Field-Tested%29,50.94,73,2026-07-09 11:24:37.264392,3718.62
StatTrak™ AK-47 | Legion of Anubis (Minimal Wear),StatTrak™ AK-47 | Legion of Anubis (Minimal Wear),Minimal Wear,https://steamcommunity.com/market/listings/730/StatTrak%E2%84%A2%20AK-47%20%7C%20Legion%20of%20Anubis%20%28Minimal%20Wear%29,66.97,85,2026-07-09 11:24:37.264480,5692.45
StatTrak™ AK-47 | Legion of Anubis (Well-Worn),StatTrak™ AK-47 | Legion of Anubis (Well-Worn),Well-Worn,https://steamcommunity.com/market/listings/730/StatTrak%E2%84%A2%20AK-47%20%7C%20Legion%20of%20Anubis%20%28Well-Worn%29,52.11,12,2026-07-09 11:24:37.264566,625.32
StatTrak™ AK-47 | Neon Revolution (Battle-Scarred),StatTrak™ AK-47 | Neon Revolution (Battle-Scarred),Battle-Scarred,https://steamcommunity.com/market/listings/730/StatTrak%E2%84%A2%20AK-47%20%7C%20Neon%20Revolution%20%28Battle-Scarred%29,140.11,3,2026-07-09 11:24:37.264654,420.33
StatTrak™ AK-47 | Neon Revolution (Factory New),StatTrak™ AK-47 | Neon Revolution (Factory New),Factory New,https://steamcommunity.com/market/listings/730/StatTrak%E2%84%A2%20AK-47%20%7C%20Neon%20Revolution%20%28Factory%20New%29,350.82,9,2026-07-09 11:24:39.151849,3157.38
StatTrak™ AK-47 | Neon Revolution (Field-Tested),StatTrak™ AK-47 | Neon Revolution (Field-Tested),Field-Tested,https://steamcommunity.com/market/listings/730/StatTrak%E2%84%A2%20AK-47%20%7C%20Neon%20Revolution%20%28Field-Tested%29,142.53,21,2026-07-09 11:24:39.151958,2993.13
StatTrak™ AK-47 | Neon Revolution (Minimal Wear),StatTrak™ AK-47 | Neon Revolution (Minimal Wear),Minimal Wear,https://steamcommunity.com/market/listings/730/StatTrak%E2%84%A2%20AK-47%20%7C%20Neon%20Revolution%20%28Minimal%20Wear%29,172.96,10,2026-07-09 11:24:39.152049,1729.6
StatTrak™ AK-47 | Neon Revolution (Well-Worn),StatTrak™ AK-47 | Neon Revolution (Well-Worn),Well-Worn,https://steamcommunity.com/market/listings/730/StatTrak%E2%84%A2%20AK-47%20%7C%20Neon%20Revolution%20%28Well-Worn%29,146.44,7,2026-07-09 11:24:39.152138,1025.08
StatTrak™ AK-47 | Neon Rider (Battle-Scarred),StatTrak™ AK-47 | Neon Rider (Battle-Scarred),Battle-Scarred,https://steamcommunity.com/market/listings/730/StatTrak%E2%84%A2%20AK-47%20%7C%20Neon%20Rider%20%28Battle-Scarred%29,131.05,4,2026-07-09 11:24:39.152225,524.2
StatTrak™ AK-47 | Neon Rider (Factory New),StatTrak™ AK-47 | Neon Rider (Factory New),Factory New,https://steamcommunity.com/market/listings/730/StatTrak%E2%84%A2%20AK-47%20%7C%20Neon%20Rider%20%28Factory%20New%29,547.03,8,2026-07-09 11:24:39.152315,4376.24
StatTrak™ AK-47 | Neon Rider (Field-Tested),StatTrak™ AK-47 | Neon Rider (Field-Tested),Field-Tested,https://steamcommunity.com/market/listings/730/StatTrak%E2%84%A2%20AK-47%20%7C%20Neon%20Rider%20%28Field-Tested%29,115.0,20,2026-07-09 11:24:39.152403,2300.0
StatTrak™ AK-47 | Neon Rider (Minimal Wear),StatTrak™ AK-47 | Neon Rider (Minimal Wear),Minimal Wear,https://steamcommunity.com/market/listings/730/StatTrak%E2%84%A2%20AK-47%20%7C%20Neon%20Rider%20%28Minimal%20Wear%29,320.24,9,2026-07-09 11:24:39.152491,2882.16
StatTrak™ AK-47 | Neon Rider (Well-Worn),StatTrak™ AK-47 | Neon Rider (Well-Worn),Well-Worn,https://steamcommunity.com/market/listings/730/StatTrak%E2%84%A2%20AK-47%20%7C%20Neon%20Rider%20%28Well-Worn%29,134.69,5,2026-07-09 11:24:39.152579,673.45
StatTrak™ AK-47 | Nightwish (Battle-Scarred),StatTrak™ AK-47 | Nightwish (Battle-Scarred),Battle-Scarred,https://steamcommunity.com/market/listings/730/StatTrak%E2%84%A2%20AK-47%20%7C%20Nightwish%20%28Battle-Scarred%29,88.46,46,2026-07-09 11:24:39.152666,4069.16
StatTrak™ AK-47 | Nightwish (Factory New),StatTrak™ AK-47 | Nightwish (Factory New),Factory New,https://steamcommunity.com/market/listings/730/StatTrak%E2%84%A2%20AK-47%20%7C%20Nightwish%20%28Factory%20New%29,208.15,22,2026-07-09 11:24:41.083081,4579.3
StatTrak™ AK-47 | Nightwish (Field-Tested),StatTrak™ AK-47 | Nightwish (Field-Tested),Field-Tested,https://steamcommunity.com/market/listings/730/StatTrak%E2%84%A2%20AK-47%20%7C%20Nightwish%20%28Field-Tested%29,85.0,95,2026-07-09 11:24:41.083193,8075.0
StatTrak™ AK-47 | Nightwish (Minimal Wear),StatTrak™ AK-47 | Nightwish (Minimal Wear),Minimal Wear,https://steamcommunity.com/market/listings/730/StatTrak%E2%84%A2%20AK-47%20%7C%20Nightwish%20%28Minimal%20Wear%29,102.26,52,2026-07-09 11:24:41.083293,5317.52
StatTrak™ AK-47 | Nightwish (Well-Worn),StatTrak™ AK-47 | Nightwish (Well-Worn),Well-Worn,https://steamcommunity.com/market/listings/730/StatTrak%E2%84%A2%20AK-47%20%7C%20Nightwish%20%28Well-Worn%29,88.81,47,2026-07-09 11:24:41.083392,4174.07
StatTrak™ AK-47 | Orbit Mk01 (Battle-Scarred),StatTrak™ AK-47 | Orbit Mk01 (Battle-Scarred),Battle-Scarred,https://steamcommunity.com/market/listings/730/StatTrak%E2%84%A2%20AK-47%20%7C%20Orbit%20Mk01%20%28Battle-Scarred%29,75.0,12,2026-07-09 11:24:41.083497,900.0
StatTrak™ AK-47 | Orbit Mk01 (Factory New),StatTrak™ AK-47 | Orbit Mk01 (Factory New),Factory New,https://steamcommunity.com/market/listings/730/StatTrak%E2%84%A2%20AK-47%20%7C%20Orbit%20Mk01%20%28Factory%20New%29,129.62,21,2026-07-09 11:24:41.083595,2722.02
StatTrak™ AK-47 | Orbit Mk01 (Field-Tested),StatTrak™ AK-47 | Orbit Mk01 (Field-Tested),Field-Tested,https://steamcommunity.com/market/listings/730/StatTrak%E2%84%A2%20AK-47%20%7C%20Orbit%20Mk01%20%28Field-Tested%29,72.15,25,2026-07-09 11:24:41.083695,1803.75
StatTrak™ AK-47 | Orbit Mk01 (Minimal Wear),StatTrak™ AK-47 | Orbit Mk01 (Minimal Wear),Minimal Wear,https://steamcommunity.com/market/listings/730/StatTrak%E2%84%A2%20AK-47%20%7C%20Orbit%20Mk01%20%28Minimal%20Wear%29,85.47,19,2026-07-09 11:24:41.083791,1623.93
StatTrak™ AK-47 | Orbit Mk01 (Well-Worn),StatTrak™ AK-47 | Orbit Mk01 (Well-Worn),Well-Worn,https://steamcommunity.com/market/listings/730/StatTrak%E2%84%A2%20AK-47%20%7C%20Orbit%20Mk01%20%28Well-Worn%29,79.77,6,2026-07-09 11:24:41.083887,478.62
StatTrak™ AK-47 | Phantom Disruptor (Battle-Scarred),StatTrak™ AK-47 | Phantom Disruptor (Battle-Scarred),Battle-Scarred,https://steamcommunity.com/market/listings/730/StatTrak%E2%84%A2%20AK-47%20%7C%20Phantom%20Disruptor%20%28Battle-Scarred%29,15.31,48,2026-07-09 11:24:41.083982,734.88
StatTrak™ AK-47 | Phantom Disruptor (Factory New),StatTrak™ AK-47 | Phantom Disruptor (Factory New),Factory New,https://steamcommunity.com/market/listings/730/StatTrak%E2%84%A2%20AK-47%20%7C%20Phantom%20Disruptor%20%28Factory%20New%29,44.0,61,2026-07-09 11:24:42.942779,2684.0
StatTrak™ AK-47 | Phantom Disruptor (Field-Tested),StatTrak™ AK-47 | Phantom Disruptor (Field-Tested),Field-Tested,https://steamcommunity.com/market/listings/730/StatTrak%E2%84%A2%20AK-47%20%7C%20Phantom%20Disruptor%20%28Field-Tested%29,15.59,177,2026-07-09 11:24:42.942863,2759.43
StatTrak™ AK-47 | Phantom Disruptor (Minimal Wear),StatTrak™ AK-47 | Phantom Disruptor (Minimal Wear),Minimal Wear,https://steamcommunity.com/market/listings/730/StatTrak%E2%84%A2%20AK-47%20%7C%20Phantom%20Disruptor%20%28Minimal%20Wear%29,25.0,93,2026-07-09 11:24:42.942933,2325.0
StatTrak™ AK-47 | Phantom Disruptor (Well-Worn),StatTrak™ AK-47 | Phantom Disruptor (Well-Worn),Well-Worn,https://steamcommunity.com/market/listings/730/StatTrak%E2%84%A2%20AK-47%20%7C%20Phantom%20Disruptor%20%28Well-Worn%29,18.18,38,2026-07-09 11:24:42.943001,690.84
StatTrak™ AK-47 | Point Disarray (Battle-Scarred),StatTrak™ AK-47 | Point Disarray (Battle-Scarred),Battle-Scarred,https://steamcommunity.com/market/listings/730/StatTrak%E2%84%A2%20AK-47%20%7C%20Point%20Disarray%20%28Battle-Scarred%29,43.44,14,2026-07-09 11:24:42.943071,608.16
StatTrak™ AK-47 | Point Disarray (Factory New),StatTrak™ AK-47 | Point Disarray (Factory New),Factory New,https://steamcommunity.com/market/listings/730/StatTrak%E2%84%A2%20AK-47%20%7C%20Point%20Disarray%20%28Factory%20New%29,143.61,21,2026-07-09 11:24:42.943141,3015.81
StatTrak™ AK-47 | Point Disarray (Field-Tested),StatTrak™ AK-47 | Point Disarray (Field-Tested),Field-Tested,https://steamcommunity.com/market/listings/730/StatTrak%E2%84%A2%20AK-47%20%7C%20Point%20Disarray%20%28Field-Tested%29,41.71,42,2026-07-09 11:24:42.943208,1751.82
StatTrak™ AK-47 | Point Disarray (Minimal Wear),StatTrak™ AK-47 | Point Disarray (Minimal Wear),Minimal Wear,https://steamcommunity.com/market/listings/730/StatTrak%E2%84%A2%20AK-47%20%7C%20Point%20Disarray%20%28Minimal%20Wear%29,79.32,21,2026-07-09 11:24:42.943274,1665.72
StatTrak™ AK-47 | Point Disarray (Well-Worn),StatTrak™ AK-47 | Point Disarray (Well-Worn),Well-Worn,https://steamcommunity.com/market/listings/730/StatTrak%E2%84%A2%20AK-47%20%7C%20Point%20Disarray%20%28Well-Worn%29,44.05,9,2026-07-09 11:24:42.943342,396.45
StatTrak™ AK-47 | Rat Rod (Battle-Scarred),StatTrak™ AK-47 | Rat Rod (Battle-Scarred),Battle-Scarred,https://steamcommunity.com/market/listings/730/StatTrak%E2%84%A2%20AK-47%20%7C%20Rat%20Rod%20%28Battle-Scarred%29,19.02,18,2026-07-09 11:24:42.943409,342.36
StatTrak™ AK-47 | Rat Rod (Factory New),StatTrak™ AK-47 | Rat Rod (Factory New),Factory New,https://steamcommunity.com/market/listings/730/StatTrak%E2%84%A2%20AK-47%20%7C%20Rat%20Rod%20%28Factory%20New%29,68.0,16,2026-07-09 11:24:44.800377,1088.0
StatTrak™ AK-47 | Rat Rod (Field-Tested),StatTrak™ AK-47 | Rat Rod (Field-Tested),Field-Tested,https://steamcommunity.com/market/listings/730/StatTrak%E2%84%A2%20AK-47%20%7C%20Rat%20Rod%20%28Field-Tested%29,17.04,51,2026-07-09 11:24:44.800482,869.04
StatTrak™ AK-47 | Rat Rod (Minimal Wear),StatTrak™ AK-47 | Rat Rod (Minimal Wear),Minimal Wear,https://steamcommunity.com/market/listings/730/StatTrak%E2%84%A2%20AK-47%20%7C%20Rat%20Rod%20%28Minimal%20Wear%29,26.22,37,2026-07-09 11:24:44.800562,970.14
StatTrak™ AK-47 | Rat Rod (Well-Worn),StatTrak™ AK-47 | Rat Rod (Well-Worn),Well-Worn,https://steamcommunity.com/market/listings/730/StatTrak%E2%84%A2%20AK-47%20%7C%20Rat%20Rod%20%28Well-Worn%29,17.99,26,2026-07-09 11:24:44.800644,467.74
StatTrak™ AK-47 | Red Laminate (Battle-Scarred),StatTrak™ AK-47 | Red Laminate (Battle-Scarred),Battle-Scarred,https://steamcommunity.com/market/listings/730/StatTrak%E2%84%A2%20AK-47%20%7C%20Red%20Laminate%20%28Battle-Scarred%29,171.38,7,2026-07-09 11:24:44.800722,1199.66
StatTrak™ AK-47 | Red Laminate (Field-Tested),StatTrak™ AK-47 | Red Laminate (Field-Tested),Field-Tested,https://steamcommunity.com/market/listings/730/StatTrak%E2%84%A2%20AK-47%20%7C%20Red%20Laminate%20%28Field-Tested%29,221.0,6,2026-07-09 11:24:44.800797,1326.0
StatTrak™ AK-47 | Red Laminate (Minimal Wear),StatTrak™ AK-47 | Red Laminate (Minimal Wear),Minimal Wear,https://steamcommunity.com/market/listings/730/StatTrak%E2%84%A2%20AK-47%20%7C%20Red%20Laminate%20%28Minimal%20Wear%29,418.79,5,2026-07-09 11:24:44.800870,2093.95
StatTrak™ AK-47 | Red Laminate (Well-Worn),StatTrak™ AK-47 | Red Laminate (Well-Worn),Well-Worn,https://steamcommunity.com/market/listings/730/StatTrak%E2%84%A2%20AK-47%20%7C%20Red%20Laminate%20%28Well-Worn%29,296.31,3,2026-07-09 11:24:44.800949,888.93
StatTrak™ AK-47 | Redline (Battle-Scarred),StatTrak™ AK-47 | Redline (Battle-Scarred),Battle-Scarred,https://steamcommunity.com/market/listings/730/StatTrak%E2%84%A2%20AK-47%20%7C%20Redline%20%28Battle-Scarred%29,54.29,35,2026-07-09 11:24:44.801045,1900.15
StatTrak™ AK-47 | Redline (Field-Tested),StatTrak™ AK-47 | Redline (Field-Tested),Field-Tested,https://steamcommunity.com/market/listings/730/StatTrak%E2%84%A2%20AK-47%20%7C%20Redline%20%28Field-Tested%29,89.95,145,2026-07-09 11:24:44.801119,13042.75
StatTrak™ AK-47 | Redline (Minimal Wear),StatTrak™ AK-47 | Redline (Minimal Wear),Minimal Wear,https://steamcommunity.com/market/listings/730/StatTrak%E2%84%A2%20AK-47%20%7C%20Redline%20%28Minimal%20Wear%29,478.66,11,2026-07-09 11:24:46.706213,5265.26
StatTrak™ AK-47 | Redline (Well-Worn),StatTrak™ AK-47 | Redline (Well-Worn),Well-Worn,https://steamcommunity.com/market/listings/730/StatTrak%E2%84%A2%20AK-47%20%7C%20Redline%20%28Well-Worn%29,67.35,15,2026-07-09 11:24:46.706306,1010.25
StatTrak™ AK-47 | Searing Rage (Battle-Scarred),StatTrak™ AK-47 | Searing Rage (Battle-Scarred),Battle-Scarred,https://steamcommunity.com/market/listings/730/StatTrak%E2%84%A2%20AK-47%20%7C%20Searing%20Rage%20%28Battle-Scarred%29,8.3,150,2026-07-09 11:24:46.706384,1245.0
StatTrak™ AK-47 | Searing Rage (Factory New),StatTrak™ AK-47 | Searing Rage (Factory New),Factory New,https://steamcommunity.com/market/listings/730/StatTrak%E2%84%A2%20AK-47%20%7C%20Searing%20Rage%20%28Factory%20New%29,50.0,55,2026-07-09 11:24:46.706460,2750.0
StatTrak™ AK-47 | Searing Rage (Field-Tested),StatTrak™ AK-47 | Searing Rage (Field-Tested),Field-Tested,https://steamcommunity.com/market/listings/730/StatTrak%E2%84%A2%20AK-47%20%7C%20Searing%20Rage%20%28Field-Tested%29,11.98,211,2026-07-09 11:24:46.706535,2527.78
StatTrak™ AK-47 | Searing Rage (Minimal Wear),StatTrak™ AK-47 | Searing Rage (Minimal Wear),Minimal Wear,https://steamcommunity.com/market/listings/730/StatTrak%E2%84%A2%20AK-47%20%7C%20Searing%20Rage%20%28Minimal%20Wear%29,19.98,128,2026-07-09 11:24:46.706611,2557.44
StatTrak™ AK-47 | Searing Rage (Well-Worn),StatTrak™ AK-47 | Searing Rage (Well-Worn),Well-Worn,https://steamcommunity.com/market/listings/730/StatTrak%E2%84%A2%20AK-47%20%7C%20Searing%20Rage%20%28Well-Worn%29,8.77,162,2026-07-09 11:24:46.706688,1420.74
StatTrak™ AK-47 | Slate (Battle-Scarred),StatTrak™ AK-47 | Slate (Battle-Scarred),Battle-Scarred,https://steamcommunity.com/market/listings/730/StatTrak%E2%84%A2%20AK-47%20%7C%20Slate%20%28Battle-Scarred%29,14.14,162,2026-07-09 11:24:46.706762,2290.68
StatTrak™ AK-47 | Slate (Factory New),StatTrak™ AK-47 | Slate (Factory New),Factory New,https://steamcommunity.com/market/listings/730/StatTrak%E2%84%A2%20AK-47%20%7C%20Slate%20%28Factory%20New%29,67.0,89,2026-07-09 11:24:46.706845,5963.0
StatTrak™ AK-47 | Slate (Field-Tested),StatTrak™ AK-47 | Slate (Field-Tested),Field-Tested,https://steamcommunity.com/market/listings/730/StatTrak%E2%84%A2%20AK-47%20%7C%20Slate%20%28Field-Tested%29,19.41,417,2026-07-09 11:24:46.706918,8093.97
StatTrak™ AK-47 | Slate (Minimal Wear),StatTrak™ AK-47 | Slate (Minimal Wear),Minimal Wear,https://steamcommunity.com/market/listings/730/StatTrak%E2%84%A2%20AK-47%20%7C%20Slate%20%28Minimal%20Wear%29,31.82,135,2026-07-09 11:24:48.588340,4295.7
StatTrak™ AK-47 | Slate (Well-Worn),StatTrak™ AK-47 | Slate (Well-Worn),Well-Worn,https://steamcommunity.com/market/listings/730/StatTrak%E2%84%A2%20AK-47%20%7C%20Slate%20%28Well-Worn%29,14.69,216,2026-07-09 11:24:48.588461,3173.04
StatTrak™ AK-47 | The Empress (Battle-Scarred),StatTrak™ AK-47 | The Empress (Battle-Scarred),Battle-Scarred,https://steamcommunity.com/market/listings/730/StatTrak%E2%84%A2%20AK-47%20%7C%20The%20Empress%20%28Battle-Scarred%29,130.0,13,2026-07-09 11:24:48.588552,1690.0
StatTrak™ AK-47 | The Empress (Factory New),StatTrak™ AK-47 | The Empress (Factory New),Factory New,https://steamcommunity.com/market/listings/730/StatTrak%E2%84%A2%20AK-47%20%7C%20The%20Empress%20%28Factory%20New%29,697.9,2,2026-07-09 11:24:48.588642,1395.8
StatTrak™ AK-47 | The Empress (Field-Tested),StatTrak™ AK-47 | The Empress (Field-Tested),Field-Tested,https://steamcommunity.com/market/listings/730/StatTrak%E2%84%A2%20AK-47%20%7C%20The%20Empress%20%28Field-Tested%29,165.25,22,2026-07-09 11:24:48.588730,3635.5
StatTrak™ AK-47 | The Empress (Minimal Wear),StatTrak™ AK-47 | The Empress (Minimal Wear),Minimal Wear,https://steamcommunity.com/market/listings/730/StatTrak%E2%84%A2%20AK-47%20%7C%20The%20Empress%20%28Minimal%20Wear%29,266.0,17,2026-07-09 11:24:48.588826,4522.0
StatTrak™ AK-47 | The Empress (Well-Worn),StatTrak™ AK-47 | The Empress (Well-Worn),Well-Worn,https://steamcommunity.com/market/listings/730/StatTrak%E2%84%A2%20AK-47%20%7C%20The%20Empress%20%28Well-Worn%29,136.77,14,2026-07-09 11:24:48.588913,1914.78
StatTrak™ AK-47 | The Oligarch (Battle-Scarred),StatTrak™ AK-47 | The Oligarch (Battle-Scarred),Battle-Scarred,https://steamcommunity.com/market/listings/730/StatTrak%E2%84%A2%20AK-47%20%7C%20The%20Oligarch%20%28Battle-Scarred%29,72.37,26,2026-07-09 11:24:48.588999,1881.62
StatTrak™ AK-47 | The Oligarch (Factory New),StatTrak™ AK-47 | The Oligarch (Factory New),Factory New,https://steamcommunity.com/market/listings/730/StatTrak%E2%84%A2%20AK-47%20%7C%20The%20Oligarch%20%28Factory%20New%29,798.99,4,2026-07-09 11:24:48.589088,3195.96
StatTrak™ AK-47 | The Oligarch (Field-Tested),StatTrak™ AK-47 | The Oligarch (Field-Tested),Field-Tested,https://steamcommunity.com/market/listings/730/StatTrak%E2%84%A2%20AK-47%20%7C%20The%20Oligarch%20%28Field-Tested%29,166.65,33,2026-07-09 11:24:48.589176,5499.45
StatTrak™ AK-47 | The Oligarch (Minimal Wear),StatTrak™ AK-47 | The Oligarch (Minimal Wear),Minimal Wear,https://steamcommunity.com/market/listings/730/StatTrak%E2%84%A2%20AK-47%20%7C%20The%20Oligarch%20%28Minimal%20Wear%29,325.57,31,2026-07-09 11:24:50.588511,10092.67
StatTrak™ AK-47 | The Oligarch (Well-Worn),StatTrak™ AK-47 | The Oligarch (Well-Worn),Well-Worn,https://steamcommunity.com/market/listings/730/StatTrak%E2%84%A2%20AK-47%20%7C%20The%20Oligarch%20%28Well-Worn%29,105.0,24,2026-07-09 11:24:50.588614,2520.0
StatTrak™ AK-47 | The Outsiders (Battle-Scarred),StatTrak™ AK-47 | The Outsiders (Battle-Scarred),Battle-Scarred,https://steamcommunity.com/market/listings/730/StatTrak%E2%84%A2%20AK-47%20%7C%20The%20Outsiders%20%28Battle-Scarred%29,19.58,49,2026-07-09 11:24:50.588705,959.42
StatTrak™ AK-47 | The Outsiders (Factory New),StatTrak™ AK-47 | The Outsiders (Factory New),Factory New,https://steamcommunity.com/market/listings/730/StatTrak%E2%84%A2%20AK-47%20%7C%20The%20Outsiders%20%28Factory%20New%29,141.51,12,2026-07-09 11:24:50.588796,1698.12
StatTrak™ AK-47 | The Outsiders (Field-Tested),StatTrak™ AK-47 | The Outsiders (Field-Tested),Field-Tested,https://steamcommunity.com/market/listings/730/StatTrak%E2%84%A2%20AK-47%20%7C%20The%20Outsiders%20%28Field-Tested%29,23.49,60,2026-07-09 11:24:50.588886,1409.4
StatTrak™ AK-47 | The Outsiders (Minimal Wear),StatTrak™ AK-47 | The Outsiders (Minimal Wear),Minimal Wear,https://steamcommunity.com/market/listings/730/StatTrak%E2%84%A2%20AK-47%20%7C%20The%20Outsiders%20%28Minimal%20Wear%29,46.97,40,2026-07-09 11:24:50.588976,1878.8
StatTrak™ AK-47 | The Outsiders (Well-Worn),StatTrak™ AK-47 | The Outsiders (Well-Worn),Well-Worn,https://steamcommunity.com/market/listings/730/StatTrak%E2%84%A2%20AK-47%20%7C%20The%20Outsiders%20%28Well-Worn%29,19.94,25,2026-07-09 11:24:50.589064,498.5
StatTrak™ AK-47 | Uncharted (Battle-Scarred),StatTrak™ AK-47 | Uncharted (Battle-Scarred),Battle-Scarred,https://steamcommunity.com/market/listings/730/StatTrak%E2%84%A2%20AK-47%20%7C%20Uncharted%20%28Battle-Scarred%29,2.9,264,2026-07-09 11:24:50.589157,765.6
StatTrak™ AK-47 | Uncharted (Factory New),StatTrak™ AK-47 | Uncharted (Factory New),Factory New,https://steamcommunity.com/market/listings/730/StatTrak%E2%84%A2%20AK-47%20%7C%20Uncharted%20%28Factory%20New%29,7.67,183,2026-07-09 11:24:50.589244,1403.61
StatTrak™ AK-47 | Uncharted (Field-Tested),StatTrak™ AK-47 | Uncharted (Field-Tested),Field-Tested,https://steamcommunity.com/market/listings/730/StatTrak%E2%84%A2%20AK-47%20%7C%20Uncharted%20%28Field-Tested%29,2.61,870,2026-07-09 11:24:50.589334,2270.7
StatTrak™ AK-47 | Uncharted (Minimal Wear),StatTrak™ AK-47 | Uncharted (Minimal Wear),Minimal Wear,https://steamcommunity.com/market/listings/730/StatTrak%E2%84%A2%20AK-47%20%7C%20Uncharted%20%28Minimal%20Wear%29,3.53,415,2026-07-09 11:24:52.461131,1464.95
StatTrak™ AK-47 | Uncharted (Well-Worn),StatTrak™ AK-47 | Uncharted (Well-Worn),Well-Worn,https://steamcommunity.com/market/listings/730/StatTrak%E2%84%A2%20AK-47%20%7C%20Uncharted%20%28Well-Worn%29,3.23,85,2026-07-09 11:24:52.461218,274.55
StatTrak™ AK-47 | Vulcan (Battle-Scarred),StatTrak™ AK-47 | Vulcan (Battle-Scarred),Battle-Scarred,https://steamcommunity.com/market/listings/730/StatTrak%E2%84%A2%20AK-47%20%7C%20Vulcan%20%28Battle-Scarred%29,248.0,4,2026-07-09 11:24:52.461297,992.0
StatTrak™ AK-47 | Vulcan (Field-Tested),StatTrak™ AK-47 | Vulcan (Field-Tested),Field-Tested,https://steamcommunity.com/market/listings/730/StatTrak%E2%84%A2%20AK-47%20%7C%20Vulcan%20%28Field-Tested%29,467.27,13,2026-07-09 11:24:52.461374,6074.51
StatTrak™ AK-47 | Vulcan (Minimal Wear),StatTrak™ AK-47 | Vulcan (Minimal Wear),Minimal Wear,https://steamcommunity.com/market/listings/730/StatTrak%E2%84%A2%20AK-47%20%7C%20Vulcan%20%28Minimal%20Wear%29,1399.98,6,2026-07-09 11:24:52.461450,8399.88
StatTrak™ AK-47 | Vulcan (Well-Worn),StatTrak™ AK-47 | Vulcan (Well-Worn),Well-Worn,https://steamcommunity.com/market/listings/730/StatTrak%E2%84%A2%20AK-47%20%7C%20Vulcan%20%28Well-Worn%29,374.95,8,2026-07-09 11:24:52.461522,2999.6
StatTrak™ AK-47 | Wasteland Rebel (Battle-Scarred),StatTrak™ AK-47 | Wasteland Rebel (Battle-Scarred),Battle-Scarred,https://steamcommunity.com/market/listings/730/StatTrak%E2%84%A2%20AK-47%20%7C%20Wasteland%20Rebel%20%28Battle-Scarred%29,143.11,6,2026-07-09 11:24:52.461588,858.66
StatTrak™ AK-47 | Wasteland Rebel (Field-Tested),StatTrak™ AK-47 | Wasteland Rebel (Field-Tested),Field-Tested,https://steamcommunity.com/market/listings/730/StatTrak%E2%84%A2%20AK-47%20%7C%20Wasteland%20Rebel%20%28Field-Tested%29,143.07,13,2026-07-09 11:24:52.461654,1859.91
StatTrak™ AK-47 | Wasteland Rebel (Minimal Wear),StatTrak™ AK-47 | Wasteland Rebel (Minimal Wear),Minimal Wear,https://steamcommunity.com/market/listings/730/StatTrak%E2%84%A2%20AK-47%20%7C%20Wasteland%20Rebel%20%28Minimal%20Wear%29,289.17,8,2026-07-09 11:24:52.461724,2313.36
StatTrak™ AK-47 | Wasteland Rebel (Well-Worn),StatTrak™ AK-47 | Wasteland Rebel (Well-Worn),Well-Worn,https://steamcommunity.com/market/listings/730/StatTrak%E2%84%A2%20AK-47%20%7C%20Wasteland%20Rebel%20%28Well-Worn%29,190.5,5,2026-07-09 11:24:52.461790,952.5
