name,hash_name,wear,url,price_usd,quantity,scraped_at
AK-47 | Aphrodite (Battle-Scarred),AK-47 | Aphrodite (Battle-Scarred),Battle-Scarred,https://steamcommunity.com/market/listings/730/AK-47%20%7C%20Aphrodite%20%28Battle-Scarred%29,16.46,700,2026-07-07T15:24:28.122898
AK-47 | Aphrodite (Factory New),AK-47 | Aphrodite (Factory New),Factory New,https://steamcommunity.com/market/listings/730/AK-47%20%7C%20Aphrodite%20%28Factory%20New%29,668.21,55,2026-07-07T15:24:28.122951
AK-47 | Aphrodite (Field-Tested),AK-47 | Aphrodite (Field-Tested),Field-Tested,https://steamcommunity.com/market/listings/730/AK-47%20%7C%20Aphrodite%20%28Field-Tested%29,25.59,785,2026-07-07T15:24:28.122995
AK-47 | Aphrodite (Minimal Wear),AK-47 | Aphrodite (Minimal Wear),Minimal Wear,https://steamcommunity.com/market/listings/730/AK-47%20%7C%20Aphrodite%20%28Minimal%20Wear%29,54.88,660,2026-07-07T15:24:28.123037
AK-47 | Aphrodite (Well-Worn),AK-47 | Aphrodite (Well-Worn),Well-Worn,https://steamcommunity.com/market/listings/730/AK-47%20%7C%20Aphrodite%20%28Well-Worn%29,17.5,750,2026-07-07T15:24:28.123078
AK-47 | Aquamarine Revenge (Battle-Scarred),AK-47 | Aquamarine Revenge (Battle-Scarred),Battle-Scarred,https://steamcommunity.com/market/listings/730/AK-47%20%7C%20Aquamarine%20Revenge%20%28Battle-Scarred%29,44.39,35,2026-07-07T15:24:28.123120
AK-47 | Aquamarine Revenge (Factory New),AK-47 | Aquamarine Revenge (Factory New),Factory New,https://steamcommunity.com/market/listings/730/AK-47%20%7C%20Aquamarine%20Revenge%20%28Factory%20New%29,274.66,41,2026-07-07T15:24:28.123159
AK-47 | Aquamarine Revenge (Field-Tested),AK-47 | Aquamarine Revenge (Field-Tested),Field-Tested,https://steamcommunity.com/market/listings/730/AK-47%20%7C%20Aquamarine%20Revenge%20%28Field-Tested%29,54.67,152,2026-07-07T15:24:28.123197
AK-47 | Aquamarine Revenge (Minimal Wear),AK-47 | Aquamarine Revenge (Minimal Wear),Minimal Wear,https://steamcommunity.com/market/listings/730/AK-47%20%7C%20Aquamarine%20Revenge%20%28Minimal%20Wear%29,90.85,91,2026-07-07T15:24:28.123235
AK-47 | Aquamarine Revenge (Well-Worn),AK-47 | Aquamarine Revenge (Well-Worn),Well-Worn,https://steamcommunity.com/market/listings/730/AK-47%20%7C%20Aquamarine%20Revenge%20%28Well-Worn%29,45.58,48,2026-07-07T15:24:28.123274
AK-47 | Asiimov (Battle-Scarred),AK-47 | Asiimov (Battle-Scarred),Battle-Scarred,https://steamcommunity.com/market/listings/730/AK-47%20%7C%20Asiimov%20%28Battle-Scarred%29,51.54,50,2026-07-07T15:24:29.952691
AK-47 | Asiimov (Factory New),AK-47 | Asiimov (Factory New),Factory New,https://steamcommunity.com/market/listings/730/AK-47%20%7C%20Asiimov%20%28Factory%20New%29,563.47,13,2026-07-07T15:24:29.952755
AK-47 | Asiimov (Field-Tested),AK-47 | Asiimov (Field-Tested),Field-Tested,https://steamcommunity.com/market/listings/730/AK-47%20%7C%20Asiimov%20%28Field-Tested%29,57.88,345,2026-07-07T15:24:29.952824
AK-47 | Asiimov (Minimal Wear),AK-47 | Asiimov (Minimal Wear),Minimal Wear,https://steamcommunity.com/market/listings/730/AK-47%20%7C%20Asiimov%20%28Minimal%20Wear%29,82.85,208,2026-07-07T15:24:29.952878
AK-47 | Asiimov (Well-Worn),AK-47 | Asiimov (Well-Worn),Well-Worn,https://steamcommunity.com/market/listings/730/AK-47%20%7C%20Asiimov%20%28Well-Worn%29,57.67,48,2026-07-07T15:24:29.952928
AK-47 | B the Monster (Battle-Scarred),AK-47 | B the Monster (Battle-Scarred),Battle-Scarred,https://steamcommunity.com/market/listings/730/AK-47%20%7C%20B%20the%20Monster%20%28Battle-Scarred%29,95.0,59,2026-07-07T15:24:29.952979
AK-47 | B the Monster (Factory New),AK-47 | B the Monster (Factory New),Factory New,https://steamcommunity.com/market/listings/730/AK-47%20%7C%20B%20the%20Monster%20%28Factory%20New%29,858.86,11,2026-07-07T15:24:29.953029
AK-47 | B the Monster (Field-Tested),AK-47 | B the Monster (Field-Tested),Field-Tested,https://steamcommunity.com/market/listings/730/AK-47%20%7C%20B%20the%20Monster%20%28Field-Tested%29,189.1,125,2026-07-07T15:24:29.953251
AK-47 | B the Monster (Minimal Wear),AK-47 | B the Monster (Minimal Wear),Minimal Wear,https://steamcommunity.com/market/listings/730/AK-47%20%7C%20B%20the%20Monster%20%28Minimal%20Wear%29,334.96,71,2026-07-07T15:24:29.953310
AK-47 | B the Monster (Well-Worn),AK-47 | B the Monster (Well-Worn),Well-Worn,https://steamcommunity.com/market/listings/730/AK-47%20%7C%20B%20the%20Monster%20%28Well-Worn%29,157.67,19,2026-07-07T15:24:29.953367
AK-47 | Baroque Purple (Battle-Scarred),AK-47 | Baroque Purple (Battle-Scarred),Battle-Scarred,https://steamcommunity.com/market/listings/730/AK-47%20%7C%20Baroque%20Purple%20%28Battle-Scarred%29,7.6,59,2026-07-07T15:24:31.798761
AK-47 | Baroque Purple (Factory New),AK-47 | Baroque Purple (Factory New),Factory New,https://steamcommunity.com/market/listings/730/AK-47%20%7C%20Baroque%20Purple%20%28Factory%20New%29,124.47,35,2026-07-07T15:24:31.798827
AK-47 | Baroque Purple (Field-Tested),AK-47 | Baroque Purple (Field-Tested),Field-Tested,https://steamcommunity.com/market/listings/730/AK-47%20%7C%20Baroque%20Purple%20%28Field-Tested%29,7.6,118,2026-07-07T15:24:31.798884
AK-47 | Baroque Purple (Minimal Wear),AK-47 | Baroque Purple (Minimal Wear),Minimal Wear,https://steamcommunity.com/market/listings/730/AK-47%20%7C%20Baroque%20Purple%20%28Minimal%20Wear%29,14.38,114,2026-07-07T15:24:31.798940
AK-47 | Baroque Purple (Well-Worn),AK-47 | Baroque Purple (Well-Worn),Well-Worn,https://steamcommunity.com/market/listings/730/AK-47%20%7C%20Baroque%20Purple%20%28Well-Worn%29,7.62,83,2026-07-07T15:24:31.798994
AK-47 | Black Laminate (Battle-Scarred),AK-47 | Black Laminate (Battle-Scarred),Battle-Scarred,https://steamcommunity.com/market/listings/730/AK-47%20%7C%20Black%20Laminate%20%28Battle-Scarred%29,52.53,12,2026-07-07T15:24:31.799049
AK-47 | Black Laminate (Factory New),AK-47 | Black Laminate (Factory New),Factory New,https://steamcommunity.com/market/listings/730/AK-47%20%7C%20Black%20Laminate%20%28Factory%20New%29,709.98,5,2026-07-07T15:24:31.799105
AK-47 | Black Laminate (Field-Tested),AK-47 | Black Laminate (Field-Tested),Field-Tested,https://steamcommunity.com/market/listings/730/AK-47%20%7C%20Black%20Laminate%20%28Field-Tested%29,51.99,52,2026-07-07T15:24:31.799159
AK-47 | Black Laminate (Minimal Wear),AK-47 | Black Laminate (Minimal Wear),Minimal Wear,https://steamcommunity.com/market/listings/730/AK-47%20%7C%20Black%20Laminate%20%28Minimal%20Wear%29,103.27,61,2026-07-07T15:24:31.799213
AK-47 | Black Laminate (Well-Worn),AK-47 | Black Laminate (Well-Worn),Well-Worn,https://steamcommunity.com/market/listings/730/AK-47%20%7C%20Black%20Laminate%20%28Well-Worn%29,54.7,7,2026-07-07T15:24:31.799267
AK-47 | Bloodsport (Factory New),AK-47 | Bloodsport (Factory New),Factory New,https://steamcommunity.com/market/listings/730/AK-47%20%7C%20Bloodsport%20%28Factory%20New%29,253.26,90,2026-07-07T15:24:33.763894
AK-47 | Bloodsport (Field-Tested),AK-47 | Bloodsport (Field-Tested),Field-Tested,https://steamcommunity.com/market/listings/730/AK-47%20%7C%20Bloodsport%20%28Field-Tested%29,181.93,84,2026-07-07T15:24:33.764018
AK-47 | Bloodsport (Minimal Wear),AK-47 | Bloodsport (Minimal Wear),Minimal Wear,https://steamcommunity.com/market/listings/730/AK-47%20%7C%20Bloodsport%20%28Minimal%20Wear%29,205.0,61,2026-07-07T15:24:33.764126
AK-47 | Bloodsport (Well-Worn),AK-47 | Bloodsport (Well-Worn),Well-Worn,https://steamcommunity.com/market/listings/730/AK-47%20%7C%20Bloodsport%20%28Well-Worn%29,199.57,15,2026-07-07T15:24:33.764232
AK-47 | Blue Laminate (Factory New),AK-47 | Blue Laminate (Factory New),Factory New,https://steamcommunity.com/market/listings/730/AK-47%20%7C%20Blue%20Laminate%20%28Factory%20New%29,76.38,488,2026-07-07T15:24:33.764335
AK-47 | Blue Laminate (Field-Tested),AK-47 | Blue Laminate (Field-Tested),Field-Tested,https://steamcommunity.com/market/listings/730/AK-47%20%7C%20Blue%20Laminate%20%28Field-Tested%29,20.58,442,2026-07-07T15:24:33.764441
AK-47 | Blue Laminate (Minimal Wear),AK-47 | Blue Laminate (Minimal Wear),Minimal Wear,https://steamcommunity.com/market/listings/730/AK-47%20%7C%20Blue%20Laminate%20%28Minimal%20Wear%29,22.19,591,2026-07-07T15:24:33.764544
AK-47 | Blue Laminate (Well-Worn),AK-47 | Blue Laminate (Well-Worn),Well-Worn,https://steamcommunity.com/market/listings/730/AK-47%20%7C%20Blue%20Laminate%20%28Well-Worn%29,30.01,26,2026-07-07T15:24:33.764646
AK-47 | Breakthrough (Battle-Scarred),AK-47 | Breakthrough (Battle-Scarred),Battle-Scarred,https://steamcommunity.com/market/listings/730/AK-47%20%7C%20Breakthrough%20%28Battle-Scarred%29,2.95,134,2026-07-07T15:24:33.764748
AK-47 | Breakthrough (Factory New),AK-47 | Breakthrough (Factory New),Factory New,https://steamcommunity.com/market/listings/730/AK-47%20%7C%20Breakthrough%20%28Factory%20New%29,19.64,199,2026-07-07T15:24:33.764850
AK-47 | Breakthrough (Field-Tested),AK-47 | Breakthrough (Field-Tested),Field-Tested,https://steamcommunity.com/market/listings/730/AK-47%20%7C%20Breakthrough%20%28Field-Tested%29,3.85,553,2026-07-07T15:24:35.614318
AK-47 | Breakthrough (Minimal Wear),AK-47 | Breakthrough (Minimal Wear),Minimal Wear,https://steamcommunity.com/market/listings/730/AK-47%20%7C%20Breakthrough%20%28Minimal%20Wear%29,7.63,308,2026-07-07T15:24:35.614407
AK-47 | Breakthrough (Well-Worn),AK-47 | Breakthrough (Well-Worn),Well-Worn,https://steamcommunity.com/market/listings/730/AK-47%20%7C%20Breakthrough%20%28Well-Worn%29,3.77,119,2026-07-07T15:24:35.614484
AK-47 | Cartel (Battle-Scarred),AK-47 | Cartel (Battle-Scarred),Battle-Scarred,https://steamcommunity.com/market/listings/730/AK-47%20%7C%20Cartel%20%28Battle-Scarred%29,21.12,52,2026-07-07T15:24:35.614561
AK-47 | Cartel (Factory New),AK-47 | Cartel (Factory New),Factory New,https://steamcommunity.com/market/listings/730/AK-47%20%7C%20Cartel%20%28Factory%20New%29,90.85,100,2026-07-07T15:24:35.614635
AK-47 | Cartel (Field-Tested),AK-47 | Cartel (Field-Tested),Field-Tested,https://steamcommunity.com/market/listings/730/AK-47%20%7C%20Cartel%20%28Field-Tested%29,21.55,340,2026-07-07T15:24:35.614711
AK-47 | Cartel (Minimal Wear),AK-47 | Cartel (Minimal Wear),Minimal Wear,https://steamcommunity.com/market/listings/730/AK-47%20%7C%20Cartel%20%28Minimal%20Wear%29,29.22,213,2026-07-07T15:24:35.614787
AK-47 | Cartel (Well-Worn),AK-47 | Cartel (Well-Worn),Well-Worn,https://steamcommunity.com/market/listings/730/AK-47%20%7C%20Cartel%20%28Well-Worn%29,26.11,14,2026-07-07T15:24:35.614860
AK-47 | Case Hardened (Battle-Scarred),AK-47 | Case Hardened (Battle-Scarred),Battle-Scarred,https://steamcommunity.com/market/listings/730/AK-47%20%7C%20Case%20Hardened%20%28Battle-Scarred%29,251.21,38,2026-07-07T15:24:35.614933
AK-47 | Case Hardened (Factory New),AK-47 | Case Hardened (Factory New),Factory New,https://steamcommunity.com/market/listings/730/AK-47%20%7C%20Case%20Hardened%20%28Factory%20New%29,802.97,24,2026-07-07T15:24:35.615007
AK-47 | Case Hardened (Field-Tested),AK-47 | Case Hardened (Field-Tested),Field-Tested,https://steamcommunity.com/market/listings/730/AK-47%20%7C%20Case%20Hardened%20%28Field-Tested%29,336.84,87,2026-07-07T15:24:37.543113
AK-47 | Case Hardened (Minimal Wear),AK-47 | Case Hardened (Minimal Wear),Minimal Wear,https://steamcommunity.com/market/listings/730/AK-47%20%7C%20Case%20Hardened%20%28Minimal%20Wear%29,378.69,83,2026-07-07T15:24:37.543205
AK-47 | Case Hardened (Well-Worn),AK-47 | Case Hardened (Well-Worn),Well-Worn,https://steamcommunity.com/market/listings/730/AK-47%20%7C%20Case%20Hardened%20%28Well-Worn%29,274.44,47,2026-07-07T15:24:37.543258
AK-47 | Crane Flight (Battle-Scarred),AK-47 | Crane Flight (Battle-Scarred),Battle-Scarred,https://steamcommunity.com/market/listings/730/AK-47%20%7C%20Crane%20Flight%20%28Battle-Scarred%29,12.22,333,2026-07-07T15:24:37.543306
AK-47 | Crane Flight (Factory New),AK-47 | Crane Flight (Factory New),Factory New,https://steamcommunity.com/market/listings/730/AK-47%20%7C%20Crane%20Flight%20%28Factory%20New%29,99.84,118,2026-07-07T15:24:37.543354
AK-47 | Crane Flight (Field-Tested),AK-47 | Crane Flight (Field-Tested),Field-Tested,https://steamcommunity.com/market/listings/730/AK-47%20%7C%20Crane%20Flight%20%28Field-Tested%29,19.97,703,2026-07-07T15:24:37.543401
AK-47 | Crane Flight (Minimal Wear),AK-47 | Crane Flight (Minimal Wear),Minimal Wear,https://steamcommunity.com/market/listings/730/AK-47%20%7C%20Crane%20Flight%20%28Minimal%20Wear%29,38.98,556,2026-07-07T15:24:37.543449
AK-47 | Crane Flight (Well-Worn),AK-47 | Crane Flight (Well-Worn),Well-Worn,https://steamcommunity.com/market/listings/730/AK-47%20%7C%20Crane%20Flight%20%28Well-Worn%29,15.84,460,2026-07-07T15:24:37.543498
AK-47 | Crossfade (Battle-Scarred),AK-47 | Crossfade (Battle-Scarred),Battle-Scarred,https://steamcommunity.com/market/listings/730/AK-47%20%7C%20Crossfade%20%28Battle-Scarred%29,2.73,145,2026-07-07T15:24:37.543548
AK-47 | Crossfade (Factory New),AK-47 | Crossfade (Factory New),Factory New,https://steamcommunity.com/market/listings/730/AK-47%20%7C%20Crossfade%20%28Factory%20New%29,9.71,413,2026-07-07T15:24:37.543594
AK-47 | Crossfade (Field-Tested),AK-47 | Crossfade (Field-Tested),Field-Tested,https://steamcommunity.com/market/listings/730/AK-47%20%7C%20Crossfade%20%28Field-Tested%29,2.84,536,2026-07-07T15:24:39.392228
AK-47 | Crossfade (Minimal Wear),AK-47 | Crossfade (Minimal Wear),Minimal Wear,https://steamcommunity.com/market/listings/730/AK-47%20%7C%20Crossfade%20%28Minimal%20Wear%29,4.05,381,2026-07-07T15:24:39.392324
AK-47 | Crossfade (Well-Worn),AK-47 | Crossfade (Well-Worn),Well-Worn,https://steamcommunity.com/market/listings/730/AK-47%20%7C%20Crossfade%20%28Well-Worn%29,2.8,224,2026-07-07T15:24:39.392405
AK-47 | Elite Build (Battle-Scarred),AK-47 | Elite Build (Battle-Scarred),Battle-Scarred,https://steamcommunity.com/market/listings/730/AK-47%20%7C%20Elite%20Build%20%28Battle-Scarred%29,2.16,1687,2026-07-07T15:24:39.392483
AK-47 | Elite Build (Factory New),AK-47 | Elite Build (Factory New),Factory New,https://steamcommunity.com/market/listings/730/AK-47%20%7C%20Elite%20Build%20%28Factory%20New%29,15.19,369,2026-07-07T15:24:39.392557
AK-47 | Elite Build (Field-Tested),AK-47 | Elite Build (Field-Tested),Field-Tested,https://steamcommunity.com/market/listings/730/AK-47%20%7C%20Elite%20Build%20%28Field-Tested%29,2.41,2249,2026-07-07T15:24:39.392630
AK-47 | Elite Build (Minimal Wear),AK-47 | Elite Build (Minimal Wear),Minimal Wear,https://steamcommunity.com/market/listings/730/AK-47%20%7C%20Elite%20Build%20%28Minimal%20Wear%29,3.99,1198,2026-07-07T15:24:39.392704
AK-47 | Elite Build (Well-Worn),AK-47 | Elite Build (Well-Worn),Well-Worn,https://steamcommunity.com/market/listings/730/AK-47%20%7C%20Elite%20Build%20%28Well-Worn%29,2.07,3046,2026-07-07T15:24:39.392778
AK-47 | Emerald Pinstripe (Battle-Scarred),AK-47 | Emerald Pinstripe (Battle-Scarred),Battle-Scarred,https://steamcommunity.com/market/listings/730/AK-47%20%7C%20Emerald%20Pinstripe%20%28Battle-Scarred%29,3.15,421,2026-07-07T15:24:39.392851
AK-47 | Emerald Pinstripe (Factory New),AK-47 | Emerald Pinstripe (Factory New),Factory New,https://steamcommunity.com/market/listings/730/AK-47%20%7C%20Emerald%20Pinstripe%20%28Factory%20New%29,39.37,113,2026-07-07T15:24:39.392925
AK-47 | Emerald Pinstripe (Field-Tested),AK-47 | Emerald Pinstripe (Field-Tested),Field-Tested,https://steamcommunity.com/market/listings/730/AK-47%20%7C%20Emerald%20Pinstripe%20%28Field-Tested%29,3.27,778,2026-07-07T15:24:41.237692
AK-47 | Emerald Pinstripe (Minimal Wear),AK-47 | Emerald Pinstripe (Minimal Wear),Minimal Wear,https://steamcommunity.com/market/listings/730/AK-47%20%7C%20Emerald%20Pinstripe%20%28Minimal%20Wear%29,5.41,565,2026-07-07T15:24:41.237821
AK-47 | Emerald Pinstripe (Well-Worn),AK-47 | Emerald Pinstripe (Well-Worn),Well-Worn,https://steamcommunity.com/market/listings/730/AK-47%20%7C%20Emerald%20Pinstripe%20%28Well-Worn%29,3.22,490,2026-07-07T15:24:41.237927
AK-47 | Fire Serpent (Battle-Scarred),AK-47 | Fire Serpent (Battle-Scarred),Battle-Scarred,https://steamcommunity.com/market/listings/730/AK-47%20%7C%20Fire%20Serpent%20%28Battle-Scarred%29,830.99,2,2026-07-07T15:24:41.238037
AK-47 | Fire Serpent (Field-Tested),AK-47 | Fire Serpent (Field-Tested),Field-Tested,https://steamcommunity.com/market/listings/730/AK-47%20%7C%20Fire%20Serpent%20%28Field-Tested%29,1205.67,11,2026-07-07T15:24:41.238137
AK-47 | Fire Serpent (Well-Worn),AK-47 | Fire Serpent (Well-Worn),Well-Worn,https://steamcommunity.com/market/listings/730/AK-47%20%7C%20Fire%20Serpent%20%28Well-Worn%29,1620.92,1,2026-07-07T15:24:41.238233
AK-47 | First Class (Battle-Scarred),AK-47 | First Class (Battle-Scarred),Battle-Scarred,https://steamcommunity.com/market/listings/730/AK-47%20%7C%20First%20Class%20%28Battle-Scarred%29,115.77,5,2026-07-07T15:24:41.238328
AK-47 | First Class (Factory New),AK-47 | First Class (Factory New),Factory New,https://steamcommunity.com/market/listings/730/AK-47%20%7C%20First%20Class%20%28Factory%20New%29,296.88,7,2026-07-07T15:24:41.238423
AK-47 | First Class (Field-Tested),AK-47 | First Class (Field-Tested),Field-Tested,https://steamcommunity.com/market/listings/730/AK-47%20%7C%20First%20Class%20%28Field-Tested%29,140.0,19,2026-07-07T15:24:41.238522
AK-47 | First Class (Minimal Wear),AK-47 | First Class (Minimal Wear),Minimal Wear,https://steamcommunity.com/market/listings/730/AK-47%20%7C%20First%20Class%20%28Minimal%20Wear%29,172.36,7,2026-07-07T15:24:41.238619
AK-47 | First Class (Well-Worn),AK-47 | First Class (Well-Worn),Well-Worn,https://steamcommunity.com/market/listings/730/AK-47%20%7C%20First%20Class%20%28Well-Worn%29,118.17,4,2026-07-07T15:24:43.130787
AK-47 | Frontside Misty (Battle-Scarred),AK-47 | Frontside Misty (Battle-Scarred),Battle-Scarred,https://steamcommunity.com/market/listings/730/AK-47%20%7C%20Frontside%20Misty%20%28Battle-Scarred%29,20.19,102,2026-07-07T15:24:43.130918
AK-47 | Frontside Misty (Factory New),AK-47 | Frontside Misty (Factory New),Factory New,https://steamcommunity.com/market/listings/730/AK-47%20%7C%20Frontside%20Misty%20%28Factory%20New%29,178.28,46,2026-07-07T15:24:43.131024
AK-47 | Frontside Misty (Field-Tested),AK-47 | Frontside Misty (Field-Tested),Field-Tested,https://steamcommunity.com/market/listings/730/AK-47%20%7C%20Frontside%20Misty%20%28Field-Tested%29,21.86,470,2026-07-07T15:24:43.131352
AK-47 | Frontside Misty (Minimal Wear),AK-47 | Frontside Misty (Minimal Wear),Minimal Wear,https://steamcommunity.com/market/listings/730/AK-47%20%7C%20Frontside%20Misty%20%28Minimal%20Wear%29,40.34,207,2026-07-07T15:24:43.131487
AK-47 | Frontside Misty (Well-Worn),AK-47 | Frontside Misty (Well-Worn),Well-Worn,https://steamcommunity.com/market/listings/730/AK-47%20%7C%20Frontside%20Misty%20%28Well-Worn%29,22.97,99,2026-07-07T15:24:43.131596
AK-47 | Fuel Injector (Battle-Scarred),AK-47 | Fuel Injector (Battle-Scarred),Battle-Scarred,https://steamcommunity.com/market/listings/730/AK-47%20%7C%20Fuel%20Injector%20%28Battle-Scarred%29,146.88,19,2026-07-07T15:24:43.131735
AK-47 | Fuel Injector (Factory New),AK-47 | Fuel Injector (Factory New),Factory New,https://steamcommunity.com/market/listings/730/AK-47%20%7C%20Fuel%20Injector%20%28Factory%20New%29,812.2,15,2026-07-07T15:24:43.131858
AK-47 | Fuel Injector (Field-Tested),AK-47 | Fuel Injector (Field-Tested),Field-Tested,https://steamcommunity.com/market/listings/730/AK-47%20%7C%20Fuel%20Injector%20%28Field-Tested%29,227.55,49,2026-07-07T15:24:43.131964
AK-47 | Fuel Injector (Minimal Wear),AK-47 | Fuel Injector (Minimal Wear),Minimal Wear,https://steamcommunity.com/market/listings/730/AK-47%20%7C%20Fuel%20Injector%20%28Minimal%20Wear%29,302.0,41,2026-07-07T15:24:43.132065
AK-47 | Fuel Injector (Well-Worn),AK-47 | Fuel Injector (Well-Worn),Well-Worn,https://steamcommunity.com/market/listings/730/AK-47%20%7C%20Fuel%20Injector%20%28Well-Worn%29,171.28,31,2026-07-07T15:24:45.043553
AK-47 | Green Laminate (Factory New),AK-47 | Green Laminate (Factory New),Factory New,https://steamcommunity.com/market/listings/730/AK-47%20%7C%20Green%20Laminate%20%28Factory%20New%29,88.96,49,2026-07-07T15:24:45.043683
AK-47 | Green Laminate (Field-Tested),AK-47 | Green Laminate (Field-Tested),Field-Tested,https://steamcommunity.com/market/listings/730/AK-47%20%7C%20Green%20Laminate%20%28Field-Tested%29,33.44,38,2026-07-07T15:24:45.043794
AK-47 | Green Laminate (Minimal Wear),AK-47 | Green Laminate (Minimal Wear),Minimal Wear,https://steamcommunity.com/market/listings/730/AK-47%20%7C%20Green%20Laminate%20%28Minimal%20Wear%29,31.94,47,2026-07-07T15:24:45.044127
AK-47 | Green Laminate (Well-Worn),AK-47 | Green Laminate (Well-Worn),Well-Worn,https://steamcommunity.com/market/listings/730/AK-47%20%7C%20Green%20Laminate%20%28Well-Worn%29,64.32,7,2026-07-07T15:24:45.044266
AK-47 | Head Shot (Battle-Scarred),AK-47 | Head Shot (Battle-Scarred),Battle-Scarred,https://steamcommunity.com/market/listings/730/AK-47%20%7C%20Head%20Shot%20%28Battle-Scarred%29,34.5,125,2026-07-07T15:24:45.044374
AK-47 | Head Shot (Factory New),AK-47 | Head Shot (Factory New),Factory New,https://steamcommunity.com/market/listings/730/AK-47%20%7C%20Head%20Shot%20%28Factory%20New%29,157.57,45,2026-07-07T15:24:45.044481
AK-47 | Head Shot (Field-Tested),AK-47 | Head Shot (Field-Tested),Field-Tested,https://steamcommunity.com/market/listings/730/AK-47%20%7C%20Head%20Shot%20%28Field-Tested%29,46.48,260,2026-07-07T15:24:45.044604
AK-47 | Head Shot (Minimal Wear),AK-47 | Head Shot (Minimal Wear),Minimal Wear,https://steamcommunity.com/market/listings/730/AK-47%20%7C%20Head%20Shot%20%28Minimal%20Wear%29,74.58,182,2026-07-07T15:24:45.044711
AK-47 | Head Shot (Well-Worn),AK-47 | Head Shot (Well-Worn),Well-Worn,https://steamcommunity.com/market/listings/730/AK-47%20%7C%20Head%20Shot%20%28Well-Worn%29,41.99,180,2026-07-07T15:24:45.044814
AK-47 | Hydroponic (Battle-Scarred),AK-47 | Hydroponic (Battle-Scarred),Battle-Scarred,https://steamcommunity.com/market/listings/730/AK-47%20%7C%20Hydroponic%20%28Battle-Scarred%29,1313.13,1,2026-07-07T15:24:46.967085
AK-47 | Ice Coaled (Battle-Scarred),AK-47 | Ice Coaled (Battle-Scarred),Battle-Scarred,https://steamcommunity.com/market/listings/730/AK-47%20%7C%20Ice%20Coaled%20%28Battle-Scarred%29,5.07,442,2026-07-07T15:24:46.967190
AK-47 | Ice Coaled (Factory New),AK-47 | Ice Coaled (Factory New),Factory New,https://steamcommunity.com/market/listings/730/AK-47%20%7C%20Ice%20Coaled%20%28Factory%20New%29,23.07,548,2026-07-07T15:24:46.967285
AK-47 | Ice Coaled (Field-Tested),AK-47 | Ice Coaled (Field-Tested),Field-Tested,https://steamcommunity.com/market/listings/730/AK-47%20%7C%20Ice%20Coaled%20%28Field-Tested%29,5.87,2209,2026-07-07T15:24:46.967374
AK-47 | Ice Coaled (Minimal Wear),AK-47 | Ice Coaled (Minimal Wear),Minimal Wear,https://steamcommunity.com/market/listings/730/AK-47%20%7C%20Ice%20Coaled%20%28Minimal%20Wear%29,10.89,952,2026-07-07T15:24:46.967461
AK-47 | Ice Coaled (Well-Worn),AK-47 | Ice Coaled (Well-Worn),Well-Worn,https://steamcommunity.com/market/listings/730/AK-47%20%7C%20Ice%20Coaled%20%28Well-Worn%29,5.91,248,2026-07-07T15:24:46.967572
AK-47 | Inheritance (Battle-Scarred),AK-47 | Inheritance (Battle-Scarred),Battle-Scarred,https://steamcommunity.com/market/listings/730/AK-47%20%7C%20Inheritance%20%28Battle-Scarred%29,49.45,187,2026-07-07T15:24:46.967659
AK-47 | Inheritance (Factory New),AK-47 | Inheritance (Factory New),Factory New,https://steamcommunity.com/market/listings/730/AK-47%20%7C%20Inheritance%20%28Factory%20New%29,185.51,119,2026-07-07T15:24:46.967745
AK-47 | Inheritance (Field-Tested),AK-47 | Inheritance (Field-Tested),Field-Tested,https://steamcommunity.com/market/listings/730/AK-47%20%7C%20Inheritance%20%28Field-Tested%29,58.23,729,2026-07-07T15:24:46.967831
AK-47 | Inheritance (Minimal Wear),AK-47 | Inheritance (Minimal Wear),Minimal Wear,https://steamcommunity.com/market/listings/730/AK-47%20%7C%20Inheritance%20%28Minimal%20Wear%29,92.0,309,2026-07-07T15:24:46.967918
AK-47 | Inheritance (Well-Worn),AK-47 | Inheritance (Well-Worn),Well-Worn,https://steamcommunity.com/market/listings/730/AK-47%20%7C%20Inheritance%20%28Well-Worn%29,60.95,49,2026-07-07T15:24:48.819769
AK-47 | Jaguar (Battle-Scarred),AK-47 | Jaguar (Battle-Scarred),Battle-Scarred,https://steamcommunity.com/market/listings/730/AK-47%20%7C%20Jaguar%20%28Battle-Scarred%29,105.0,9,2026-07-07T15:24:48.819861
AK-47 | Jaguar (Factory New),AK-47 | Jaguar (Factory New),Factory New,https://steamcommunity.com/market/listings/730/AK-47%20%7C%20Jaguar%20%28Factory%20New%29,1050.5,4,2026-07-07T15:24:48.819944
AK-47 | Jaguar (Field-Tested),AK-47 | Jaguar (Field-Tested),Field-Tested,https://steamcommunity.com/market/listings/730/AK-47%20%7C%20Jaguar%20%28Field-Tested%29,106.3,34,2026-07-07T15:24:48.820017
AK-47 | Jaguar (Minimal Wear),AK-47 | Jaguar (Minimal Wear),Minimal Wear,https://steamcommunity.com/market/listings/730/AK-47%20%7C%20Jaguar%20%28Minimal%20Wear%29,224.99,35,2026-07-07T15:24:48.820095
AK-47 | Jaguar (Well-Worn),AK-47 | Jaguar (Well-Worn),Well-Worn,https://steamcommunity.com/market/listings/730/AK-47%20%7C%20Jaguar%20%28Well-Worn%29,107.54,18,2026-07-07T15:24:48.820170
AK-47 | Jet Set (Battle-Scarred),AK-47 | Jet Set (Battle-Scarred),Battle-Scarred,https://steamcommunity.com/market/listings/730/AK-47%20%7C%20Jet%20Set%20%28Battle-Scarred%29,567.8,2,2026-07-07T15:24:48.820246
AK-47 | Jet Set (Factory New),AK-47 | Jet Set (Factory New),Factory New,https://steamcommunity.com/market/listings/730/AK-47%20%7C%20Jet%20Set%20%28Factory%20New%29,1901.61,1,2026-07-07T15:24:48.820321
AK-47 | Jet Set (Field-Tested),AK-47 | Jet Set (Field-Tested),Field-Tested,https://steamcommunity.com/market/listings/730/AK-47%20%7C%20Jet%20Set%20%28Field-Tested%29,485.0,5,2026-07-07T15:24:48.820396
AK-47 | Jet Set (Minimal Wear),AK-47 | Jet Set (Minimal Wear),Minimal Wear,https://steamcommunity.com/market/listings/730/AK-47%20%7C%20Jet%20Set%20%28Minimal%20Wear%29,672.49,5,2026-07-07T15:24:48.820469
AK-47 | Jet Set (Well-Worn),AK-47 | Jet Set (Well-Worn),Well-Worn,https://steamcommunity.com/market/listings/730/AK-47%20%7C%20Jet%20Set%20%28Well-Worn%29,414.0,4,2026-07-07T15:24:50.754288
AK-47 | Jungle Spray (Battle-Scarred),AK-47 | Jungle Spray (Battle-Scarred),Battle-Scarred,https://steamcommunity.com/market/listings/730/AK-47%20%7C%20Jungle%20Spray%20%28Battle-Scarred%29,12.94,19,2026-07-07T15:24:50.754338
AK-47 | Jungle Spray (Factory New),AK-47 | Jungle Spray (Factory New),Factory New,https://steamcommunity.com/market/listings/730/AK-47%20%7C%20Jungle%20Spray%20%28Factory%20New%29,241.74,5,2026-07-07T15:24:50.754384
AK-47 | Jungle Spray (Field-Tested),AK-47 | Jungle Spray (Field-Tested),Field-Tested,https://steamcommunity.com/market/listings/730/AK-47%20%7C%20Jungle%20Spray%20%28Field-Tested%29,21.0,119,2026-07-07T15:24:50.754426
AK-47 | Jungle Spray (Minimal Wear),AK-47 | Jungle Spray (Minimal Wear),Minimal Wear,https://steamcommunity.com/market/listings/730/AK-47%20%7C%20Jungle%20Spray%20%28Minimal%20Wear%29,69.53,44,2026-07-07T15:24:50.754469
AK-47 | Jungle Spray (Well-Worn),AK-47 | Jungle Spray (Well-Worn),Well-Worn,https://steamcommunity.com/market/listings/730/AK-47%20%7C%20Jungle%20Spray%20%28Well-Worn%29,18.03,17,2026-07-07T15:24:50.754511
AK-47 | Leet Museo (Battle-Scarred),AK-47 | Leet Museo (Battle-Scarred),Battle-Scarred,https://steamcommunity.com/market/listings/730/AK-47%20%7C%20Leet%20Museo%20%28Battle-Scarred%29,111.41,28,2026-07-07T15:24:50.754552
AK-47 | Leet Museo (Factory New),AK-47 | Leet Museo (Factory New),Factory New,https://steamcommunity.com/market/listings/730/AK-47%20%7C%20Leet%20Museo%20%28Factory%20New%29,990.0,17,2026-07-07T15:24:50.754593
AK-47 | Leet Museo (Field-Tested),AK-47 | Leet Museo (Field-Tested),Field-Tested,https://steamcommunity.com/market/listings/730/AK-47%20%7C%20Leet%20Museo%20%28Field-Tested%29,307.16,45,2026-07-07T15:24:50.754637
AK-47 | Leet Museo (Minimal Wear),AK-47 | Leet Museo (Minimal Wear),Minimal Wear,https://steamcommunity.com/market/listings/730/AK-47%20%7C%20Leet%20Museo%20%28Minimal%20Wear%29,485.0,30,2026-07-07T15:24:50.754681
AK-47 | Leet Museo (Well-Worn),AK-47 | Leet Museo (Well-Worn),Well-Worn,https://steamcommunity.com/market/listings/730/AK-47%20%7C%20Leet%20Museo%20%28Well-Worn%29,169.14,15,2026-07-07T15:24:52.620853
AK-47 | Legion of Anubis (Battle-Scarred),AK-47 | Legion of Anubis (Battle-Scarred),Battle-Scarred,https://steamcommunity.com/market/listings/730/AK-47%20%7C%20Legion%20of%20Anubis%20%28Battle-Scarred%29,48.62,89,2026-07-07T15:24:52.620910
AK-47 | Legion of Anubis (Factory New),AK-47 | Legion of Anubis (Factory New),Factory New,https://steamcommunity.com/market/listings/730/AK-47%20%7C%20Legion%20of%20Anubis%20%28Factory%20New%29,77.83,260,2026-07-07T15:24:52.620961
AK-47 | Legion of Anubis (Field-Tested),AK-47 | Legion of Anubis (Field-Tested),Field-Tested,https://steamcommunity.com/market/listings/730/AK-47%20%7C%20Legion%20of%20Anubis%20%28Field-Tested%29,47.4,423,2026-07-07T15:24:52.621009
AK-47 | Legion of Anubis (Minimal Wear),AK-47 | Legion of Anubis (Minimal Wear),Minimal Wear,https://steamcommunity.com/market/listings/730/AK-47%20%7C%20Legion%20of%20Anubis%20%28Minimal%20Wear%29,51.38,275,2026-07-07T15:24:52.621102
AK-47 | Legion of Anubis (Well-Worn),AK-47 | Legion of Anubis (Well-Worn),Well-Worn,https://steamcommunity.com/market/listings/730/AK-47%20%7C%20Legion%20of%20Anubis%20%28Well-Worn%29,47.05,43,2026-07-07T15:24:52.621156
AK-47 | Midnight Laminate (Battle-Scarred),AK-47 | Midnight Laminate (Battle-Scarred),Battle-Scarred,https://steamcommunity.com/market/listings/730/AK-47%20%7C%20Midnight%20Laminate%20%28Battle-Scarred%29,3.25,328,2026-07-07T15:24:52.621314
AK-47 | Midnight Laminate (Factory New),AK-47 | Midnight Laminate (Factory New),Factory New,https://steamcommunity.com/market/listings/730/AK-47%20%7C%20Midnight%20Laminate%20%28Factory%20New%29,28.06,429,2026-07-07T15:24:52.621378
AK-47 | Midnight Laminate (Field-Tested),AK-47 | Midnight Laminate (Field-Tested),Field-Tested,https://steamcommunity.com/market/listings/730/AK-47%20%7C%20Midnight%20Laminate%20%28Field-Tested%29,4.32,1072,2026-07-07T15:24:52.621433
AK-47 | Midnight Laminate (Minimal Wear),AK-47 | Midnight Laminate (Minimal Wear),Minimal Wear,https://steamcommunity.com/market/listings/730/AK-47%20%7C%20Midnight%20Laminate%20%28Minimal%20Wear%29,12.23,778,2026-07-07T15:24:52.621482
AK-47 | Midnight Laminate (Well-Worn),AK-47 | Midnight Laminate (Well-Worn),Well-Worn,https://steamcommunity.com/market/listings/730/AK-47%20%7C%20Midnight%20Laminate%20%28Well-Worn%29,4.57,244,2026-07-07T15:24:54.473931
AK-47 | Neon Revolution (Battle-Scarred),AK-47 | Neon Revolution (Battle-Scarred),Battle-Scarred,https://steamcommunity.com/market/listings/730/AK-47%20%7C%20Neon%20Revolution%20%28Battle-Scarred%29,157.58,21,2026-07-07T15:24:54.474064
AK-47 | Neon Revolution (Factory New),AK-47 | Neon Revolution (Factory New),Factory New,https://steamcommunity.com/market/listings/730/AK-47%20%7C%20Neon%20Revolution%20%28Factory%20New%29,420.9,22,2026-07-07T15:24:54.474170
AK-47 | Neon Revolution (Field-Tested),AK-47 | Neon Revolution (Field-Tested),Field-Tested,https://steamcommunity.com/market/listings/730/AK-47%20%7C%20Neon%20Revolution%20%28Field-Tested%29,159.66,96,2026-07-07T15:24:54.474272
AK-47 | Neon Revolution (Minimal Wear),AK-47 | Neon Revolution (Minimal Wear),Minimal Wear,https://steamcommunity.com/market/listings/730/AK-47%20%7C%20Neon%20Revolution%20%28Minimal%20Wear%29,165.6,63,2026-07-07T15:24:54.474374
AK-47 | Neon Revolution (Well-Worn),AK-47 | Neon Revolution (Well-Worn),Well-Worn,https://steamcommunity.com/market/listings/730/AK-47%20%7C%20Neon%20Revolution%20%28Well-Worn%29,155.02,15,2026-07-07T15:24:54.474476
AK-47 | Neon Rider (Battle-Scarred),AK-47 | Neon Rider (Battle-Scarred),Battle-Scarred,https://steamcommunity.com/market/listings/730/AK-47%20%7C%20Neon%20Rider%20%28Battle-Scarred%29,60.75,29,2026-07-07T15:24:54.474576
AK-47 | Neon Rider (Factory New),AK-47 | Neon Rider (Factory New),Factory New,https://steamcommunity.com/market/listings/730/AK-47%20%7C%20Neon%20Rider%20%28Factory%20New%29,292.3,36,2026-07-07T15:24:54.474677
AK-47 | Neon Rider (Field-Tested),AK-47 | Neon Rider (Field-Tested),Field-Tested,https://steamcommunity.com/market/listings/730/AK-47%20%7C%20Neon%20Rider%20%28Field-Tested%29,61.2,177,2026-07-07T15:24:54.474780
AK-47 | Neon Rider (Minimal Wear),AK-47 | Neon Rider (Minimal Wear),Minimal Wear,https://steamcommunity.com/market/listings/730/AK-47%20%7C%20Neon%20Rider%20%28Minimal%20Wear%29,109.48,95,2026-07-07T15:24:54.474880
AK-47 | Neon Rider (Well-Worn),AK-47 | Neon Rider (Well-Worn),Well-Worn,https://steamcommunity.com/market/listings/730/AK-47%20%7C%20Neon%20Rider%20%28Well-Worn%29,68.17,20,2026-07-07T15:24:56.331282
AK-47 | Nightwish (Battle-Scarred),AK-47 | Nightwish (Battle-Scarred),Battle-Scarred,https://steamcommunity.com/market/listings/730/AK-47%20%7C%20Nightwish%20%28Battle-Scarred%29,85.64,111,2026-07-07T15:24:56.331390
AK-47 | Nightwish (Factory New),AK-47 | Nightwish (Factory New),Factory New,https://steamcommunity.com/market/listings/730/AK-47%20%7C%20Nightwish%20%28Factory%20New%29,171.28,52,2026-07-07T15:24:56.331479
AK-47 | Nightwish (Field-Tested),AK-47 | Nightwish (Field-Tested),Field-Tested,https://steamcommunity.com/market/listings/730/AK-47%20%7C%20Nightwish%20%28Field-Tested%29,87.36,371,2026-07-07T15:24:56.331572
AK-47 | Nightwish (Minimal Wear),AK-47 | Nightwish (Minimal Wear),Minimal Wear,https://steamcommunity.com/market/listings/730/AK-47%20%7C%20Nightwish%20%28Minimal%20Wear%29,103.07,185,2026-07-07T15:24:56.331669
AK-47 | Nightwish (Well-Worn),AK-47 | Nightwish (Well-Worn),Well-Worn,https://steamcommunity.com/market/listings/730/AK-47%20%7C%20Nightwish%20%28Well-Worn%29,89.74,189,2026-07-07T15:24:56.331754
AK-47 | Nouveau Rouge (Battle-Scarred),AK-47 | Nouveau Rouge (Battle-Scarred),Battle-Scarred,https://steamcommunity.com/market/listings/730/AK-47%20%7C%20Nouveau%20Rouge%20%28Battle-Scarred%29,8.87,292,2026-07-07T15:24:56.331841
AK-47 | Nouveau Rouge (Factory New),AK-47 | Nouveau Rouge (Factory New),Factory New,https://steamcommunity.com/market/listings/730/AK-47%20%7C%20Nouveau%20Rouge%20%28Factory%20New%29,127.89,52,2026-07-07T15:24:56.331926
AK-47 | Nouveau Rouge (Field-Tested),AK-47 | Nouveau Rouge (Field-Tested),Field-Tested,https://steamcommunity.com/market/listings/730/AK-47%20%7C%20Nouveau%20Rouge%20%28Field-Tested%29,13.58,426,2026-07-07T15:24:56.332010
AK-47 | Nouveau Rouge (Minimal Wear),AK-47 | Nouveau Rouge (Minimal Wear),Minimal Wear,https://steamcommunity.com/market/listings/730/AK-47%20%7C%20Nouveau%20Rouge%20%28Minimal%20Wear%29,38.88,284,2026-07-07T15:24:56.332094
AK-47 | Nouveau Rouge (Well-Worn),AK-47 | Nouveau Rouge (Well-Worn),Well-Worn,https://steamcommunity.com/market/listings/730/AK-47%20%7C%20Nouveau%20Rouge%20%28Well-Worn%29,9.2,247,2026-07-07T15:24:58.196312
AK-47 | Olive Polycam (Battle-Scarred),AK-47 | Olive Polycam (Battle-Scarred),Battle-Scarred,https://steamcommunity.com/market/listings/730/AK-47%20%7C%20Olive%20Polycam%20%28Battle-Scarred%29,0.15,1778,2026-07-07T15:24:58.196421
AK-47 | Olive Polycam (Factory New),AK-47 | Olive Polycam (Factory New),Factory New,https://steamcommunity.com/market/listings/730/AK-47%20%7C%20Olive%20Polycam%20%28Factory%20New%29,0.98,8717,2026-07-07T15:24:58.196510
AK-47 | Olive Polycam (Field-Tested),AK-47 | Olive Polycam (Field-Tested),Field-Tested,https://steamcommunity.com/market/listings/730/AK-47%20%7C%20Olive%20Polycam%20%28Field-Tested%29,0.14,23550,2026-07-07T15:24:58.196597
AK-47 | Olive Polycam (Minimal Wear),AK-47 | Olive Polycam (Minimal Wear),Minimal Wear,https://steamcommunity.com/market/listings/730/AK-47%20%7C%20Olive%20Polycam%20%28Minimal%20Wear%29,0.23,20694,2026-07-07T15:24:58.196683
AK-47 | Olive Polycam (Well-Worn),AK-47 | Olive Polycam (Well-Worn),Well-Worn,https://steamcommunity.com/market/listings/730/AK-47%20%7C%20Olive%20Polycam%20%28Well-Worn%29,0.15,2097,2026-07-07T15:24:58.196769
AK-47 | Orbit Mk01 (Battle-Scarred),AK-47 | Orbit Mk01 (Battle-Scarred),Battle-Scarred,https://steamcommunity.com/market/listings/730/AK-47%20%7C%20Orbit%20Mk01%20%28Battle-Scarred%29,35.94,18,2026-07-07T15:24:58.196854
AK-47 | Orbit Mk01 (Factory New),AK-47 | Orbit Mk01 (Factory New),Factory New,https://steamcommunity.com/market/listings/730/AK-47%20%7C%20Orbit%20Mk01%20%28Factory%20New%29,182.59,81,2026-07-07T15:24:58.196940
AK-47 | Orbit Mk01 (Field-Tested),AK-47 | Orbit Mk01 (Field-Tested),Field-Tested,https://steamcommunity.com/market/listings/730/AK-47%20%7C%20Orbit%20Mk01%20%28Field-Tested%29,38.23,120,2026-07-07T15:24:58.197025
AK-47 | Orbit Mk01 (Minimal Wear),AK-47 | Orbit Mk01 (Minimal Wear),Minimal Wear,https://steamcommunity.com/market/listings/730/AK-47%20%7C%20Orbit%20Mk01%20%28Minimal%20Wear%29,48.43,128,2026-07-07T15:24:58.197110
AK-47 | Orbit Mk01 (Well-Worn),AK-47 | Orbit Mk01 (Well-Worn),Well-Worn,https://steamcommunity.com/market/listings/730/AK-47%20%7C%20Orbit%20Mk01%20%28Well-Worn%29,36.66,28,2026-07-07T15:25:00.065029
AK-47 | Panthera onca (Battle-Scarred),AK-47 | Panthera onca (Battle-Scarred),Battle-Scarred,https://steamcommunity.com/market/listings/730/AK-47%20%7C%20Panthera%20onca%20%28Battle-Scarred%29,239.48,3,2026-07-07T15:25:00.065160
AK-47 | Panthera onca (Factory New),AK-47 | Panthera onca (Factory New),Factory New,https://steamcommunity.com/market/listings/730/AK-47%20%7C%20Panthera%20onca%20%28Factory%20New%29,856.41,5,2026-07-07T15:25:00.065266
AK-47 | Panthera onca (Field-Tested),AK-47 | Panthera onca (Field-Tested),Field-Tested,https://steamcommunity.com/market/listings/730/AK-47%20%7C%20Panthera%20onca%20%28Field-Tested%29,262.62,3,2026-07-07T15:25:00.065353
AK-47 | Panthera onca (Minimal Wear),AK-47 | Panthera onca (Minimal Wear),Minimal Wear,https://steamcommunity.com/market/listings/730/AK-47%20%7C%20Panthera%20onca%20%28Minimal%20Wear%29,443.02,6,2026-07-07T15:25:00.065439
AK-47 | Panthera onca (Well-Worn),AK-47 | Panthera onca (Well-Worn),Well-Worn,https://steamcommunity.com/market/listings/730/AK-47%20%7C%20Panthera%20onca%20%28Well-Worn%29,230.0,8,2026-07-07T15:25:00.065526
AK-47 | Phantom Disruptor (Battle-Scarred),AK-47 | Phantom Disruptor (Battle-Scarred),Battle-Scarred,https://steamcommunity.com/market/listings/730/AK-47%20%7C%20Phantom%20Disruptor%20%28Battle-Scarred%29,6.73,198,2026-07-07T15:25:00.065611
AK-47 | Phantom Disruptor (Factory New),AK-47 | Phantom Disruptor (Factory New),Factory New,https://steamcommunity.com/market/listings/730/AK-47%20%7C%20Phantom%20Disruptor%20%28Factory%20New%29,40.52,185,2026-07-07T15:25:00.065703
AK-47 | Phantom Disruptor (Field-Tested),AK-47 | Phantom Disruptor (Field-Tested),Field-Tested,https://steamcommunity.com/market/listings/730/AK-47%20%7C%20Phantom%20Disruptor%20%28Field-Tested%29,7.24,1311,2026-07-07T15:25:00.065790
AK-47 | Phantom Disruptor (Minimal Wear),AK-47 | Phantom Disruptor (Minimal Wear),Minimal Wear,https://steamcommunity.com/market/listings/730/AK-47%20%7C%20Phantom%20Disruptor%20%28Minimal%20Wear%29,10.55,439,2026-07-07T15:25:00.065874
AK-47 | Phantom Disruptor (Well-Worn),AK-47 | Phantom Disruptor (Well-Worn),Well-Worn,https://steamcommunity.com/market/listings/730/AK-47%20%7C%20Phantom%20Disruptor%20%28Well-Worn%29,7.19,140,2026-07-07T15:25:02.259301
AK-47 | Point Disarray (Battle-Scarred),AK-47 | Point Disarray (Battle-Scarred),Battle-Scarred,https://steamcommunity.com/market/listings/730/AK-47%20%7C%20Point%20Disarray%20%28Battle-Scarred%29,18.34,71,2026-07-07T15:25:02.259361
AK-47 | Point Disarray (Factory New),AK-47 | Point Disarray (Factory New),Factory New,https://steamcommunity.com/market/listings/730/AK-47%20%7C%20Point%20Disarray%20%28Factory%20New%29,114.05,74,2026-07-07T15:25:02.259406
AK-47 | Point Disarray (Field-Tested),AK-47 | Point Disarray (Field-Tested),Field-Tested,https://steamcommunity.com/market/listings/730/AK-47%20%7C%20Point%20Disarray%20%28Field-Tested%29,18.34,358,2026-07-07T15:25:02.259450
AK-47 | Point Disarray (Minimal Wear),AK-47 | Point Disarray (Minimal Wear),Minimal Wear,https://steamcommunity.com/market/listings/730/AK-47%20%7C%20Point%20Disarray%20%28Minimal%20Wear%29,31.9,198,2026-07-07T15:25:02.259493
AK-47 | Point Disarray (Well-Worn),AK-47 | Point Disarray (Well-Worn),Well-Worn,https://steamcommunity.com/market/listings/730/AK-47%20%7C%20Point%20Disarray%20%28Well-Worn%29,19.01,48,2026-07-07T15:25:02.259535
AK-47 | Predator (Battle-Scarred),AK-47 | Predator (Battle-Scarred),Battle-Scarred,https://steamcommunity.com/market/listings/730/AK-47%20%7C%20Predator%20%28Battle-Scarred%29,13.71,54,2026-07-07T15:25:02.259577
AK-47 | Predator (Factory New),AK-47 | Predator (Factory New),Factory New,https://steamcommunity.com/market/listings/730/AK-47%20%7C%20Predator%20%28Factory%20New%29,145.44,10,2026-07-07T15:25:02.259620
AK-47 | Predator (Field-Tested),AK-47 | Predator (Field-Tested),Field-Tested,https://steamcommunity.com/market/listings/730/AK-47%20%7C%20Predator%20%28Field-Tested%29,13.62,124,2026-07-07T15:25:02.259663
AK-47 | Predator (Minimal Wear),AK-47 | Predator (Minimal Wear),Minimal Wear,https://steamcommunity.com/market/listings/730/AK-47%20%7C%20Predator%20%28Minimal%20Wear%29,19.2,62,2026-07-07T15:25:02.259705
AK-47 | Predator (Well-Worn),AK-47 | Predator (Well-Worn),Well-Worn,https://steamcommunity.com/market/listings/730/AK-47%20%7C%20Predator%20%28Well-Worn%29,13.84,24,2026-07-07T15:25:04.136656
AK-47 | Rat Rod (Battle-Scarred),AK-47 | Rat Rod (Battle-Scarred),Battle-Scarred,https://steamcommunity.com/market/listings/730/AK-47%20%7C%20Rat%20Rod%20%28Battle-Scarred%29,5.31,118,2026-07-07T15:25:04.136741
AK-47 | Rat Rod (Factory New),AK-47 | Rat Rod (Factory New),Factory New,https://steamcommunity.com/market/listings/730/AK-47%20%7C%20Rat%20Rod%20%28Factory%20New%29,149.0,54,2026-07-07T15:25:04.136790
AK-47 | Rat Rod (Field-Tested),AK-47 | Rat Rod (Field-Tested),Field-Tested,https://steamcommunity.com/market/listings/730/AK-47%20%7C%20Rat%20Rod%20%28Field-Tested%29,5.59,387,2026-07-07T15:25:04.136837
AK-47 | Rat Rod (Minimal Wear),AK-47 | Rat Rod (Minimal Wear),Minimal Wear,https://steamcommunity.com/market/listings/730/AK-47%20%7C%20Rat%20Rod%20%28Minimal%20Wear%29,11.97,277,2026-07-07T15:25:04.136884
AK-47 | Rat Rod (Well-Worn),AK-47 | Rat Rod (Well-Worn),Well-Worn,https://steamcommunity.com/market/listings/730/AK-47%20%7C%20Rat%20Rod%20%28Well-Worn%29,5.4,153,2026-07-07T15:25:04.136929
AK-47 | Red Laminate (Battle-Scarred),AK-47 | Red Laminate (Battle-Scarred),Battle-Scarred,https://steamcommunity.com/market/listings/730/AK-47%20%7C%20Red%20Laminate%20%28Battle-Scarred%29,77.12,28,2026-07-07T15:25:04.136975
AK-47 | Red Laminate (Factory New),AK-47 | Red Laminate (Factory New),Factory New,https://steamcommunity.com/market/listings/730/AK-47%20%7C%20Red%20Laminate%20%28Factory%20New%29,1093.47,3,2026-07-07T15:25:04.137019
AK-47 | Red Laminate (Field-Tested),AK-47 | Red Laminate (Field-Tested),Field-Tested,https://steamcommunity.com/market/listings/730/AK-47%20%7C%20Red%20Laminate%20%28Field-Tested%29,87.21,130,2026-07-07T15:25:04.137063
AK-47 | Red Laminate (Minimal Wear),AK-47 | Red Laminate (Minimal Wear),Minimal Wear,https://steamcommunity.com/market/listings/730/AK-47%20%7C%20Red%20Laminate%20%28Minimal%20Wear%29,199.26,51,2026-07-07T15:25:04.137108
AK-47 | Red Laminate (Well-Worn),AK-47 | Red Laminate (Well-Worn),Well-Worn,https://steamcommunity.com/market/listings/730/AK-47%20%7C%20Red%20Laminate%20%28Well-Worn%29,81.08,26,2026-07-07T15:25:06.015102
AK-47 | Redline (Battle-Scarred),AK-47 | Redline (Battle-Scarred),Battle-Scarred,https://steamcommunity.com/market/listings/730/AK-47%20%7C%20Redline%20%28Battle-Scarred%29,31.52,94,2026-07-07T15:25:06.015236
AK-47 | Redline (Field-Tested),AK-47 | Redline (Field-Tested),Field-Tested,https://steamcommunity.com/market/listings/730/AK-47%20%7C%20Redline%20%28Field-Tested%29,41.98,1120,2026-07-07T15:25:06.015341
AK-47 | Redline (Minimal Wear),AK-47 | Redline (Minimal Wear),Minimal Wear,https://steamcommunity.com/market/listings/730/AK-47%20%7C%20Redline%20%28Minimal%20Wear%29,204.01,76,2026-07-07T15:25:06.015577
AK-47 | Redline (Well-Worn),AK-47 | Redline (Well-Worn),Well-Worn,https://steamcommunity.com/market/listings/730/AK-47%20%7C%20Redline%20%28Well-Worn%29,34.92,51,2026-07-07T15:25:06.015736
AK-47 | Safari Mesh (Battle-Scarred),AK-47 | Safari Mesh (Battle-Scarred),Battle-Scarred,https://steamcommunity.com/market/listings/730/AK-47%20%7C%20Safari%20Mesh%20%28Battle-Scarred%29,0.1,3044,2026-07-07T15:25:06.015831
AK-47 | Safari Mesh (Factory New),AK-47 | Safari Mesh (Factory New),Factory New,https://steamcommunity.com/market/listings/730/AK-47%20%7C%20Safari%20Mesh%20%28Factory%20New%29,15.31,173,2026-07-07T15:25:06.015921
AK-47 | Safari Mesh (Field-Tested),AK-47 | Safari Mesh (Field-Tested),Field-Tested,https://steamcommunity.com/market/listings/730/AK-47%20%7C%20Safari%20Mesh%20%28Field-Tested%29,0.1,19194,2026-07-07T15:25:06.016010
AK-47 | Safari Mesh (Minimal Wear),AK-47 | Safari Mesh (Minimal Wear),Minimal Wear,https://steamcommunity.com/market/listings/730/AK-47%20%7C%20Safari%20Mesh%20%28Minimal%20Wear%29,0.38,10050,2026-07-07T15:25:06.016098
AK-47 | Safari Mesh (Well-Worn),AK-47 | Safari Mesh (Well-Worn),Well-Worn,https://steamcommunity.com/market/listings/730/AK-47%20%7C%20Safari%20Mesh%20%28Well-Worn%29,0.1,3340,2026-07-07T15:25:06.016185
AK-47 | Safety Net (Battle-Scarred),AK-47 | Safety Net (Battle-Scarred),Battle-Scarred,https://steamcommunity.com/market/listings/730/AK-47%20%7C%20Safety%20Net%20%28Battle-Scarred%29,3.57,200,2026-07-07T15:25:07.961961
AK-47 | Safety Net (Factory New),AK-47 | Safety Net (Factory New),Factory New,https://steamcommunity.com/market/listings/730/AK-47%20%7C%20Safety%20Net%20%28Factory%20New%29,39.49,157,2026-07-07T15:25:07.962050
AK-47 | Safety Net (Field-Tested),AK-47 | Safety Net (Field-Tested),Field-Tested,https://steamcommunity.com/market/listings/730/AK-47%20%7C%20Safety%20Net%20%28Field-Tested%29,3.45,791,2026-07-07T15:25:07.962123
AK-47 | Safety Net (Minimal Wear),AK-47 | Safety Net (Minimal Wear),Minimal Wear,https://steamcommunity.com/market/listings/730/AK-47%20%7C%20Safety%20Net%20%28Minimal%20Wear%29,6.0,317,2026-07-07T15:25:07.962190
AK-47 | Safety Net (Well-Worn),AK-47 | Safety Net (Well-Worn),Well-Worn,https://steamcommunity.com/market/listings/730/AK-47%20%7C%20Safety%20Net%20%28Well-Worn%29,3.97,127,2026-07-07T15:25:07.962255
AK-47 | Searing Rage (Battle-Scarred),AK-47 | Searing Rage (Battle-Scarred),Battle-Scarred,https://steamcommunity.com/market/listings/730/AK-47%20%7C%20Searing%20Rage%20%28Battle-Scarred%29,5.47,404,2026-07-07T15:25:07.962322
AK-47 | Searing Rage (Factory New),AK-47 | Searing Rage (Factory New),Factory New,https://steamcommunity.com/market/listings/730/AK-47%20%7C%20Searing%20Rage%20%28Factory%20New%29,39.34,158,2026-07-07T15:25:07.962387
AK-47 | Searing Rage (Field-Tested),AK-47 | Searing Rage (Field-Tested),Field-Tested,https://steamcommunity.com/market/listings/730/AK-47%20%7C%20Searing%20Rage%20%28Field-Tested%29,6.8,873,2026-07-07T15:25:07.962455
AK-47 | Searing Rage (Minimal Wear),AK-47 | Searing Rage (Minimal Wear),Minimal Wear,https://steamcommunity.com/market/listings/730/AK-47%20%7C%20Searing%20Rage%20%28Minimal%20Wear%29,9.86,477,2026-07-07T15:25:07.962521
AK-47 | Searing Rage (Well-Worn),AK-47 | Searing Rage (Well-Worn),Well-Worn,https://steamcommunity.com/market/listings/730/AK-47%20%7C%20Searing%20Rage%20%28Well-Worn%29,5.86,536,2026-07-07T15:25:07.962587
AK-47 | Slate (Battle-Scarred),AK-47 | Slate (Battle-Scarred),Battle-Scarred,https://steamcommunity.com/market/listings/730/AK-47%20%7C%20Slate%20%28Battle-Scarred%29,4.68,1718,2026-07-07T15:25:09.897948
AK-47 | Slate (Factory New),AK-47 | Slate (Factory New),Factory New,https://steamcommunity.com/market/listings/730/AK-47%20%7C%20Slate%20%28Factory%20New%29,24.96,437,2026-07-07T15:25:09.898279
AK-47 | Slate (Field-Tested),AK-47 | Slate (Field-Tested),Field-Tested,https://steamcommunity.com/market/listings/730/AK-47%20%7C%20Slate%20%28Field-Tested%29,5.89,4009,2026-07-07T15:25:09.898413
AK-47 | Slate (Minimal Wear),AK-47 | Slate (Minimal Wear),Minimal Wear,https://steamcommunity.com/market/listings/730/AK-47%20%7C%20Slate%20%28Minimal%20Wear%29,9.1,1332,2026-07-07T15:25:09.898522
AK-47 | Slate (Well-Worn),AK-47 | Slate (Well-Worn),Well-Worn,https://steamcommunity.com/market/listings/730/AK-47%20%7C%20Slate%20%28Well-Worn%29,4.57,2813,2026-07-07T15:25:09.898625
AK-47 | Steel Delta (Battle-Scarred),AK-47 | Steel Delta (Battle-Scarred),Battle-Scarred,https://steamcommunity.com/market/listings/730/AK-47%20%7C%20Steel%20Delta%20%28Battle-Scarred%29,2.73,293,2026-07-07T15:25:09.898728
AK-47 | Steel Delta (Factory New),AK-47 | Steel Delta (Factory New),Factory New,https://steamcommunity.com/market/listings/730/AK-47%20%7C%20Steel%20Delta%20%28Factory%20New%29,26.96,189,2026-07-07T15:25:09.898831
AK-47 | Steel Delta (Field-Tested),AK-47 | Steel Delta (Field-Tested),Field-Tested,https://steamcommunity.com/market/listings/730/AK-47%20%7C%20Steel%20Delta%20%28Field-Tested%29,2.36,524,2026-07-07T15:25:09.898934
AK-47 | Steel Delta (Minimal Wear),AK-47 | Steel Delta (Minimal Wear),Minimal Wear,https://steamcommunity.com/market/listings/730/AK-47%20%7C%20Steel%20Delta%20%28Minimal%20Wear%29,4.4,338,2026-07-07T15:25:09.899035
AK-47 | Steel Delta (Well-Worn),AK-47 | Steel Delta (Well-Worn),Well-Worn,https://steamcommunity.com/market/listings/730/AK-47%20%7C%20Steel%20Delta%20%28Well-Worn%29,2.5,142,2026-07-07T15:25:09.899152
AK-47 | The Empress (Battle-Scarred),AK-47 | The Empress (Battle-Scarred),Battle-Scarred,https://steamcommunity.com/market/listings/730/AK-47%20%7C%20The%20Empress%20%28Battle-Scarred%29,146.85,49,2026-07-07T15:25:11.748902
AK-47 | The Empress (Factory New),AK-47 | The Empress (Factory New),Factory New,https://steamcommunity.com/market/listings/730/AK-47%20%7C%20The%20Empress%20%28Factory%20New%29,342.18,39,2026-07-07T15:25:11.748953
AK-47 | The Empress (Field-Tested),AK-47 | The Empress (Field-Tested),Field-Tested,https://steamcommunity.com/market/listings/730/AK-47%20%7C%20The%20Empress%20%28Field-Tested%29,139.89,132,2026-07-07T15:25:11.748996
AK-47 | The Empress (Minimal Wear),AK-47 | The Empress (Minimal Wear),Minimal Wear,https://steamcommunity.com/market/listings/730/AK-47%20%7C%20The%20Empress%20%28Minimal%20Wear%29,147.8,85,2026-07-07T15:25:11.749038
AK-47 | The Empress (Well-Worn),AK-47 | The Empress (Well-Worn),Well-Worn,https://steamcommunity.com/market/listings/730/AK-47%20%7C%20The%20Empress%20%28Well-Worn%29,135.78,43,2026-07-07T15:25:11.749079
AK-47 | The Oligarch (Battle-Scarred),AK-47 | The Oligarch (Battle-Scarred),Battle-Scarred,https://steamcommunity.com/market/listings/730/AK-47%20%7C%20The%20Oligarch%20%28Battle-Scarred%29,43.77,108,2026-07-07T15:25:11.749120
AK-47 | The Oligarch (Factory New),AK-47 | The Oligarch (Factory New),Factory New,https://steamcommunity.com/market/listings/730/AK-47%20%7C%20The%20Oligarch%20%28Factory%20New%29,393.45,29,2026-07-07T15:25:11.749173
AK-47 | The Oligarch (Field-Tested),AK-47 | The Oligarch (Field-Tested),Field-Tested,https://steamcommunity.com/market/listings/730/AK-47%20%7C%20The%20Oligarch%20%28Field-Tested%29,85.1,318,2026-07-07T15:25:11.749214
AK-47 | The Oligarch (Minimal Wear),AK-47 | The Oligarch (Minimal Wear),Minimal Wear,https://steamcommunity.com/market/listings/730/AK-47%20%7C%20The%20Oligarch%20%28Minimal%20Wear%29,162.07,169,2026-07-07T15:25:11.749263
AK-47 | The Oligarch (Well-Worn),AK-47 | The Oligarch (Well-Worn),Well-Worn,https://steamcommunity.com/market/listings/730/AK-47%20%7C%20The%20Oligarch%20%28Well-Worn%29,54.82,139,2026-07-07T15:25:11.749304
AK-47 | The Outsiders (Battle-Scarred),AK-47 | The Outsiders (Battle-Scarred),Battle-Scarred,https://steamcommunity.com/market/listings/730/AK-47%20%7C%20The%20Outsiders%20%28Battle-Scarred%29,7.99,159,2026-07-07T15:25:13.612855
AK-47 | The Outsiders (Factory New),AK-47 | The Outsiders (Factory New),Factory New,https://steamcommunity.com/market/listings/730/AK-47%20%7C%20The%20Outsiders%20%28Factory%20New%29,130.0,41,2026-07-07T15:25:13.612964
AK-47 | The Outsiders (Field-Tested),AK-47 | The Outsiders (Field-Tested),Field-Tested,https://steamcommunity.com/market/listings/730/AK-47%20%7C%20The%20Outsiders%20%28Field-Tested%29,9.94,464,2026-07-07T15:25:13.613054
AK-47 | The Outsiders (Minimal Wear),AK-47 | The Outsiders (Minimal Wear),Minimal Wear,https://steamcommunity.com/market/listings/730/AK-47%20%7C%20The%20Outsiders%20%28Minimal%20Wear%29,20.53,142,2026-07-07T15:25:13.613141
AK-47 | The Outsiders (Well-Worn),AK-47 | The Outsiders (Well-Worn),Well-Worn,https://steamcommunity.com/market/listings/730/AK-47%20%7C%20The%20Outsiders%20%28Well-Worn%29,8.86,139,2026-07-07T15:25:13.613234
AK-47 | Uncharted (Battle-Scarred),AK-47 | Uncharted (Battle-Scarred),Battle-Scarred,https://steamcommunity.com/market/listings/730/AK-47%20%7C%20Uncharted%20%28Battle-Scarred%29,0.82,1543,2026-07-07T15:25:13.613322
AK-47 | Uncharted (Factory New),AK-47 | Uncharted (Factory New),Factory New,https://steamcommunity.com/market/listings/730/AK-47%20%7C%20Uncharted%20%28Factory%20New%29,5.4,367,2026-07-07T15:25:13.613407
AK-47 | Uncharted (Field-Tested),AK-47 | Uncharted (Field-Tested),Field-Tested,https://steamcommunity.com/market/listings/730/AK-47%20%7C%20Uncharted%20%28Field-Tested%29,0.86,5784,2026-07-07T15:25:13.613495
AK-47 | Uncharted (Minimal Wear),AK-47 | Uncharted (Minimal Wear),Minimal Wear,https://steamcommunity.com/market/listings/730/AK-47%20%7C%20Uncharted%20%28Minimal%20Wear%29,1.17,2323,2026-07-07T15:25:13.613582
AK-47 | Uncharted (Well-Worn),AK-47 | Uncharted (Well-Worn),Well-Worn,https://steamcommunity.com/market/listings/730/AK-47%20%7C%20Uncharted%20%28Well-Worn%29,0.92,545,2026-07-07T15:25:13.613666
AK-47 | VariCamo Grey (Battle-Scarred),AK-47 | VariCamo Grey (Battle-Scarred),Battle-Scarred,https://steamcommunity.com/market/listings/730/AK-47%20%7C%20VariCamo%20Grey%20%28Battle-Scarred%29,0.11,3095,2026-07-07T15:25:15.484565
AK-47 | VariCamo Grey (Factory New),AK-47 | VariCamo Grey (Factory New),Factory New,https://steamcommunity.com/market/listings/730/AK-47%20%7C%20VariCamo%20Grey%20%28Factory%20New%29,0.8,1419,2026-07-07T15:25:15.484676
AK-47 | VariCamo Grey (Field-Tested),AK-47 | VariCamo Grey (Field-Tested),Field-Tested,https://steamcommunity.com/market/listings/730/AK-47%20%7C%20VariCamo%20Grey%20%28Field-Tested%29,0.09,10737,2026-07-07T15:25:15.484767
AK-47 | VariCamo Grey (Minimal Wear),AK-47 | VariCamo Grey (Minimal Wear),Minimal Wear,https://steamcommunity.com/market/listings/730/AK-47%20%7C%20VariCamo%20Grey%20%28Minimal%20Wear%29,0.18,5969,2026-07-07T15:25:15.484856
AK-47 | VariCamo Grey (Well-Worn),AK-47 | VariCamo Grey (Well-Worn),Well-Worn,https://steamcommunity.com/market/listings/730/AK-47%20%7C%20VariCamo%20Grey%20%28Well-Worn%29,0.12,1631,2026-07-07T15:25:15.484942
AK-47 | Vulcan (Battle-Scarred),AK-47 | Vulcan (Battle-Scarred),Battle-Scarred,https://steamcommunity.com/market/listings/730/AK-47%20%7C%20Vulcan%20%28Battle-Scarred%29,170.71,11,2026-07-07T15:25:15.485044
AK-47 | Vulcan (Factory New),AK-47 | Vulcan (Factory New),Factory New,https://steamcommunity.com/market/listings/730/AK-47%20%7C%20Vulcan%20%28Factory%20New%29,930.77,8,2026-07-07T15:25:15.485132
AK-47 | Vulcan (Field-Tested),AK-47 | Vulcan (Field-Tested),Field-Tested,https://steamcommunity.com/market/listings/730/AK-47%20%7C%20Vulcan%20%28Field-Tested%29,275.4,65,2026-07-07T15:25:15.485216
AK-47 | Vulcan (Minimal Wear),AK-47 | Vulcan (Minimal Wear),Minimal Wear,https://steamcommunity.com/market/listings/730/AK-47%20%7C%20Vulcan%20%28Minimal%20Wear%29,566.04,44,2026-07-07T15:25:15.485299
AK-47 | Vulcan (Well-Worn),AK-47 | Vulcan (Well-Worn),Well-Worn,https://steamcommunity.com/market/listings/730/AK-47%20%7C%20Vulcan%20%28Well-Worn%29,201.32,14,2026-07-07T15:25:15.485384
AK-47 | Wasteland Rebel (Battle-Scarred),AK-47 | Wasteland Rebel (Battle-Scarred),Battle-Scarred,https://steamcommunity.com/market/listings/730/AK-47%20%7C%20Wasteland%20Rebel%20%28Battle-Scarred%29,106.45,10,2026-07-07T15:25:17.348894
AK-47 | Wasteland Rebel (Factory New),AK-47 | Wasteland Rebel (Factory New),Factory New,https://steamcommunity.com/market/listings/730/AK-47%20%7C%20Wasteland%20Rebel%20%28Factory%20New%29,600.0,5,2026-07-07T15:25:17.348944
AK-47 | Wasteland Rebel (Field-Tested),AK-47 | Wasteland Rebel (Field-Tested),Field-Tested,https://steamcommunity.com/market/listings/730/AK-47%20%7C%20Wasteland%20Rebel%20%28Field-Tested%29,102.77,58,2026-07-07T15:25:17.348988
AK-47 | Wasteland Rebel (Minimal Wear),AK-47 | Wasteland Rebel (Minimal Wear),Minimal Wear,https://steamcommunity.com/market/listings/730/AK-47%20%7C%20Wasteland%20Rebel%20%28Minimal%20Wear%29,127.89,34,2026-07-07T15:25:17.349030
AK-47 | Wasteland Rebel (Well-Worn),AK-47 | Wasteland Rebel (Well-Worn),Well-Worn,https://steamcommunity.com/market/listings/730/AK-47%20%7C%20Wasteland%20Rebel%20%28Well-Worn%29,103.91,7,2026-07-07T15:25:17.349071
AK-47 | Wintergreen (Battle-Scarred),AK-47 | Wintergreen (Battle-Scarred),Battle-Scarred,https://steamcommunity.com/market/listings/730/AK-47%20%7C%20Wintergreen%20%28Battle-Scarred%29,0.74,1580,2026-07-07T15:25:17.349113
AK-47 | Wintergreen (Factory New),AK-47 | Wintergreen (Factory New),Factory New,https://steamcommunity.com/market/listings/730/AK-47%20%7C%20Wintergreen%20%28Factory%20New%29,7.99,592,2026-07-07T15:25:17.349154
AK-47 | Wintergreen (Field-Tested),AK-47 | Wintergreen (Field-Tested),Field-Tested,https://steamcommunity.com/market/listings/730/AK-47%20%7C%20Wintergreen%20%28Field-Tested%29,0.8,3577,2026-07-07T15:25:17.349196
AK-47 | Wintergreen (Minimal Wear),AK-47 | Wintergreen (Minimal Wear),Minimal Wear,https://steamcommunity.com/market/listings/730/AK-47%20%7C%20Wintergreen%20%28Minimal%20Wear%29,2.7,1259,2026-07-07T15:25:17.349238
AK-47 | Wintergreen (Well-Worn),AK-47 | Wintergreen (Well-Worn),Well-Worn,https://steamcommunity.com/market/listings/730/AK-47%20%7C%20Wintergreen%20%28Well-Worn%29,0.92,458,2026-07-07T15:25:17.349278
AK-47 | X-Ray (Battle-Scarred),AK-47 | X-Ray (Battle-Scarred),Battle-Scarred,https://steamcommunity.com/market/listings/730/AK-47%20%7C%20X-Ray%20%28Battle-Scarred%29,617.48,6,2026-07-07T15:25:19.337920
AK-47 | X-Ray (Field-Tested),AK-47 | X-Ray (Field-Tested),Field-Tested,https://steamcommunity.com/market/listings/730/AK-47%20%7C%20X-Ray%20%28Field-Tested%29,1550.0,2,2026-07-07T15:25:19.338068
AK-47 | X-Ray (Well-Worn),AK-47 | X-Ray (Well-Worn),Well-Worn,https://steamcommunity.com/market/listings/730/AK-47%20%7C%20X-Ray%20%28Well-Worn%29,696.78,4,2026-07-07T15:25:19.338324
Souvenir AK-47 | Aphrodite (Battle-Scarred),Souvenir AK-47 | Aphrodite (Battle-Scarred),Battle-Scarred,https://steamcommunity.com/market/listings/730/Souvenir%20AK-47%20%7C%20Aphrodite%20%28Battle-Scarred%29,73.97,5,2026-07-07T15:25:19.338440
Souvenir AK-47 | Aphrodite (Factory New),Souvenir AK-47 | Aphrodite (Factory New),Factory New,https://steamcommunity.com/market/listings/730/Souvenir%20AK-47%20%7C%20Aphrodite%20%28Factory%20New%29,1108.19,3,2026-07-07T15:25:19.338531
Souvenir AK-47 | Aphrodite (Field-Tested),Souvenir AK-47 | Aphrodite (Field-Tested),Field-Tested,https://steamcommunity.com/market/listings/730/Souvenir%20AK-47%20%7C%20Aphrodite%20%28Field-Tested%29,78.44,9,2026-07-07T15:25:19.338635
Souvenir AK-47 | Aphrodite (Minimal Wear),Souvenir AK-47 | Aphrodite (Minimal Wear),Minimal Wear,https://steamcommunity.com/market/listings/730/Souvenir%20AK-47%20%7C%20Aphrodite%20%28Minimal%20Wear%29,165.4,8,2026-07-07T15:25:19.338725
Souvenir AK-47 | Aphrodite (Well-Worn),Souvenir AK-47 | Aphrodite (Well-Worn),Well-Worn,https://steamcommunity.com/market/listings/730/Souvenir%20AK-47%20%7C%20Aphrodite%20%28Well-Worn%29,109.34,3,2026-07-07T15:25:19.338812
Souvenir AK-47 | Asiimov (Field-Tested),Souvenir AK-47 | Asiimov (Field-Tested),Field-Tested,https://steamcommunity.com/market/listings/730/Souvenir%20AK-47%20%7C%20Asiimov%20%28Field-Tested%29,315.72,5,2026-07-07T15:25:19.338898
Souvenir AK-47 | Asiimov (Minimal Wear),Souvenir AK-47 | Asiimov (Minimal Wear),Minimal Wear,https://steamcommunity.com/market/listings/730/Souvenir%20AK-47%20%7C%20Asiimov%20%28Minimal%20Wear%29,195.5,2,2026-07-07T15:25:19.338983
Souvenir AK-47 | B the Monster (Battle-Scarred),Souvenir AK-47 | B the Monster (Battle-Scarred),Battle-Scarred,https://steamcommunity.com/market/listings/730/Souvenir%20AK-47%20%7C%20B%20the%20Monster%20%28Battle-Scarred%29,158.14,10,2026-07-07T15:25:21.169432
Souvenir AK-47 | B the Monster (Factory New),Souvenir AK-47 | B the Monster (Factory New),Factory New,https://steamcommunity.com/market/listings/730/Souvenir%20AK-47%20%7C%20B%20the%20Monster%20%28Factory%20New%29,1151.34,2,2026-07-07T15:25:21.169510
Souvenir AK-47 | B the Monster (Field-Tested),Souvenir AK-47 | B the Monster (Field-Tested),Field-Tested,https://steamcommunity.com/market/listings/730/Souvenir%20AK-47%20%7C%20B%20the%20Monster%20%28Field-Tested%29,264.0,15,2026-07-07T15:25:21.169579
Souvenir AK-47 | B the Monster (Minimal Wear),Souvenir AK-47 | B the Monster (Minimal Wear),Minimal Wear,https://steamcommunity.com/market/listings/730/Souvenir%20AK-47%20%7C%20B%20the%20Monster%20%28Minimal%20Wear%29,666.36,5,2026-07-07T15:25:21.169646
Souvenir AK-47 | B the Monster (Well-Worn),Souvenir AK-47 | B the Monster (Well-Worn),Well-Worn,https://steamcommunity.com/market/listings/730/Souvenir%20AK-47%20%7C%20B%20the%20Monster%20%28Well-Worn%29,246.99,2,2026-07-07T15:25:21.169712
Souvenir AK-47 | Baroque Purple (Battle-Scarred),Souvenir AK-47 | Baroque Purple (Battle-Scarred),Battle-Scarred,https://steamcommunity.com/market/listings/730/Souvenir%20AK-47%20%7C%20Baroque%20Purple%20%28Battle-Scarred%29,25.72,1,2026-07-07T15:25:21.169778
Souvenir AK-47 | Baroque Purple (Field-Tested),Souvenir AK-47 | Baroque Purple (Field-Tested),Field-Tested,https://steamcommunity.com/market/listings/730/Souvenir%20AK-47%20%7C%20Baroque%20Purple%20%28Field-Tested%29,17.07,4,2026-07-07T15:25:21.169845
Souvenir AK-47 | Baroque Purple (Minimal Wear),Souvenir AK-47 | Baroque Purple (Minimal Wear),Minimal Wear,https://steamcommunity.com/market/listings/730/Souvenir%20AK-47%20%7C%20Baroque%20Purple%20%28Minimal%20Wear%29,35.66,10,2026-07-07T15:25:21.169911
Souvenir AK-47 | Baroque Purple (Well-Worn),Souvenir AK-47 | Baroque Purple (Well-Worn),Well-Worn,https://steamcommunity.com/market/listings/730/Souvenir%20AK-47%20%7C%20Baroque%20Purple%20%28Well-Worn%29,45.02,1,2026-07-07T15:25:21.169976
Souvenir AK-47 | Black Laminate (Battle-Scarred),Souvenir AK-47 | Black Laminate (Battle-Scarred),Battle-Scarred,https://steamcommunity.com/market/listings/730/Souvenir%20AK-47%20%7C%20Black%20Laminate%20%28Battle-Scarred%29,47.97,6,2026-07-07T15:25:21.170041
Souvenir AK-47 | Black Laminate (Field-Tested),Souvenir AK-47 | Black Laminate (Field-Tested),Field-Tested,https://steamcommunity.com/market/listings/730/Souvenir%20AK-47%20%7C%20Black%20Laminate%20%28Field-Tested%29,54.82,16,2026-07-07T15:25:23.078965
Souvenir AK-47 | Black Laminate (Minimal Wear),Souvenir AK-47 | Black Laminate (Minimal Wear),Minimal Wear,https://steamcommunity.com/market/listings/730/Souvenir%20AK-47%20%7C%20Black%20Laminate%20%28Minimal%20Wear%29,98.07,13,2026-07-07T15:25:23.079096
Souvenir AK-47 | Black Laminate (Well-Worn),Souvenir AK-47 | Black Laminate (Well-Worn),Well-Worn,https://steamcommunity.com/market/listings/730/Souvenir%20AK-47%20%7C%20Black%20Laminate%20%28Well-Worn%29,45.67,5,2026-07-07T15:25:23.079202
Souvenir AK-47 | Bloodsport (Minimal Wear),Souvenir AK-47 | Bloodsport (Minimal Wear),Minimal Wear,https://steamcommunity.com/market/listings/730/Souvenir%20AK-47%20%7C%20Bloodsport%20%28Minimal%20Wear%29,672.15,1,2026-07-07T15:25:23.079308
Souvenir AK-47 | Blue Laminate (Field-Tested),Souvenir AK-47 | Blue Laminate (Field-Tested),Field-Tested,https://steamcommunity.com/market/listings/730/Souvenir%20AK-47%20%7C%20Blue%20Laminate%20%28Field-Tested%29,251.21,1,2026-07-07T15:25:23.079411
Souvenir AK-47 | Blue Laminate (Minimal Wear),Souvenir AK-47 | Blue Laminate (Minimal Wear),Minimal Wear,https://steamcommunity.com/market/listings/730/Souvenir%20AK-47%20%7C%20Blue%20Laminate%20%28Minimal%20Wear%29,170.71,3,2026-07-07T15:25:23.079514
Souvenir AK-47 | Breakthrough (Factory New),Souvenir AK-47 | Breakthrough (Factory New),Factory New,https://steamcommunity.com/market/listings/730/Souvenir%20AK-47%20%7C%20Breakthrough%20%28Factory%20New%29,72.27,2,2026-07-07T15:25:23.079616
Souvenir AK-47 | Breakthrough (Field-Tested),Souvenir AK-47 | Breakthrough (Field-Tested),Field-Tested,https://steamcommunity.com/market/listings/730/Souvenir%20AK-47%20%7C%20Breakthrough%20%28Field-Tested%29,23.0,3,2026-07-07T15:25:23.079728
Souvenir AK-47 | Breakthrough (Minimal Wear),Souvenir AK-47 | Breakthrough (Minimal Wear),Minimal Wear,https://steamcommunity.com/market/listings/730/Souvenir%20AK-47%20%7C%20Breakthrough%20%28Minimal%20Wear%29,48.76,3,2026-07-07T15:25:23.079830
Souvenir AK-47 | Breakthrough (Well-Worn),Souvenir AK-47 | Breakthrough (Well-Worn),Well-Worn,https://steamcommunity.com/market/listings/730/Souvenir%20AK-47%20%7C%20Breakthrough%20%28Well-Worn%29,56.01,1,2026-07-07T15:25:23.079932
Souvenir AK-47 | Case Hardened (Battle-Scarred),Souvenir AK-47 | Case Hardened (Battle-Scarred),Battle-Scarred,https://steamcommunity.com/market/listings/730/Souvenir%20AK-47%20%7C%20Case%20Hardened%20%28Battle-Scarred%29,1479.4,1,2026-07-07T15:25:24.912033
Souvenir AK-47 | Case Hardened (Factory New),Souvenir AK-47 | Case Hardened (Factory New),Factory New,https://steamcommunity.com/market/listings/730/Souvenir%20AK-47%20%7C%20Case%20Hardened%20%28Factory%20New%29,1849.84,1,2026-07-07T15:25:24.912109
Souvenir AK-47 | Case Hardened (Field-Tested),Souvenir AK-47 | Case Hardened (Field-Tested),Field-Tested,https://steamcommunity.com/market/listings/730/Souvenir%20AK-47%20%7C%20Case%20Hardened%20%28Field-Tested%29,1784.77,1,2026-07-07T15:25:24.912177
Souvenir AK-47 | Case Hardened (Minimal Wear),Souvenir AK-47 | Case Hardened (Minimal Wear),Minimal Wear,https://steamcommunity.com/market/listings/730/Souvenir%20AK-47%20%7C%20Case%20Hardened%20%28Minimal%20Wear%29,1377.33,3,2026-07-07T15:25:24.912244
Souvenir AK-47 | Case Hardened (Well-Worn),Souvenir AK-47 | Case Hardened (Well-Worn),Well-Worn,https://steamcommunity.com/market/listings/730/Souvenir%20AK-47%20%7C%20Case%20Hardened%20%28Well-Worn%29,1286.44,1,2026-07-07T15:25:24.912309
Souvenir AK-47 | Crane Flight (Battle-Scarred),Souvenir AK-47 | Crane Flight (Battle-Scarred),Battle-Scarred,https://steamcommunity.com/market/listings/730/Souvenir%20AK-47%20%7C%20Crane%20Flight%20%28Battle-Scarred%29,51.45,7,2026-07-07T15:25:24.912374
Souvenir AK-47 | Crane Flight (Factory New),Souvenir AK-47 | Crane Flight (Factory New),Factory New,https://steamcommunity.com/market/listings/730/Souvenir%20AK-47%20%7C%20Crane%20Flight%20%28Factory%20New%29,433.91,5,2026-07-07T15:25:24.912440
Souvenir AK-47 | Crane Flight (Field-Tested),Souvenir AK-47 | Crane Flight (Field-Tested),Field-Tested,https://steamcommunity.com/market/listings/730/Souvenir%20AK-47%20%7C%20Crane%20Flight%20%28Field-Tested%29,102.92,6,2026-07-07T15:25:24.912505
Souvenir AK-47 | Crane Flight (Minimal Wear),Souvenir AK-47 | Crane Flight (Minimal Wear),Minimal Wear,https://steamcommunity.com/market/listings/730/Souvenir%20AK-47%20%7C%20Crane%20Flight%20%28Minimal%20Wear%29,103.56,9,2026-07-07T15:25:24.912570
Souvenir AK-47 | Crane Flight (Well-Worn),Souvenir AK-47 | Crane Flight (Well-Worn),Well-Worn,https://steamcommunity.com/market/listings/730/Souvenir%20AK-47%20%7C%20Crane%20Flight%20%28Well-Worn%29,122.19,4,2026-07-07T15:25:24.912644
Souvenir AK-47 | Crossfade (Factory New),Souvenir AK-47 | Crossfade (Factory New),Factory New,https://steamcommunity.com/market/listings/730/Souvenir%20AK-47%20%7C%20Crossfade%20%28Factory%20New%29,56.24,7,2026-07-07T15:25:26.802906
Souvenir AK-47 | Crossfade (Minimal Wear),Souvenir AK-47 | Crossfade (Minimal Wear),Minimal Wear,https://steamcommunity.com/market/listings/730/Souvenir%20AK-47%20%7C%20Crossfade%20%28Minimal%20Wear%29,25.33,1,2026-07-07T15:25:26.803051
Souvenir AK-47 | Elite Build (Factory New),Souvenir AK-47 | Elite Build (Factory New),Factory New,https://steamcommunity.com/market/listings/730/Souvenir%20AK-47%20%7C%20Elite%20Build%20%28Factory%20New%29,227.24,4,2026-07-07T15:25:26.803162
Souvenir AK-47 | Elite Build (Field-Tested),Souvenir AK-47 | Elite Build (Field-Tested),Field-Tested,https://steamcommunity.com/market/listings/730/Souvenir%20AK-47%20%7C%20Elite%20Build%20%28Field-Tested%29,14.67,4,2026-07-07T15:25:26.803267
Souvenir AK-47 | Elite Build (Minimal Wear),Souvenir AK-47 | Elite Build (Minimal Wear),Minimal Wear,https://steamcommunity.com/market/listings/730/Souvenir%20AK-47%20%7C%20Elite%20Build%20%28Minimal%20Wear%29,41.23,4,2026-07-07T15:25:26.803382
Souvenir AK-47 | Elite Build (Well-Worn),Souvenir AK-47 | Elite Build (Well-Worn),Well-Worn,https://steamcommunity.com/market/listings/730/Souvenir%20AK-47%20%7C%20Elite%20Build%20%28Well-Worn%29,385.94,1,2026-07-07T15:25:26.803489
Souvenir AK-47 | Emerald Pinstripe (Field-Tested),Souvenir AK-47 | Emerald Pinstripe (Field-Tested),Field-Tested,https://steamcommunity.com/market/listings/730/Souvenir%20AK-47%20%7C%20Emerald%20Pinstripe%20%28Field-Tested%29,114.08,1,2026-07-07T15:25:26.803597
Souvenir AK-47 | Emerald Pinstripe (Well-Worn),Souvenir AK-47 | Emerald Pinstripe (Well-Worn),Well-Worn,https://steamcommunity.com/market/listings/730/Souvenir%20AK-47%20%7C%20Emerald%20Pinstripe%20%28Well-Worn%29,63.86,2,2026-07-07T15:25:26.803702
Souvenir AK-47 | Frontside Misty (Field-Tested),Souvenir AK-47 | Frontside Misty (Field-Tested),Field-Tested,https://steamcommunity.com/market/listings/730/Souvenir%20AK-47%20%7C%20Frontside%20Misty%20%28Field-Tested%29,112.03,2,2026-07-07T15:25:26.803809
Souvenir AK-47 | Frontside Misty (Minimal Wear),Souvenir AK-47 | Frontside Misty (Minimal Wear),Minimal Wear,https://steamcommunity.com/market/listings/730/Souvenir%20AK-47%20%7C%20Frontside%20Misty%20%28Minimal%20Wear%29,1123.02,3,2026-07-07T15:25:26.803920
Souvenir AK-47 | Fuel Injector (Battle-Scarred),Souvenir AK-47 | Fuel Injector (Battle-Scarred),Battle-Scarred,https://steamcommunity.com/market/listings/730/Souvenir%20AK-47%20%7C%20Fuel%20Injector%20%28Battle-Scarred%29,321.61,2,2026-07-07T15:25:28.660274
Souvenir AK-47 | Fuel Injector (Field-Tested),Souvenir AK-47 | Fuel Injector (Field-Tested),Field-Tested,https://steamcommunity.com/market/listings/730/Souvenir%20AK-47%20%7C%20Fuel%20Injector%20%28Field-Tested%29,368.77,2,2026-07-07T15:25:28.660383
Souvenir AK-47 | Fuel Injector (Minimal Wear),Souvenir AK-47 | Fuel Injector (Minimal Wear),Minimal Wear,https://steamcommunity.com/market/listings/730/Souvenir%20AK-47%20%7C%20Fuel%20Injector%20%28Minimal%20Wear%29,588.72,1,2026-07-07T15:25:28.660474
Souvenir AK-47 | Gold Arabesque (Battle-Scarred),Souvenir AK-47 | Gold Arabesque (Battle-Scarred),Battle-Scarred,https://steamcommunity.com/market/listings/730/Souvenir%20AK-47%20%7C%20Gold%20Arabesque%20%28Battle-Scarred%29,1751.49,1,2026-07-07T15:25:28.660560
Souvenir AK-47 | Green Laminate (Factory New),Souvenir AK-47 | Green Laminate (Factory New),Factory New,https://steamcommunity.com/market/listings/730/Souvenir%20AK-47%20%7C%20Green%20Laminate%20%28Factory%20New%29,49.25,28,2026-07-07T15:25:28.660654
Souvenir AK-47 | Green Laminate (Field-Tested),Souvenir AK-47 | Green Laminate (Field-Tested),Field-Tested,https://steamcommunity.com/market/listings/730/Souvenir%20AK-47%20%7C%20Green%20Laminate%20%28Field-Tested%29,22.78,36,2026-07-07T15:25:28.660740
Souvenir AK-47 | Green Laminate (Minimal Wear),Souvenir AK-47 | Green Laminate (Minimal Wear),Minimal Wear,https://steamcommunity.com/market/listings/730/Souvenir%20AK-47%20%7C%20Green%20Laminate%20%28Minimal%20Wear%29,25.18,16,2026-07-07T15:25:28.660824
Souvenir AK-47 | Green Laminate (Well-Worn),Souvenir AK-47 | Green Laminate (Well-Worn),Well-Worn,https://steamcommunity.com/market/listings/730/Souvenir%20AK-47%20%7C%20Green%20Laminate%20%28Well-Worn%29,28.11,12,2026-07-07T15:25:28.660908
Souvenir AK-47 | Head Shot (Field-Tested),Souvenir AK-47 | Head Shot (Field-Tested),Field-Tested,https://steamcommunity.com/market/listings/730/Souvenir%20AK-47%20%7C%20Head%20Shot%20%28Field-Tested%29,1568.37,1,2026-07-07T15:25:28.660995
Souvenir AK-47 | Head Shot (Well-Worn),Souvenir AK-47 | Head Shot (Well-Worn),Well-Worn,https://steamcommunity.com/market/listings/730/Souvenir%20AK-47%20%7C%20Head%20Shot%20%28Well-Worn%29,1620.92,1,2026-07-07T15:25:28.661080
Souvenir AK-47 | Ice Coaled (Factory New),Souvenir AK-47 | Ice Coaled (Factory New),Factory New,https://steamcommunity.com/market/listings/730/Souvenir%20AK-47%20%7C%20Ice%20Coaled%20%28Factory%20New%29,128.83,1,2026-07-07T15:25:30.567868
Souvenir AK-47 | Ice Coaled (Field-Tested),Souvenir AK-47 | Ice Coaled (Field-Tested),Field-Tested,https://steamcommunity.com/market/listings/730/Souvenir%20AK-47%20%7C%20Ice%20Coaled%20%28Field-Tested%29,48.88,1,2026-07-07T15:25:30.567995
Souvenir AK-47 | Ice Coaled (Minimal Wear),Souvenir AK-47 | Ice Coaled (Minimal Wear),Minimal Wear,https://steamcommunity.com/market/listings/730/Souvenir%20AK-47%20%7C%20Ice%20Coaled%20%28Minimal%20Wear%29,66.56,1,2026-07-07T15:25:30.568103
Souvenir AK-47 | Inheritance (Battle-Scarred),Souvenir AK-47 | Inheritance (Battle-Scarred),Battle-Scarred,https://steamcommunity.com/market/listings/730/Souvenir%20AK-47%20%7C%20Inheritance%20%28Battle-Scarred%29,87.8,1,2026-07-07T15:25:30.568351
Souvenir AK-47 | Inheritance (Factory New),Souvenir AK-47 | Inheritance (Factory New),Factory New,https://steamcommunity.com/market/listings/730/Souvenir%20AK-47%20%7C%20Inheritance%20%28Factory%20New%29,798.16,3,2026-07-07T15:25:30.568495
Souvenir AK-47 | Inheritance (Field-Tested),Souvenir AK-47 | Inheritance (Field-Tested),Field-Tested,https://steamcommunity.com/market/listings/730/Souvenir%20AK-47%20%7C%20Inheritance%20%28Field-Tested%29,154.37,5,2026-07-07T15:25:30.568611
Souvenir AK-47 | Inheritance (Minimal Wear),Souvenir AK-47 | Inheritance (Minimal Wear),Minimal Wear,https://steamcommunity.com/market/listings/730/Souvenir%20AK-47%20%7C%20Inheritance%20%28Minimal%20Wear%29,424.0,4,2026-07-07T15:25:30.568716
Souvenir AK-47 | Inheritance (Well-Worn),Souvenir AK-47 | Inheritance (Well-Worn),Well-Worn,https://steamcommunity.com/market/listings/730/Souvenir%20AK-47%20%7C%20Inheritance%20%28Well-Worn%29,257.66,1,2026-07-07T15:25:30.568826
Souvenir AK-47 | Jaguar (Field-Tested),Souvenir AK-47 | Jaguar (Field-Tested),Field-Tested,https://steamcommunity.com/market/listings/730/Souvenir%20AK-47%20%7C%20Jaguar%20%28Field-Tested%29,224.04,1,2026-07-07T15:25:30.568933
Souvenir AK-47 | Jungle Spray (Field-Tested),Souvenir AK-47 | Jungle Spray (Field-Tested),Field-Tested,https://steamcommunity.com/market/listings/730/Souvenir%20AK-47%20%7C%20Jungle%20Spray%20%28Field-Tested%29,137.03,2,2026-07-07T15:25:30.569038
Souvenir AK-47 | Jungle Spray (Minimal Wear),Souvenir AK-47 | Jungle Spray (Minimal Wear),Minimal Wear,https://steamcommunity.com/market/listings/730/Souvenir%20AK-47%20%7C%20Jungle%20Spray%20%28Minimal%20Wear%29,146.66,1,2026-07-07T15:25:32.448998
Souvenir AK-47 | Legion of Anubis (Factory New),Souvenir AK-47 | Legion of Anubis (Factory New),Factory New,https://steamcommunity.com/market/listings/730/Souvenir%20AK-47%20%7C%20Legion%20of%20Anubis%20%28Factory%20New%29,2042.41,1,2026-07-07T15:25:32.449101
Souvenir AK-47 | Legion of Anubis (Field-Tested),Souvenir AK-47 | Legion of Anubis (Field-Tested),Field-Tested,https://steamcommunity.com/market/listings/730/Souvenir%20AK-47%20%7C%20Legion%20of%20Anubis%20%28Field-Tested%29,385.91,1,2026-07-07T15:25:32.449183
Souvenir AK-47 | Legion of Anubis (Minimal Wear),Souvenir AK-47 | Legion of Anubis (Minimal Wear),Minimal Wear,https://steamcommunity.com/market/listings/730/Souvenir%20AK-47%20%7C%20Legion%20of%20Anubis%20%28Minimal%20Wear%29,707.54,1,2026-07-07T15:25:32.449261
Souvenir AK-47 | Midnight Laminate (Factory New),Souvenir AK-47 | Midnight Laminate (Factory New),Factory New,https://steamcommunity.com/market/listings/730/Souvenir%20AK-47%20%7C%20Midnight%20Laminate%20%28Factory%20New%29,107.54,6,2026-07-07T15:25:32.449412
Souvenir AK-47 | Midnight Laminate (Field-Tested),Souvenir AK-47 | Midnight Laminate (Field-Tested),Field-Tested,https://steamcommunity.com/market/listings/730/Souvenir%20AK-47%20%7C%20Midnight%20Laminate%20%28Field-Tested%29,43.79,7,2026-07-07T15:25:32.449515
Souvenir AK-47 | Midnight Laminate (Minimal Wear),Souvenir AK-47 | Midnight Laminate (Minimal Wear),Minimal Wear,https://steamcommunity.com/market/listings/730/Souvenir%20AK-47%20%7C%20Midnight%20Laminate%20%28Minimal%20Wear%29,25.77,6,2026-07-07T15:25:32.449596
Souvenir AK-47 | Neon Rider (Field-Tested),Souvenir AK-47 | Neon Rider (Field-Tested),Field-Tested,https://steamcommunity.com/market/listings/730/Souvenir%20AK-47%20%7C%20Neon%20Rider%20%28Field-Tested%29,126.07,1,2026-07-07T15:25:32.449681
Souvenir AK-47 | Nightwish (Field-Tested),Souvenir AK-47 | Nightwish (Field-Tested),Field-Tested,https://steamcommunity.com/market/listings/730/Souvenir%20AK-47%20%7C%20Nightwish%20%28Field-Tested%29,448.1,1,2026-07-07T15:25:32.449766
Souvenir AK-47 | Nightwish (Minimal Wear),Souvenir AK-47 | Nightwish (Minimal Wear),Minimal Wear,https://steamcommunity.com/market/listings/730/Souvenir%20AK-47%20%7C%20Nightwish%20%28Minimal%20Wear%29,1163.07,2,2026-07-07T15:25:32.449846
Souvenir AK-47 | Nightwish (Well-Worn),Souvenir AK-47 | Nightwish (Well-Worn),Well-Worn,https://steamcommunity.com/market/listings/730/Souvenir%20AK-47%20%7C%20Nightwish%20%28Well-Worn%29,900.51,1,2026-07-07T15:25:34.387301
Souvenir AK-47 | Nouveau Rouge (Factory New),Souvenir AK-47 | Nouveau Rouge (Factory New),Factory New,https://steamcommunity.com/market/listings/730/Souvenir%20AK-47%20%7C%20Nouveau%20Rouge%20%28Factory%20New%29,398.25,2,2026-07-07T15:25:34.387411
Souvenir AK-47 | Nouveau Rouge (Field-Tested),Souvenir AK-47 | Nouveau Rouge (Field-Tested),Field-Tested,https://steamcommunity.com/market/listings/730/Souvenir%20AK-47%20%7C%20Nouveau%20Rouge%20%28Field-Tested%29,422.58,3,2026-07-07T15:25:34.387501
Souvenir AK-47 | Nouveau Rouge (Minimal Wear),Souvenir AK-47 | Nouveau Rouge (Minimal Wear),Minimal Wear,https://steamcommunity.com/market/listings/730/Souvenir%20AK-47%20%7C%20Nouveau%20Rouge%20%28Minimal%20Wear%29,110.95,4,2026-07-07T15:25:34.387609
Souvenir AK-47 | Nouveau Rouge (Well-Worn),Souvenir AK-47 | Nouveau Rouge (Well-Worn),Well-Worn,https://steamcommunity.com/market/listings/730/Souvenir%20AK-47%20%7C%20Nouveau%20Rouge%20%28Well-Worn%29,48.89,2,2026-07-07T15:25:34.387698
Souvenir AK-47 | Olive Polycam (Battle-Scarred),Souvenir AK-47 | Olive Polycam (Battle-Scarred),Battle-Scarred,https://steamcommunity.com/market/listings/730/Souvenir%20AK-47%20%7C%20Olive%20Polycam%20%28Battle-Scarred%29,21.17,2,2026-07-07T15:25:34.387787
Souvenir AK-47 | Olive Polycam (Factory New),Souvenir AK-47 | Olive Polycam (Factory New),Factory New,https://steamcommunity.com/market/listings/730/Souvenir%20AK-47%20%7C%20Olive%20Polycam%20%28Factory%20New%29,10.27,41,2026-07-07T15:25:34.387873
Souvenir AK-47 | Olive Polycam (Field-Tested),Souvenir AK-47 | Olive Polycam (Field-Tested),Field-Tested,https://steamcommunity.com/market/listings/730/Souvenir%20AK-47%20%7C%20Olive%20Polycam%20%28Field-Tested%29,11.57,5,2026-07-07T15:25:34.387959
Souvenir AK-47 | Olive Polycam (Minimal Wear),Souvenir AK-47 | Olive Polycam (Minimal Wear),Minimal Wear,https://steamcommunity.com/market/listings/730/Souvenir%20AK-47%20%7C%20Olive%20Polycam%20%28Minimal%20Wear%29,8.02,7,2026-07-07T15:25:34.388046
Souvenir AK-47 | Orbit Mk01 (Battle-Scarred),Souvenir AK-47 | Orbit Mk01 (Battle-Scarred),Battle-Scarred,https://steamcommunity.com/market/listings/730/Souvenir%20AK-47%20%7C%20Orbit%20Mk01%20%28Battle-Scarred%29,179.23,1,2026-07-07T15:25:34.388138
Souvenir AK-47 | Orbit Mk01 (Field-Tested),Souvenir AK-47 | Orbit Mk01 (Field-Tested),Field-Tested,https://steamcommunity.com/market/listings/730/Souvenir%20AK-47%20%7C%20Orbit%20Mk01%20%28Field-Tested%29,222.0,1,2026-07-07T15:25:36.288660
Souvenir AK-47 | Panthera onca (Battle-Scarred),Souvenir AK-47 | Panthera onca (Battle-Scarred),Battle-Scarred,https://steamcommunity.com/market/listings/730/Souvenir%20AK-47%20%7C%20Panthera%20onca%20%28Battle-Scarred%29,159.88,10,2026-07-07T15:25:36.288847
Souvenir AK-47 | Panthera onca (Field-Tested),Souvenir AK-47 | Panthera onca (Field-Tested),Field-Tested,https://steamcommunity.com/market/listings/730/Souvenir%20AK-47%20%7C%20Panthera%20onca%20%28Field-Tested%29,198.0,14,2026-07-07T15:25:36.288960
Souvenir AK-47 | Panthera onca (Minimal Wear),Souvenir AK-47 | Panthera onca (Minimal Wear),Minimal Wear,https://steamcommunity.com/market/listings/730/Souvenir%20AK-47%20%7C%20Panthera%20onca%20%28Minimal%20Wear%29,355.95,7,2026-07-07T15:25:36.289068
Souvenir AK-47 | Panthera onca (Well-Worn),Souvenir AK-47 | Panthera onca (Well-Worn),Well-Worn,https://steamcommunity.com/market/listings/730/Souvenir%20AK-47%20%7C%20Panthera%20onca%20%28Well-Worn%29,186.53,8,2026-07-07T15:25:36.289172
Souvenir AK-47 | Point Disarray (Factory New),Souvenir AK-47 | Point Disarray (Factory New),Factory New,https://steamcommunity.com/market/listings/730/Souvenir%20AK-47%20%7C%20Point%20Disarray%20%28Factory%20New%29,450.24,1,2026-07-07T15:25:36.289276
Souvenir AK-47 | Redline (Field-Tested),Souvenir AK-47 | Redline (Field-Tested),Field-Tested,https://steamcommunity.com/market/listings/730/Souvenir%20AK-47%20%7C%20Redline%20%28Field-Tested%29,350.0,2,2026-07-07T15:25:36.289398
Souvenir AK-47 | Redline (Minimal Wear),Souvenir AK-47 | Redline (Minimal Wear),Minimal Wear,https://steamcommunity.com/market/listings/730/Souvenir%20AK-47%20%7C%20Redline%20%28Minimal%20Wear%29,978.66,1,2026-07-07T15:25:36.289502
Souvenir AK-47 | Safari Mesh (Battle-Scarred),Souvenir AK-47 | Safari Mesh (Battle-Scarred),Battle-Scarred,https://steamcommunity.com/market/listings/730/Souvenir%20AK-47%20%7C%20Safari%20Mesh%20%28Battle-Scarred%29,6.44,37,2026-07-07T15:25:36.289607
Souvenir AK-47 | Safari Mesh (Factory New),Souvenir AK-47 | Safari Mesh (Factory New),Factory New,https://steamcommunity.com/market/listings/730/Souvenir%20AK-47%20%7C%20Safari%20Mesh%20%28Factory%20New%29,30.85,12,2026-07-07T15:25:36.289709
Souvenir AK-47 | Safari Mesh (Field-Tested),Souvenir AK-47 | Safari Mesh (Field-Tested),Field-Tested,https://steamcommunity.com/market/listings/730/Souvenir%20AK-47%20%7C%20Safari%20Mesh%20%28Field-Tested%29,5.14,193,2026-07-07T15:25:38.191066
Souvenir AK-47 | Safari Mesh (Minimal Wear),Souvenir AK-47 | Safari Mesh (Minimal Wear),Minimal Wear,https://steamcommunity.com/market/listings/730/Souvenir%20AK-47%20%7C%20Safari%20Mesh%20%28Minimal%20Wear%29,6.36,73,2026-07-07T15:25:38.191173
Souvenir AK-47 | Safari Mesh (Well-Worn),Souvenir AK-47 | Safari Mesh (Well-Worn),Well-Worn,https://steamcommunity.com/market/listings/730/Souvenir%20AK-47%20%7C%20Safari%20Mesh%20%28Well-Worn%29,5.59,30,2026-07-07T15:25:38.191261
Souvenir AK-47 | Safety Net (Battle-Scarred),Souvenir AK-47 | Safety Net (Battle-Scarred),Battle-Scarred,https://steamcommunity.com/market/listings/730/Souvenir%20AK-47%20%7C%20Safety%20Net%20%28Battle-Scarred%29,21.28,13,2026-07-07T15:25:38.191348
Souvenir AK-47 | Safety Net (Factory New),Souvenir AK-47 | Safety Net (Factory New),Factory New,https://steamcommunity.com/market/listings/730/Souvenir%20AK-47%20%7C%20Safety%20Net%20%28Factory%20New%29,64.98,19,2026-07-07T15:25:38.191437
Souvenir AK-47 | Safety Net (Field-Tested),Souvenir AK-47 | Safety Net (Field-Tested),Field-Tested,https://steamcommunity.com/market/listings/730/Souvenir%20AK-47%20%7C%20Safety%20Net%20%28Field-Tested%29,23.15,26,2026-07-07T15:25:38.191523
Souvenir AK-47 | Safety Net (Minimal Wear),Souvenir AK-47 | Safety Net (Minimal Wear),Minimal Wear,https://steamcommunity.com/market/listings/730/Souvenir%20AK-47%20%7C%20Safety%20Net%20%28Minimal%20Wear%29,27.85,23,2026-07-07T15:25:38.191608
Souvenir AK-47 | Safety Net (Well-Worn),Souvenir AK-47 | Safety Net (Well-Worn),Well-Worn,https://steamcommunity.com/market/listings/730/Souvenir%20AK-47%20%7C%20Safety%20Net%20%28Well-Worn%29,28.03,6,2026-07-07T15:25:38.191694
Souvenir AK-47 | Searing Rage (Factory New),Souvenir AK-47 | Searing Rage (Factory New),Factory New,https://steamcommunity.com/market/listings/730/Souvenir%20AK-47%20%7C%20Searing%20Rage%20%28Factory%20New%29,152.35,1,2026-07-07T15:25:38.191781
Souvenir AK-47 | Searing Rage (Field-Tested),Souvenir AK-47 | Searing Rage (Field-Tested),Field-Tested,https://steamcommunity.com/market/listings/730/Souvenir%20AK-47%20%7C%20Searing%20Rage%20%28Field-Tested%29,121.92,1,2026-07-07T15:25:38.191869
Souvenir AK-47 | Searing Rage (Minimal Wear),Souvenir AK-47 | Searing Rage (Minimal Wear),Minimal Wear,https://steamcommunity.com/market/listings/730/Souvenir%20AK-47%20%7C%20Searing%20Rage%20%28Minimal%20Wear%29,230.0,1,2026-07-07T15:25:40.132076
Souvenir AK-47 | Slate (Battle-Scarred),Souvenir AK-47 | Slate (Battle-Scarred),Battle-Scarred,https://steamcommunity.com/market/listings/730/Souvenir%20AK-47%20%7C%20Slate%20%28Battle-Scarred%29,60.0,1,2026-07-07T15:25:40.132181
Souvenir AK-47 | Slate (Factory New),Souvenir AK-47 | Slate (Factory New),Factory New,https://steamcommunity.com/market/listings/730/Souvenir%20AK-47%20%7C%20Slate%20%28Factory%20New%29,53.76,15,2026-07-07T15:25:40.132281
Souvenir AK-47 | Slate (Field-Tested),Souvenir AK-47 | Slate (Field-Tested),Field-Tested,https://steamcommunity.com/market/listings/730/Souvenir%20AK-47%20%7C%20Slate%20%28Field-Tested%29,39.99,5,2026-07-07T15:25:40.132382
Souvenir AK-47 | Slate (Minimal Wear),Souvenir AK-47 | Slate (Minimal Wear),Minimal Wear,https://steamcommunity.com/market/listings/730/Souvenir%20AK-47%20%7C%20Slate%20%28Minimal%20Wear%29,28.58,12,2026-07-07T15:25:40.132468
Souvenir AK-47 | Slate (Well-Worn),Souvenir AK-47 | Slate (Well-Worn),Well-Worn,https://steamcommunity.com/market/listings/730/Souvenir%20AK-47%20%7C%20Slate%20%28Well-Worn%29,30.6,3,2026-07-07T15:25:40.132555
Souvenir AK-47 | Steel Delta (Battle-Scarred),Souvenir AK-47 | Steel Delta (Battle-Scarred),Battle-Scarred,https://steamcommunity.com/market/listings/730/Souvenir%20AK-47%20%7C%20Steel%20Delta%20%28Battle-Scarred%29,5.69,46,2026-07-07T15:25:40.132640
Souvenir AK-47 | Steel Delta (Factory New),Souvenir AK-47 | Steel Delta (Factory New),Factory New,https://steamcommunity.com/market/listings/730/Souvenir%20AK-47%20%7C%20Steel%20Delta%20%28Factory%20New%29,25.46,34,2026-07-07T15:25:40.132724
Souvenir AK-47 | Steel Delta (Field-Tested),Souvenir AK-47 | Steel Delta (Field-Tested),Field-Tested,https://steamcommunity.com/market/listings/730/Souvenir%20AK-47%20%7C%20Steel%20Delta%20%28Field-Tested%29,4.02,99,2026-07-07T15:25:40.132810
Souvenir AK-47 | Steel Delta (Minimal Wear),Souvenir AK-47 | Steel Delta (Minimal Wear),Minimal Wear,https://steamcommunity.com/market/listings/730/Souvenir%20AK-47%20%7C%20Steel%20Delta%20%28Minimal%20Wear%29,6.16,52,2026-07-07T15:25:40.132893
Souvenir AK-47 | Steel Delta (Well-Worn),Souvenir AK-47 | Steel Delta (Well-Worn),Well-Worn,https://steamcommunity.com/market/listings/730/Souvenir%20AK-47%20%7C%20Steel%20Delta%20%28Well-Worn%29,7.4,20,2026-07-07T15:25:42.068663
Souvenir AK-47 | The Oligarch (Battle-Scarred),Souvenir AK-47 | The Oligarch (Battle-Scarred),Battle-Scarred,https://steamcommunity.com/market/listings/730/Souvenir%20AK-47%20%7C%20The%20Oligarch%20%28Battle-Scarred%29,275.0,1,2026-07-07T15:25:42.068774
Souvenir AK-47 | The Oligarch (Field-Tested),Souvenir AK-47 | The Oligarch (Field-Tested),Field-Tested,https://steamcommunity.com/market/listings/730/Souvenir%20AK-47%20%7C%20The%20Oligarch%20%28Field-Tested%29,216.95,6,2026-07-07T15:25:42.068863
Souvenir AK-47 | The Oligarch (Minimal Wear),Souvenir AK-47 | The Oligarch (Minimal Wear),Minimal Wear,https://steamcommunity.com/market/listings/730/Souvenir%20AK-47%20%7C%20The%20Oligarch%20%28Minimal%20Wear%29,559.14,3,2026-07-07T15:25:42.069104
Souvenir AK-47 | The Outsiders (Minimal Wear),Souvenir AK-47 | The Outsiders (Minimal Wear),Minimal Wear,https://steamcommunity.com/market/listings/730/Souvenir%20AK-47%20%7C%20The%20Outsiders%20%28Minimal%20Wear%29,506.51,1,2026-07-07T15:25:42.069265
Souvenir AK-47 | Uncharted (Factory New),Souvenir AK-47 | Uncharted (Factory New),Factory New,https://steamcommunity.com/market/listings/730/Souvenir%20AK-47%20%7C%20Uncharted%20%28Factory%20New%29,798.26,1,2026-07-07T15:25:42.069370
Souvenir AK-47 | Uncharted (Field-Tested),Souvenir AK-47 | Uncharted (Field-Tested),Field-Tested,https://steamcommunity.com/market/listings/730/Souvenir%20AK-47%20%7C%20Uncharted%20%28Field-Tested%29,25.72,1,2026-07-07T15:25:42.069459
Souvenir AK-47 | Uncharted (Minimal Wear),Souvenir AK-47 | Uncharted (Minimal Wear),Minimal Wear,https://steamcommunity.com/market/listings/730/Souvenir%20AK-47%20%7C%20Uncharted%20%28Minimal%20Wear%29,79.94,2,2026-07-07T15:25:42.069545
Souvenir AK-47 | VariCamo Grey (Factory New),Souvenir AK-47 | VariCamo Grey (Factory New),Factory New,https://steamcommunity.com/market/listings/730/Souvenir%20AK-47%20%7C%20VariCamo%20Grey%20%28Factory%20New%29,9.2,16,2026-07-07T15:25:42.069633
Souvenir AK-47 | VariCamo Grey (Field-Tested),Souvenir AK-47 | VariCamo Grey (Field-Tested),Field-Tested,https://steamcommunity.com/market/listings/730/Souvenir%20AK-47%20%7C%20VariCamo%20Grey%20%28Field-Tested%29,6.4,16,2026-07-07T15:25:42.069718
Souvenir AK-47 | VariCamo Grey (Minimal Wear),Souvenir AK-47 | VariCamo Grey (Minimal Wear),Minimal Wear,https://steamcommunity.com/market/listings/730/Souvenir%20AK-47%20%7C%20VariCamo%20Grey%20%28Minimal%20Wear%29,4.89,12,2026-07-07T15:25:44.070307
Souvenir AK-47 | VariCamo Grey (Well-Worn),Souvenir AK-47 | VariCamo Grey (Well-Worn),Well-Worn,https://steamcommunity.com/market/listings/730/Souvenir%20AK-47%20%7C%20VariCamo%20Grey%20%28Well-Worn%29,9.5,2,2026-07-07T15:25:44.070399
Souvenir AK-47 | Vulcan (Battle-Scarred),Souvenir AK-47 | Vulcan (Battle-Scarred),Battle-Scarred,https://steamcommunity.com/market/listings/730/Souvenir%20AK-47%20%7C%20Vulcan%20%28Battle-Scarred%29,514.57,1,2026-07-07T15:25:44.070479
Souvenir AK-47 | Wasteland Rebel (Minimal Wear),Souvenir AK-47 | Wasteland Rebel (Minimal Wear),Minimal Wear,https://steamcommunity.com/market/listings/730/Souvenir%20AK-47%20%7C%20Wasteland%20Rebel%20%28Minimal%20Wear%29,1330.45,1,2026-07-07T15:25:44.070555
Souvenir AK-47 | Wintergreen (Battle-Scarred),Souvenir AK-47 | Wintergreen (Battle-Scarred),Battle-Scarred,https://steamcommunity.com/market/listings/730/Souvenir%20AK-47%20%7C%20Wintergreen%20%28Battle-Scarred%29,11.18,2,2026-07-07T15:25:44.070630
Souvenir AK-47 | Wintergreen (Factory New),Souvenir AK-47 | Wintergreen (Factory New),Factory New,https://steamcommunity.com/market/listings/730/Souvenir%20AK-47%20%7C%20Wintergreen%20%28Factory%20New%29,48.59,15,2026-07-07T15:25:44.070704
Souvenir AK-47 | Wintergreen (Field-Tested),Souvenir AK-47 | Wintergreen (Field-Tested),Field-Tested,https://steamcommunity.com/market/listings/730/Souvenir%20AK-47%20%7C%20Wintergreen%20%28Field-Tested%29,27.0,4,2026-07-07T15:25:44.070777
Souvenir AK-47 | Wintergreen (Minimal Wear),Souvenir AK-47 | Wintergreen (Minimal Wear),Minimal Wear,https://steamcommunity.com/market/listings/730/Souvenir%20AK-47%20%7C%20Wintergreen%20%28Minimal%20Wear%29,27.0,8,2026-07-07T15:25:44.070849
StatTrak™ AK-47 | Aquamarine Revenge (Battle-Scarred),StatTrak™ AK-47 | Aquamarine Revenge (Battle-Scarred),Battle-Scarred,https://steamcommunity.com/market/listings/730/StatTrak%E2%84%A2%20AK-47%20%7C%20Aquamarine%20Revenge%20%28Battle-Scarred%29,72.88,14,2026-07-07T15:25:44.070922
StatTrak™ AK-47 | Aquamarine Revenge (Factory New),StatTrak™ AK-47 | Aquamarine Revenge (Factory New),Factory New,https://steamcommunity.com/market/listings/730/StatTrak%E2%84%A2%20AK-47%20%7C%20Aquamarine%20Revenge%20%28Factory%20New%29,449.83,8,2026-07-07T15:25:44.070996
StatTrak™ AK-47 | Aquamarine Revenge (Field-Tested),StatTrak™ AK-47 | Aquamarine Revenge (Field-Tested),Field-Tested,https://steamcommunity.com/market/listings/730/StatTrak%E2%84%A2%20AK-47%20%7C%20Aquamarine%20Revenge%20%28Field-Tested%29,129.0,21,2026-07-07T15:25:45.915057
StatTrak™ AK-47 | Aquamarine Revenge (Minimal Wear),StatTrak™ AK-47 | Aquamarine Revenge (Minimal Wear),Minimal Wear,https://steamcommunity.com/market/listings/730/StatTrak%E2%84%A2%20AK-47%20%7C%20Aquamarine%20Revenge%20%28Minimal%20Wear%29,245.59,11,2026-07-07T15:25:45.915108
StatTrak™ AK-47 | Aquamarine Revenge (Well-Worn),StatTrak™ AK-47 | Aquamarine Revenge (Well-Worn),Well-Worn,https://steamcommunity.com/market/listings/730/StatTrak%E2%84%A2%20AK-47%20%7C%20Aquamarine%20Revenge%20%28Well-Worn%29,84.0,11,2026-07-07T15:25:45.915151
StatTrak™ AK-47 | Asiimov (Battle-Scarred),StatTrak™ AK-47 | Asiimov (Battle-Scarred),Battle-Scarred,https://steamcommunity.com/market/listings/730/StatTrak%E2%84%A2%20AK-47%20%7C%20Asiimov%20%28Battle-Scarred%29,92.89,9,2026-07-07T15:25:45.915192
StatTrak™ AK-47 | Asiimov (Factory New),StatTrak™ AK-47 | Asiimov (Factory New),Factory New,https://steamcommunity.com/market/listings/730/StatTrak%E2%84%A2%20AK-47%20%7C%20Asiimov%20%28Factory%20New%29,834.33,3,2026-07-07T15:25:45.915234
StatTrak™ AK-47 | Asiimov (Field-Tested),StatTrak™ AK-47 | Asiimov (Field-Tested),Field-Tested,https://steamcommunity.com/market/listings/730/StatTrak%E2%84%A2%20AK-47%20%7C%20Asiimov%20%28Field-Tested%29,89.98,37,2026-07-07T15:25:45.915276
StatTrak™ AK-47 | Asiimov (Minimal Wear),StatTrak™ AK-47 | Asiimov (Minimal Wear),Minimal Wear,https://steamcommunity.com/market/listings/730/StatTrak%E2%84%A2%20AK-47%20%7C%20Asiimov%20%28Minimal%20Wear%29,181.56,27,2026-07-07T15:25:45.915316
StatTrak™ AK-47 | Asiimov (Well-Worn),StatTrak™ AK-47 | Asiimov (Well-Worn),Well-Worn,https://steamcommunity.com/market/listings/730/StatTrak%E2%84%A2%20AK-47%20%7C%20Asiimov%20%28Well-Worn%29,108.98,11,2026-07-07T15:25:45.915357
StatTrak™ AK-47 | Bloodsport (Factory New),StatTrak™ AK-47 | Bloodsport (Factory New),Factory New,https://steamcommunity.com/market/listings/730/StatTrak%E2%84%A2%20AK-47%20%7C%20Bloodsport%20%28Factory%20New%29,562.27,16,2026-07-07T15:25:45.915399
StatTrak™ AK-47 | Bloodsport (Field-Tested),StatTrak™ AK-47 | Bloodsport (Field-Tested),Field-Tested,https://steamcommunity.com/market/listings/730/StatTrak%E2%84%A2%20AK-47%20%7C%20Bloodsport%20%28Field-Tested%29,397.82,3,2026-07-07T15:25:45.915442
StatTrak™ AK-47 | Bloodsport (Minimal Wear),StatTrak™ AK-47 | Bloodsport (Minimal Wear),Minimal Wear,https://steamcommunity.com/market/listings/730/StatTrak%E2%84%A2%20AK-47%20%7C%20Bloodsport%20%28Minimal%20Wear%29,443.82,8,2026-07-07T15:25:47.790134
StatTrak™ AK-47 | Bloodsport (Well-Worn),StatTrak™ AK-47 | Bloodsport (Well-Worn),Well-Worn,https://steamcommunity.com/market/listings/730/StatTrak%E2%84%A2%20AK-47%20%7C%20Bloodsport%20%28Well-Worn%29,370.0,4,2026-07-07T15:25:47.790264
StatTrak™ AK-47 | Blue Laminate (Factory New),StatTrak™ AK-47 | Blue Laminate (Factory New),Factory New,https://steamcommunity.com/market/listings/730/StatTrak%E2%84%A2%20AK-47%20%7C%20Blue%20Laminate%20%28Factory%20New%29,75.95,48,2026-07-07T15:25:47.790373
StatTrak™ AK-47 | Blue Laminate (Field-Tested),StatTrak™ AK-47 | Blue Laminate (Field-Tested),Field-Tested,https://steamcommunity.com/market/listings/730/StatTrak%E2%84%A2%20AK-47%20%7C%20Blue%20Laminate%20%28Field-Tested%29,48.27,91,2026-07-07T15:25:47.790478
StatTrak™ AK-47 | Blue Laminate (Minimal Wear),StatTrak™ AK-47 | Blue Laminate (Minimal Wear),Minimal Wear,https://steamcommunity.com/market/listings/730/StatTrak%E2%84%A2%20AK-47%20%7C%20Blue%20Laminate%20%28Minimal%20Wear%29,50.97,84,2026-07-07T15:25:47.790585
StatTrak™ AK-47 | Blue Laminate (Well-Worn),StatTrak™ AK-47 | Blue Laminate (Well-Worn),Well-Worn,https://steamcommunity.com/market/listings/730/StatTrak%E2%84%A2%20AK-47%20%7C%20Blue%20Laminate%20%28Well-Worn%29,73.05,5,2026-07-07T15:25:47.790689
StatTrak™ AK-47 | Cartel (Battle-Scarred),StatTrak™ AK-47 | Cartel (Battle-Scarred),Battle-Scarred,https://steamcommunity.com/market/listings/730/StatTrak%E2%84%A2%20AK-47%20%7C%20Cartel%20%28Battle-Scarred%29,63.34,9,2026-07-07T15:25:47.790792
StatTrak™ AK-47 | Cartel (Factory New),StatTrak™ AK-47 | Cartel (Factory New),Factory New,https://steamcommunity.com/market/listings/730/StatTrak%E2%84%A2%20AK-47%20%7C%20Cartel%20%28Factory%20New%29,144.99,26,2026-07-07T15:25:47.790895
StatTrak™ AK-47 | Cartel (Field-Tested),StatTrak™ AK-47 | Cartel (Field-Tested),Field-Tested,https://steamcommunity.com/market/listings/730/StatTrak%E2%84%A2%20AK-47%20%7C%20Cartel%20%28Field-Tested%29,57.05,38,2026-07-07T15:25:47.790997
StatTrak™ AK-47 | Cartel (Minimal Wear),StatTrak™ AK-47 | Cartel (Minimal Wear),Minimal Wear,https://steamcommunity.com/market/listings/730/StatTrak%E2%84%A2%20AK-47%20%7C%20Cartel%20%28Minimal%20Wear%29,94.68,29,2026-07-07T15:25:47.791098
StatTrak™ AK-47 | Cartel (Well-Worn),StatTrak™ AK-47 | Cartel (Well-Worn),Well-Worn,https://steamcommunity.com/market/listings/730/StatTrak%E2%84%A2%20AK-47%20%7C%20Cartel%20%28Well-Worn%29,67.36,4,2026-07-07T15:25:49.662001
StatTrak™ AK-47 | Case Hardened (Battle-Scarred),StatTrak™ AK-47 | Case Hardened (Battle-Scarred),Battle-Scarred,https://steamcommunity.com/market/listings/730/StatTrak%E2%84%A2%20AK-47%20%7C%20Case%20Hardened%20%28Battle-Scarred%29,658.86,3,2026-07-07T15:25:49.662170
StatTrak™ AK-47 | Case Hardened (Factory New),StatTrak™ AK-47 | Case Hardened (Factory New),Factory New,https://steamcommunity.com/market/listings/730/StatTrak%E2%84%A2%20AK-47%20%7C%20Case%20Hardened%20%28Factory%20New%29,1315.28,2,2026-07-07T15:25:49.662301
StatTrak™ AK-47 | Case Hardened (Field-Tested),StatTrak™ AK-47 | Case Hardened (Field-Tested),Field-Tested,https://steamcommunity.com/market/listings/730/StatTrak%E2%84%A2%20AK-47%20%7C%20Case%20Hardened%20%28Field-Tested%29,784.68,7,2026-07-07T15:25:49.662421
StatTrak™ AK-47 | Case Hardened (Minimal Wear),StatTrak™ AK-47 | Case Hardened (Minimal Wear),Minimal Wear,https://steamcommunity.com/market/listings/730/StatTrak%E2%84%A2%20AK-47%20%7C%20Case%20Hardened%20%28Minimal%20Wear%29,1034.97,6,2026-07-07T15:25:49.662536
StatTrak™ AK-47 | Case Hardened (Well-Worn),StatTrak™ AK-47 | Case Hardened (Well-Worn),Well-Worn,https://steamcommunity.com/market/listings/730/StatTrak%E2%84%A2%20AK-47%20%7C%20Case%20Hardened%20%28Well-Worn%29,656.56,7,2026-07-07T15:25:49.662670
StatTrak™ AK-47 | Crane Flight (Battle-Scarred),StatTrak™ AK-47 | Crane Flight (Battle-Scarred),Battle-Scarred,https://steamcommunity.com/market/listings/730/StatTrak%E2%84%A2%20AK-47%20%7C%20Crane%20Flight%20%28Battle-Scarred%29,28.0,68,2026-07-07T15:25:49.662788
StatTrak™ AK-47 | Crane Flight (Factory New),StatTrak™ AK-47 | Crane Flight (Factory New),Factory New,https://steamcommunity.com/market/listings/730/StatTrak%E2%84%A2%20AK-47%20%7C%20Crane%20Flight%20%28Factory%20New%29,224.25,23,2026-07-07T15:25:49.662900
StatTrak™ AK-47 | Crane Flight (Field-Tested),StatTrak™ AK-47 | Crane Flight (Field-Tested),Field-Tested,https://steamcommunity.com/market/listings/730/StatTrak%E2%84%A2%20AK-47%20%7C%20Crane%20Flight%20%28Field-Tested%29,46.82,107,2026-07-07T15:25:49.663012
StatTrak™ AK-47 | Crane Flight (Minimal Wear),StatTrak™ AK-47 | Crane Flight (Minimal Wear),Minimal Wear,https://steamcommunity.com/market/listings/730/StatTrak%E2%84%A2%20AK-47%20%7C%20Crane%20Flight%20%28Minimal%20Wear%29,90.0,66,2026-07-07T15:25:49.663123
StatTrak™ AK-47 | Crane Flight (Well-Worn),StatTrak™ AK-47 | Crane Flight (Well-Worn),Well-Worn,https://steamcommunity.com/market/listings/730/StatTrak%E2%84%A2%20AK-47%20%7C%20Crane%20Flight%20%28Well-Worn%29,33.26,53,2026-07-07T15:25:51.533882
StatTrak™ AK-47 | Elite Build (Battle-Scarred),StatTrak™ AK-47 | Elite Build (Battle-Scarred),Battle-Scarred,https://steamcommunity.com/market/listings/730/StatTrak%E2%84%A2%20AK-47%20%7C%20Elite%20Build%20%28Battle-Scarred%29,5.1,359,2026-07-07T15:25:51.534009
StatTrak™ AK-47 | Elite Build (Factory New),StatTrak™ AK-47 | Elite Build (Factory New),Factory New,https://steamcommunity.com/market/listings/730/StatTrak%E2%84%A2%20AK-47%20%7C%20Elite%20Build%20%28Factory%20New%29,43.33,85,2026-07-07T15:25:51.534115
StatTrak™ AK-47 | Elite Build (Field-Tested),StatTrak™ AK-47 | Elite Build (Field-Tested),Field-Tested,https://steamcommunity.com/market/listings/730/StatTrak%E2%84%A2%20AK-47%20%7C%20Elite%20Build%20%28Field-Tested%29,7.06,508,2026-07-07T15:25:51.534217
StatTrak™ AK-47 | Elite Build (Minimal Wear),StatTrak™ AK-47 | Elite Build (Minimal Wear),Minimal Wear,https://steamcommunity.com/market/listings/730/StatTrak%E2%84%A2%20AK-47%20%7C%20Elite%20Build%20%28Minimal%20Wear%29,12.48,371,2026-07-07T15:25:51.534303
StatTrak™ AK-47 | Elite Build (Well-Worn),StatTrak™ AK-47 | Elite Build (Well-Worn),Well-Worn,https://steamcommunity.com/market/listings/730/StatTrak%E2%84%A2%20AK-47%20%7C%20Elite%20Build%20%28Well-Worn%29,5.13,552,2026-07-07T15:25:51.534389
StatTrak™ AK-47 | Frontside Misty (Battle-Scarred),StatTrak™ AK-47 | Frontside Misty (Battle-Scarred),Battle-Scarred,https://steamcommunity.com/market/listings/730/StatTrak%E2%84%A2%20AK-47%20%7C%20Frontside%20Misty%20%28Battle-Scarred%29,41.8,28,2026-07-07T15:25:51.534474
StatTrak™ AK-47 | Frontside Misty (Factory New),StatTrak™ AK-47 | Frontside Misty (Factory New),Factory New,https://steamcommunity.com/market/listings/730/StatTrak%E2%84%A2%20AK-47%20%7C%20Frontside%20Misty%20%28Factory%20New%29,283.02,9,2026-07-07T15:25:51.534561
StatTrak™ AK-47 | Frontside Misty (Field-Tested),StatTrak™ AK-47 | Frontside Misty (Field-Tested),Field-Tested,https://steamcommunity.com/market/listings/730/StatTrak%E2%84%A2%20AK-47%20%7C%20Frontside%20Misty%20%28Field-Tested%29,46.0,73,2026-07-07T15:25:51.534657
StatTrak™ AK-47 | Frontside Misty (Minimal Wear),StatTrak™ AK-47 | Frontside Misty (Minimal Wear),Minimal Wear,https://steamcommunity.com/market/listings/730/StatTrak%E2%84%A2%20AK-47%20%7C%20Frontside%20Misty%20%28Minimal%20Wear%29,101.0,27,2026-07-07T15:25:51.534743
StatTrak™ AK-47 | Frontside Misty (Well-Worn),StatTrak™ AK-47 | Frontside Misty (Well-Worn),Well-Worn,https://steamcommunity.com/market/listings/730/StatTrak%E2%84%A2%20AK-47%20%7C%20Frontside%20Misty%20%28Well-Worn%29,42.25,18,2026-07-07T15:25:53.415967
StatTrak™ AK-47 | Fuel Injector (Battle-Scarred),StatTrak™ AK-47 | Fuel Injector (Battle-Scarred),Battle-Scarred,https://steamcommunity.com/market/listings/730/StatTrak%E2%84%A2%20AK-47%20%7C%20Fuel%20Injector%20%28Battle-Scarred%29,285.46,4,2026-07-07T15:25:53.416075
StatTrak™ AK-47 | Fuel Injector (Factory New),StatTrak™ AK-47 | Fuel Injector (Factory New),Factory New,https://steamcommunity.com/market/listings/730/StatTrak%E2%84%A2%20AK-47%20%7C%20Fuel%20Injector%20%28Factory%20New%29,1343.34,2,2026-07-07T15:25:53.416167
StatTrak™ AK-47 | Fuel Injector (Field-Tested),StatTrak™ AK-47 | Fuel Injector (Field-Tested),Field-Tested,https://steamcommunity.com/market/listings/730/StatTrak%E2%84%A2%20AK-47%20%7C%20Fuel%20Injector%20%28Field-Tested%29,558.04,10,2026-07-07T15:25:53.416255
StatTrak™ AK-47 | Fuel Injector (Minimal Wear),StatTrak™ AK-47 | Fuel Injector (Minimal Wear),Minimal Wear,https://steamcommunity.com/market/listings/730/StatTrak%E2%84%A2%20AK-47%20%7C%20Fuel%20Injector%20%28Minimal%20Wear%29,760.9,4,2026-07-07T15:25:53.416343
StatTrak™ AK-47 | Fuel Injector (Well-Worn),StatTrak™ AK-47 | Fuel Injector (Well-Worn),Well-Worn,https://steamcommunity.com/market/listings/730/StatTrak%E2%84%A2%20AK-47%20%7C%20Fuel%20Injector%20%28Well-Worn%29,399.66,7,2026-07-07T15:25:53.416429
StatTrak™ AK-47 | Head Shot (Battle-Scarred),StatTrak™ AK-47 | Head Shot (Battle-Scarred),Battle-Scarred,https://steamcommunity.com/market/listings/730/StatTrak%E2%84%A2%20AK-47%20%7C%20Head%20Shot%20%28Battle-Scarred%29,32.0,55,2026-07-07T15:25:53.416516
StatTrak™ AK-47 | Head Shot (Factory New),StatTrak™ AK-47 | Head Shot (Factory New),Factory New,https://steamcommunity.com/market/listings/730/StatTrak%E2%84%A2%20AK-47%20%7C%20Head%20Shot%20%28Factory%20New%29,158.87,27,2026-07-07T15:25:53.416649
StatTrak™ AK-47 | Head Shot (Field-Tested),StatTrak™ AK-47 | Head Shot (Field-Tested),Field-Tested,https://steamcommunity.com/market/listings/730/StatTrak%E2%84%A2%20AK-47%20%7C%20Head%20Shot%20%28Field-Tested%29,44.54,96,2026-07-07T15:25:53.416845
StatTrak™ AK-47 | Head Shot (Minimal Wear),StatTrak™ AK-47 | Head Shot (Minimal Wear),Minimal Wear,https://steamcommunity.com/market/listings/730/StatTrak%E2%84%A2%20AK-47%20%7C%20Head%20Shot%20%28Minimal%20Wear%29,65.12,70,2026-07-07T15:25:53.416953
StatTrak™ AK-47 | Head Shot (Well-Worn),StatTrak™ AK-47 | Head Shot (Well-Worn),Well-Worn,https://steamcommunity.com/market/listings/730/StatTrak%E2%84%A2%20AK-47%20%7C%20Head%20Shot%20%28Well-Worn%29,34.64,80,2026-07-07T15:25:55.278577
StatTrak™ AK-47 | Ice Coaled (Battle-Scarred),StatTrak™ AK-47 | Ice Coaled (Battle-Scarred),Battle-Scarred,https://steamcommunity.com/market/listings/730/StatTrak%E2%84%A2%20AK-47%20%7C%20Ice%20Coaled%20%28Battle-Scarred%29,12.43,89,2026-07-07T15:25:55.278689
StatTrak™ AK-47 | Ice Coaled (Factory New),StatTrak™ AK-47 | Ice Coaled (Factory New),Factory New,https://steamcommunity.com/market/listings/730/StatTrak%E2%84%A2%20AK-47%20%7C%20Ice%20Coaled%20%28Factory%20New%29,51.06,87,2026-07-07T15:25:55.278783
StatTrak™ AK-47 | Ice Coaled (Field-Tested),StatTrak™ AK-47 | Ice Coaled (Field-Tested),Field-Tested,https://steamcommunity.com/market/listings/730/StatTrak%E2%84%A2%20AK-47%20%7C%20Ice%20Coaled%20%28Field-Tested%29,12.42,285,2026-07-07T15:25:55.278873
StatTrak™ AK-47 | Ice Coaled (Minimal Wear),StatTrak™ AK-47 | Ice Coaled (Minimal Wear),Minimal Wear,https://steamcommunity.com/market/listings/730/StatTrak%E2%84%A2%20AK-47%20%7C%20Ice%20Coaled%20%28Minimal%20Wear%29,28.0,129,2026-07-07T15:25:55.278960
StatTrak™ AK-47 | Ice Coaled (Well-Worn),StatTrak™ AK-47 | Ice Coaled (Well-Worn),Well-Worn,https://steamcommunity.com/market/listings/730/StatTrak%E2%84%A2%20AK-47%20%7C%20Ice%20Coaled%20%28Well-Worn%29,13.98,61,2026-07-07T15:25:55.279048
StatTrak™ AK-47 | Inheritance (Battle-Scarred),StatTrak™ AK-47 | Inheritance (Battle-Scarred),Battle-Scarred,https://steamcommunity.com/market/listings/730/StatTrak%E2%84%A2%20AK-47%20%7C%20Inheritance%20%28Battle-Scarred%29,94.1,23,2026-07-07T15:25:55.279134
StatTrak™ AK-47 | Inheritance (Factory New),StatTrak™ AK-47 | Inheritance (Factory New),Factory New,https://steamcommunity.com/market/listings/730/StatTrak%E2%84%A2%20AK-47%20%7C%20Inheritance%20%28Factory%20New%29,420.0,17,2026-07-07T15:25:55.279220
StatTrak™ AK-47 | Inheritance (Field-Tested),StatTrak™ AK-47 | Inheritance (Field-Tested),Field-Tested,https://steamcommunity.com/market/listings/730/StatTrak%E2%84%A2%20AK-47%20%7C%20Inheritance%20%28Field-Tested%29,124.75,58,2026-07-07T15:25:55.279305
StatTrak™ AK-47 | Inheritance (Minimal Wear),StatTrak™ AK-47 | Inheritance (Minimal Wear),Minimal Wear,https://steamcommunity.com/market/listings/730/StatTrak%E2%84%A2%20AK-47%20%7C%20Inheritance%20%28Minimal%20Wear%29,206.0,43,2026-07-07T15:25:55.279392
StatTrak™ AK-47 | Inheritance (Well-Worn),StatTrak™ AK-47 | Inheritance (Well-Worn),Well-Worn,https://steamcommunity.com/market/listings/730/StatTrak%E2%84%A2%20AK-47%20%7C%20Inheritance%20%28Well-Worn%29,112.82,11,2026-07-07T15:25:57.136879
StatTrak™ AK-47 | Jaguar (Battle-Scarred),StatTrak™ AK-47 | Jaguar (Battle-Scarred),Battle-Scarred,https://steamcommunity.com/market/listings/730/StatTrak%E2%84%A2%20AK-47%20%7C%20Jaguar%20%28Battle-Scarred%29,261.01,6,2026-07-07T15:25:57.136958
StatTrak™ AK-47 | Jaguar (Factory New),StatTrak™ AK-47 | Jaguar (Factory New),Factory New,https://steamcommunity.com/market/listings/730/StatTrak%E2%84%A2%20AK-47%20%7C%20Jaguar%20%28Factory%20New%29,949.99,2,2026-07-07T15:25:57.137030
StatTrak™ AK-47 | Jaguar (Field-Tested),StatTrak™ AK-47 | Jaguar (Field-Tested),Field-Tested,https://steamcommunity.com/market/listings/730/StatTrak%E2%84%A2%20AK-47%20%7C%20Jaguar%20%28Field-Tested%29,287.76,7,2026-07-07T15:25:57.137097
StatTrak™ AK-47 | Jaguar (Minimal Wear),StatTrak™ AK-47 | Jaguar (Minimal Wear),Minimal Wear,https://steamcommunity.com/market/listings/730/StatTrak%E2%84%A2%20AK-47%20%7C%20Jaguar%20%28Minimal%20Wear%29,400.48,6,2026-07-07T15:25:57.137163
StatTrak™ AK-47 | Jaguar (Well-Worn),StatTrak™ AK-47 | Jaguar (Well-Worn),Well-Worn,https://steamcommunity.com/market/listings/730/StatTrak%E2%84%A2%20AK-47%20%7C%20Jaguar%20%28Well-Worn%29,205.54,4,2026-07-07T15:25:57.137241
StatTrak™ AK-47 | Leet Museo (Battle-Scarred),StatTrak™ AK-47 | Leet Museo (Battle-Scarred),Battle-Scarred,https://steamcommunity.com/market/listings/730/StatTrak%E2%84%A2%20AK-47%20%7C%20Leet%20Museo%20%28Battle-Scarred%29,124.79,8,2026-07-07T15:25:57.137310
StatTrak™ AK-47 | Leet Museo (Factory New),StatTrak™ AK-47 | Leet Museo (Factory New),Factory New,https://steamcommunity.com/market/listings/730/StatTrak%E2%84%A2%20AK-47%20%7C%20Leet%20Museo%20%28Factory%20New%29,527.44,12,2026-07-07T15:25:57.137375
StatTrak™ AK-47 | Leet Museo (Field-Tested),StatTrak™ AK-47 | Leet Museo (Field-Tested),Field-Tested,https://steamcommunity.com/market/listings/730/StatTrak%E2%84%A2%20AK-47%20%7C%20Leet%20Museo%20%28Field-Tested%29,169.81,11,2026-07-07T15:25:57.137441
StatTrak™ AK-47 | Leet Museo (Minimal Wear),StatTrak™ AK-47 | Leet Museo (Minimal Wear),Minimal Wear,https://steamcommunity.com/market/listings/730/StatTrak%E2%84%A2%20AK-47%20%7C%20Leet%20Museo%20%28Minimal%20Wear%29,264.5,10,2026-07-07T15:25:57.137506
StatTrak™ AK-47 | Leet Museo (Well-Worn),StatTrak™ AK-47 | Leet Museo (Well-Worn),Well-Worn,https://steamcommunity.com/market/listings/730/StatTrak%E2%84%A2%20AK-47%20%7C%20Leet%20Museo%20%28Well-Worn%29,176.24,5,2026-07-07T15:25:59.055948
StatTrak™ AK-47 | Legion of Anubis (Battle-Scarred),StatTrak™ AK-47 | Legion of Anubis (Battle-Scarred),Battle-Scarred,https://steamcommunity.com/market/listings/730/StatTrak%E2%84%A2%20AK-47%20%7C%20Legion%20of%20Anubis%20%28Battle-Scarred%29,51.54,16,2026-07-07T15:25:59.055999
StatTrak™ AK-47 | Legion of Anubis (Factory New),StatTrak™ AK-47 | Legion of Anubis (Factory New),Factory New,https://steamcommunity.com/market/listings/730/StatTrak%E2%84%A2%20AK-47%20%7C%20Legion%20of%20Anubis%20%28Factory%20New%29,105.63,75,2026-07-07T15:25:59.056044
StatTrak™ AK-47 | Legion of Anubis (Field-Tested),StatTrak™ AK-47 | Legion of Anubis (Field-Tested),Field-Tested,https://steamcommunity.com/market/listings/730/StatTrak%E2%84%A2%20AK-47%20%7C%20Legion%20of%20Anubis%20%28Field-Tested%29,50.99,65,2026-07-07T15:25:59.056088
StatTrak™ AK-47 | Legion of Anubis (Minimal Wear),StatTrak™ AK-47 | Legion of Anubis (Minimal Wear),Minimal Wear,https://steamcommunity.com/market/listings/730/StatTrak%E2%84%A2%20AK-47%20%7C%20Legion%20of%20Anubis%20%28Minimal%20Wear%29,67.9,74,2026-07-07T15:25:59.056131
StatTrak™ AK-47 | Legion of Anubis (Well-Worn),StatTrak™ AK-47 | Legion of Anubis (Well-Worn),Well-Worn,https://steamcommunity.com/market/listings/730/StatTrak%E2%84%A2%20AK-47%20%7C%20Legion%20of%20Anubis%20%28Well-Worn%29,50.0,14,2026-07-07T15:25:59.056174
StatTrak™ AK-47 | Neon Revolution (Battle-Scarred),StatTrak™ AK-47 | Neon Revolution (Battle-Scarred),Battle-Scarred,https://steamcommunity.com/market/listings/730/StatTrak%E2%84%A2%20AK-47%20%7C%20Neon%20Revolution%20%28Battle-Scarred%29,127.65,4,2026-07-07T15:25:59.056216
StatTrak™ AK-47 | Neon Revolution (Factory New),StatTrak™ AK-47 | Neon Revolution (Factory New),Factory New,https://steamcommunity.com/market/listings/730/StatTrak%E2%84%A2%20AK-47%20%7C%20Neon%20Revolution%20%28Factory%20New%29,346.05,7,2026-07-07T15:25:59.056259
StatTrak™ AK-47 | Neon Revolution (Field-Tested),StatTrak™ AK-47 | Neon Revolution (Field-Tested),Field-Tested,https://steamcommunity.com/market/listings/730/StatTrak%E2%84%A2%20AK-47%20%7C%20Neon%20Revolution%20%28Field-Tested%29,152.26,14,2026-07-07T15:25:59.056301
StatTrak™ AK-47 | Neon Revolution (Minimal Wear),StatTrak™ AK-47 | Neon Revolution (Minimal Wear),Minimal Wear,https://steamcommunity.com/market/listings/730/StatTrak%E2%84%A2%20AK-47%20%7C%20Neon%20Revolution%20%28Minimal%20Wear%29,184.0,13,2026-07-07T15:25:59.056343
StatTrak™ AK-47 | Neon Revolution (Well-Worn),StatTrak™ AK-47 | Neon Revolution (Well-Worn),Well-Worn,https://steamcommunity.com/market/listings/730/StatTrak%E2%84%A2%20AK-47%20%7C%20Neon%20Revolution%20%28Well-Worn%29,143.94,7,2026-07-07T15:26:00.915956
StatTrak™ AK-47 | Neon Rider (Battle-Scarred),StatTrak™ AK-47 | Neon Rider (Battle-Scarred),Battle-Scarred,https://steamcommunity.com/market/listings/730/StatTrak%E2%84%A2%20AK-47%20%7C%20Neon%20Rider%20%28Battle-Scarred%29,131.3,4,2026-07-07T15:26:00.916083
StatTrak™ AK-47 | Neon Rider (Factory New),StatTrak™ AK-47 | Neon Rider (Factory New),Factory New,https://steamcommunity.com/market/listings/730/StatTrak%E2%84%A2%20AK-47%20%7C%20Neon%20Rider%20%28Factory%20New%29,570.93,8,2026-07-07T15:26:00.916192
StatTrak™ AK-47 | Neon Rider (Field-Tested),StatTrak™ AK-47 | Neon Rider (Field-Tested),Field-Tested,https://steamcommunity.com/market/listings/730/StatTrak%E2%84%A2%20AK-47%20%7C%20Neon%20Rider%20%28Field-Tested%29,125.54,17,2026-07-07T15:26:00.916295
StatTrak™ AK-47 | Neon Rider (Minimal Wear),StatTrak™ AK-47 | Neon Rider (Minimal Wear),Minimal Wear,https://steamcommunity.com/market/listings/730/StatTrak%E2%84%A2%20AK-47%20%7C%20Neon%20Rider%20%28Minimal%20Wear%29,320.87,9,2026-07-07T15:26:00.916411
StatTrak™ AK-47 | Neon Rider (Well-Worn),StatTrak™ AK-47 | Neon Rider (Well-Worn),Well-Worn,https://steamcommunity.com/market/listings/730/StatTrak%E2%84%A2%20AK-47%20%7C%20Neon%20Rider%20%28Well-Worn%29,145.84,2,2026-07-07T15:26:00.916533
StatTrak™ AK-47 | Nightwish (Battle-Scarred),StatTrak™ AK-47 | Nightwish (Battle-Scarred),Battle-Scarred,https://steamcommunity.com/market/listings/730/StatTrak%E2%84%A2%20AK-47%20%7C%20Nightwish%20%28Battle-Scarred%29,80.16,49,2026-07-07T15:26:00.916643
StatTrak™ AK-47 | Nightwish (Factory New),StatTrak™ AK-47 | Nightwish (Factory New),Factory New,https://steamcommunity.com/market/listings/730/StatTrak%E2%84%A2%20AK-47%20%7C%20Nightwish%20%28Factory%20New%29,203.34,25,2026-07-07T15:26:00.916753
StatTrak™ AK-47 | Nightwish (Field-Tested),StatTrak™ AK-47 | Nightwish (Field-Tested),Field-Tested,https://steamcommunity.com/market/listings/730/StatTrak%E2%84%A2%20AK-47%20%7C%20Nightwish%20%28Field-Tested%29,86.67,87,2026-07-07T15:26:00.916863
StatTrak™ AK-47 | Nightwish (Minimal Wear),StatTrak™ AK-47 | Nightwish (Minimal Wear),Minimal Wear,https://steamcommunity.com/market/listings/730/StatTrak%E2%84%A2%20AK-47%20%7C%20Nightwish%20%28Minimal%20Wear%29,106.74,45,2026-07-07T15:26:00.916965
StatTrak™ AK-47 | Nightwish (Well-Worn),StatTrak™ AK-47 | Nightwish (Well-Worn),Well-Worn,https://steamcommunity.com/market/listings/730/StatTrak%E2%84%A2%20AK-47%20%7C%20Nightwish%20%28Well-Worn%29,76.19,58,2026-07-07T15:26:02.771051
StatTrak™ AK-47 | Orbit Mk01 (Battle-Scarred),StatTrak™ AK-47 | Orbit Mk01 (Battle-Scarred),Battle-Scarred,https://steamcommunity.com/market/listings/730/StatTrak%E2%84%A2%20AK-47%20%7C%20Orbit%20Mk01%20%28Battle-Scarred%29,79.0,12,2026-07-07T15:26:02.771117
StatTrak™ AK-47 | Orbit Mk01 (Factory New),StatTrak™ AK-47 | Orbit Mk01 (Factory New),Factory New,https://steamcommunity.com/market/listings/730/StatTrak%E2%84%A2%20AK-47%20%7C%20Orbit%20Mk01%20%28Factory%20New%29,125.62,22,2026-07-07T15:26:02.771175
StatTrak™ AK-47 | Orbit Mk01 (Field-Tested),StatTrak™ AK-47 | Orbit Mk01 (Field-Tested),Field-Tested,https://steamcommunity.com/market/listings/730/StatTrak%E2%84%A2%20AK-47%20%7C%20Orbit%20Mk01%20%28Field-Tested%29,73.65,24,2026-07-07T15:26:02.771231
StatTrak™ AK-47 | Orbit Mk01 (Minimal Wear),StatTrak™ AK-47 | Orbit Mk01 (Minimal Wear),Minimal Wear,https://steamcommunity.com/market/listings/730/StatTrak%E2%84%A2%20AK-47%20%7C%20Orbit%20Mk01%20%28Minimal%20Wear%29,85.64,19,2026-07-07T15:26:02.771286
StatTrak™ AK-47 | Orbit Mk01 (Well-Worn),StatTrak™ AK-47 | Orbit Mk01 (Well-Worn),Well-Worn,https://steamcommunity.com/market/listings/730/StatTrak%E2%84%A2%20AK-47%20%7C%20Orbit%20Mk01%20%28Well-Worn%29,79.93,6,2026-07-07T15:26:02.771342
StatTrak™ AK-47 | Phantom Disruptor (Battle-Scarred),StatTrak™ AK-47 | Phantom Disruptor (Battle-Scarred),Battle-Scarred,https://steamcommunity.com/market/listings/730/StatTrak%E2%84%A2%20AK-47%20%7C%20Phantom%20Disruptor%20%28Battle-Scarred%29,15.44,41,2026-07-07T15:26:02.771395
StatTrak™ AK-47 | Phantom Disruptor (Factory New),StatTrak™ AK-47 | Phantom Disruptor (Factory New),Factory New,https://steamcommunity.com/market/listings/730/StatTrak%E2%84%A2%20AK-47%20%7C%20Phantom%20Disruptor%20%28Factory%20New%29,44.39,56,2026-07-07T15:26:02.771450
StatTrak™ AK-47 | Phantom Disruptor (Field-Tested),StatTrak™ AK-47 | Phantom Disruptor (Field-Tested),Field-Tested,https://steamcommunity.com/market/listings/730/StatTrak%E2%84%A2%20AK-47%20%7C%20Phantom%20Disruptor%20%28Field-Tested%29,15.73,173,2026-07-07T15:26:02.771504
StatTrak™ AK-47 | Phantom Disruptor (Minimal Wear),StatTrak™ AK-47 | Phantom Disruptor (Minimal Wear),Minimal Wear,https://steamcommunity.com/market/listings/730/StatTrak%E2%84%A2%20AK-47%20%7C%20Phantom%20Disruptor%20%28Minimal%20Wear%29,26.23,87,2026-07-07T15:26:02.771557
StatTrak™ AK-47 | Phantom Disruptor (Well-Worn),StatTrak™ AK-47 | Phantom Disruptor (Well-Worn),Well-Worn,https://steamcommunity.com/market/listings/730/StatTrak%E2%84%A2%20AK-47%20%7C%20Phantom%20Disruptor%20%28Well-Worn%29,18.13,40,2026-07-07T15:26:04.669856
StatTrak™ AK-47 | Point Disarray (Battle-Scarred),StatTrak™ AK-47 | Point Disarray (Battle-Scarred),Battle-Scarred,https://steamcommunity.com/market/listings/730/StatTrak%E2%84%A2%20AK-47%20%7C%20Point%20Disarray%20%28Battle-Scarred%29,43.99,14,2026-07-07T15:26:04.669965
StatTrak™ AK-47 | Point Disarray (Factory New),StatTrak™ AK-47 | Point Disarray (Factory New),Factory New,https://steamcommunity.com/market/listings/730/StatTrak%E2%84%A2%20AK-47%20%7C%20Point%20Disarray%20%28Factory%20New%29,143.89,20,2026-07-07T15:26:04.670055
StatTrak™ AK-47 | Point Disarray (Field-Tested),StatTrak™ AK-47 | Point Disarray (Field-Tested),Field-Tested,https://steamcommunity.com/market/listings/730/StatTrak%E2%84%A2%20AK-47%20%7C%20Point%20Disarray%20%28Field-Tested%29,43.58,37,2026-07-07T15:26:04.670144
StatTrak™ AK-47 | Point Disarray (Minimal Wear),StatTrak™ AK-47 | Point Disarray (Minimal Wear),Minimal Wear,https://steamcommunity.com/market/listings/730/StatTrak%E2%84%A2%20AK-47%20%7C%20Point%20Disarray%20%28Minimal%20Wear%29,77.43,21,2026-07-07T15:26:04.670231
StatTrak™ AK-47 | Point Disarray (Well-Worn),StatTrak™ AK-47 | Point Disarray (Well-Worn),Well-Worn,https://steamcommunity.com/market/listings/730/StatTrak%E2%84%A2%20AK-47%20%7C%20Point%20Disarray%20%28Well-Worn%29,44.39,8,2026-07-07T15:26:04.670318
StatTrak™ AK-47 | Rat Rod (Battle-Scarred),StatTrak™ AK-47 | Rat Rod (Battle-Scarred),Battle-Scarred,https://steamcommunity.com/market/listings/730/StatTrak%E2%84%A2%20AK-47%20%7C%20Rat%20Rod%20%28Battle-Scarred%29,17.62,18,2026-07-07T15:26:04.670405
StatTrak™ AK-47 | Rat Rod (Factory New),StatTrak™ AK-47 | Rat Rod (Factory New),Factory New,https://steamcommunity.com/market/listings/730/StatTrak%E2%84%A2%20AK-47%20%7C%20Rat%20Rod%20%28Factory%20New%29,67.96,17,2026-07-07T15:26:04.670492
StatTrak™ AK-47 | Rat Rod (Field-Tested),StatTrak™ AK-47 | Rat Rod (Field-Tested),Field-Tested,https://steamcommunity.com/market/listings/730/StatTrak%E2%84%A2%20AK-47%20%7C%20Rat%20Rod%20%28Field-Tested%29,17.25,51,2026-07-07T15:26:04.670577
StatTrak™ AK-47 | Rat Rod (Minimal Wear),StatTrak™ AK-47 | Rat Rod (Minimal Wear),Minimal Wear,https://steamcommunity.com/market/listings/730/StatTrak%E2%84%A2%20AK-47%20%7C%20Rat%20Rod%20%28Minimal%20Wear%29,26.19,36,2026-07-07T15:26:04.670671
StatTrak™ AK-47 | Rat Rod (Well-Worn),StatTrak™ AK-47 | Rat Rod (Well-Worn),Well-Worn,https://steamcommunity.com/market/listings/730/StatTrak%E2%84%A2%20AK-47%20%7C%20Rat%20Rod%20%28Well-Worn%29,18.01,28,2026-07-07T15:26:06.530622
StatTrak™ AK-47 | Red Laminate (Battle-Scarred),StatTrak™ AK-47 | Red Laminate (Battle-Scarred),Battle-Scarred,https://steamcommunity.com/market/listings/730/StatTrak%E2%84%A2%20AK-47%20%7C%20Red%20Laminate%20%28Battle-Scarred%29,194.39,8,2026-07-07T15:26:06.530692
StatTrak™ AK-47 | Red Laminate (Field-Tested),StatTrak™ AK-47 | Red Laminate (Field-Tested),Field-Tested,https://steamcommunity.com/market/listings/730/StatTrak%E2%84%A2%20AK-47%20%7C%20Red%20Laminate%20%28Field-Tested%29,221.0,6,2026-07-07T15:26:06.530754
StatTrak™ AK-47 | Red Laminate (Minimal Wear),StatTrak™ AK-47 | Red Laminate (Minimal Wear),Minimal Wear,https://steamcommunity.com/market/listings/730/StatTrak%E2%84%A2%20AK-47%20%7C%20Red%20Laminate%20%28Minimal%20Wear%29,398.77,5,2026-07-07T15:26:06.530815
StatTrak™ AK-47 | Red Laminate (Well-Worn),StatTrak™ AK-47 | Red Laminate (Well-Worn),Well-Worn,https://steamcommunity.com/market/listings/730/StatTrak%E2%84%A2%20AK-47%20%7C%20Red%20Laminate%20%28Well-Worn%29,296.88,3,2026-07-07T15:26:06.530874
StatTrak™ AK-47 | Redline (Battle-Scarred),StatTrak™ AK-47 | Redline (Battle-Scarred),Battle-Scarred,https://steamcommunity.com/market/listings/730/StatTrak%E2%84%A2%20AK-47%20%7C%20Redline%20%28Battle-Scarred%29,54.93,33,2026-07-07T15:26:06.530934
StatTrak™ AK-47 | Redline (Field-Tested),StatTrak™ AK-47 | Redline (Field-Tested),Field-Tested,https://steamcommunity.com/market/listings/730/StatTrak%E2%84%A2%20AK-47%20%7C%20Redline%20%28Field-Tested%29,92.13,141,2026-07-07T15:26:06.530994
StatTrak™ AK-47 | Redline (Minimal Wear),StatTrak™ AK-47 | Redline (Minimal Wear),Minimal Wear,https://steamcommunity.com/market/listings/730/StatTrak%E2%84%A2%20AK-47%20%7C%20Redline%20%28Minimal%20Wear%29,510.0,12,2026-07-07T15:26:06.531053
StatTrak™ AK-47 | Redline (Well-Worn),StatTrak™ AK-47 | Redline (Well-Worn),Well-Worn,https://steamcommunity.com/market/listings/730/StatTrak%E2%84%A2%20AK-47%20%7C%20Redline%20%28Well-Worn%29,71.94,15,2026-07-07T15:26:06.531111
StatTrak™ AK-47 | Searing Rage (Battle-Scarred),StatTrak™ AK-47 | Searing Rage (Battle-Scarred),Battle-Scarred,https://steamcommunity.com/market/listings/730/StatTrak%E2%84%A2%20AK-47%20%7C%20Searing%20Rage%20%28Battle-Scarred%29,8.23,149,2026-07-07T15:26:06.531170
StatTrak™ AK-47 | Searing Rage (Factory New),StatTrak™ AK-47 | Searing Rage (Factory New),Factory New,https://steamcommunity.com/market/listings/730/StatTrak%E2%84%A2%20AK-47%20%7C%20Searing%20Rage%20%28Factory%20New%29,55.84,53,2026-07-07T15:26:08.475551
StatTrak™ AK-47 | Searing Rage (Field-Tested),StatTrak™ AK-47 | Searing Rage (Field-Tested),Field-Tested,https://steamcommunity.com/market/listings/730/StatTrak%E2%84%A2%20AK-47%20%7C%20Searing%20Rage%20%28Field-Tested%29,10.39,218,2026-07-07T15:26:08.475639
StatTrak™ AK-47 | Searing Rage (Minimal Wear),StatTrak™ AK-47 | Searing Rage (Minimal Wear),Minimal Wear,https://steamcommunity.com/market/listings/730/StatTrak%E2%84%A2%20AK-47%20%7C%20Searing%20Rage%20%28Minimal%20Wear%29,21.0,126,2026-07-07T15:26:08.475716
StatTrak™ AK-47 | Searing Rage (Well-Worn),StatTrak™ AK-47 | Searing Rage (Well-Worn),Well-Worn,https://steamcommunity.com/market/listings/730/StatTrak%E2%84%A2%20AK-47%20%7C%20Searing%20Rage%20%28Well-Worn%29,8.47,148,2026-07-07T15:26:08.475791
StatTrak™ AK-47 | Slate (Battle-Scarred),StatTrak™ AK-47 | Slate (Battle-Scarred),Battle-Scarred,https://steamcommunity.com/market/listings/730/StatTrak%E2%84%A2%20AK-47%20%7C%20Slate%20%28Battle-Scarred%29,14.57,161,2026-07-07T15:26:08.475865
StatTrak™ AK-47 | Slate (Factory New),StatTrak™ AK-47 | Slate (Factory New),Factory New,https://steamcommunity.com/market/listings/730/StatTrak%E2%84%A2%20AK-47%20%7C%20Slate%20%28Factory%20New%29,71.68,77,2026-07-07T15:26:08.475940
StatTrak™ AK-47 | Slate (Field-Tested),StatTrak™ AK-47 | Slate (Field-Tested),Field-Tested,https://steamcommunity.com/market/listings/730/StatTrak%E2%84%A2%20AK-47%20%7C%20Slate%20%28Field-Tested%29,19.27,424,2026-07-07T15:26:08.476013
StatTrak™ AK-47 | Slate (Minimal Wear),StatTrak™ AK-47 | Slate (Minimal Wear),Minimal Wear,https://steamcommunity.com/market/listings/730/StatTrak%E2%84%A2%20AK-47%20%7C%20Slate%20%28Minimal%20Wear%29,31.4,142,2026-07-07T15:26:08.476087
StatTrak™ AK-47 | Slate (Well-Worn),StatTrak™ AK-47 | Slate (Well-Worn),Well-Worn,https://steamcommunity.com/market/listings/730/StatTrak%E2%84%A2%20AK-47%20%7C%20Slate%20%28Well-Worn%29,15.44,199,2026-07-07T15:26:08.476172
StatTrak™ AK-47 | The Empress (Battle-Scarred),StatTrak™ AK-47 | The Empress (Battle-Scarred),Battle-Scarred,https://steamcommunity.com/market/listings/730/StatTrak%E2%84%A2%20AK-47%20%7C%20The%20Empress%20%28Battle-Scarred%29,131.3,11,2026-07-07T15:26:08.476249
StatTrak™ AK-47 | The Empress (Factory New),StatTrak™ AK-47 | The Empress (Factory New),Factory New,https://steamcommunity.com/market/listings/730/StatTrak%E2%84%A2%20AK-47%20%7C%20The%20Empress%20%28Factory%20New%29,697.91,3,2026-07-07T15:26:10.341858
StatTrak™ AK-47 | The Empress (Field-Tested),StatTrak™ AK-47 | The Empress (Field-Tested),Field-Tested,https://steamcommunity.com/market/listings/730/StatTrak%E2%84%A2%20AK-47%20%7C%20The%20Empress%20%28Field-Tested%29,156.94,28,2026-07-07T15:26:10.341939
StatTrak™ AK-47 | The Empress (Minimal Wear),StatTrak™ AK-47 | The Empress (Minimal Wear),Minimal Wear,https://steamcommunity.com/market/listings/730/StatTrak%E2%84%A2%20AK-47%20%7C%20The%20Empress%20%28Minimal%20Wear%29,267.67,16,2026-07-07T15:26:10.342007
StatTrak™ AK-47 | The Empress (Well-Worn),StatTrak™ AK-47 | The Empress (Well-Worn),Well-Worn,https://steamcommunity.com/market/listings/730/StatTrak%E2%84%A2%20AK-47%20%7C%20The%20Empress%20%28Well-Worn%29,134.73,16,2026-07-07T15:26:10.342073
StatTrak™ AK-47 | The Oligarch (Battle-Scarred),StatTrak™ AK-47 | The Oligarch (Battle-Scarred),Battle-Scarred,https://steamcommunity.com/market/listings/730/StatTrak%E2%84%A2%20AK-47%20%7C%20The%20Oligarch%20%28Battle-Scarred%29,73.0,27,2026-07-07T15:26:10.342139
StatTrak™ AK-47 | The Oligarch (Factory New),StatTrak™ AK-47 | The Oligarch (Factory New),Factory New,https://steamcommunity.com/market/listings/730/StatTrak%E2%84%A2%20AK-47%20%7C%20The%20Oligarch%20%28Factory%20New%29,798.99,3,2026-07-07T15:26:10.342204
StatTrak™ AK-47 | The Oligarch (Field-Tested),StatTrak™ AK-47 | The Oligarch (Field-Tested),Field-Tested,https://steamcommunity.com/market/listings/730/StatTrak%E2%84%A2%20AK-47%20%7C%20The%20Oligarch%20%28Field-Tested%29,166.75,31,2026-07-07T15:26:10.342268
StatTrak™ AK-47 | The Oligarch (Minimal Wear),StatTrak™ AK-47 | The Oligarch (Minimal Wear),Minimal Wear,https://steamcommunity.com/market/listings/730/StatTrak%E2%84%A2%20AK-47%20%7C%20The%20Oligarch%20%28Minimal%20Wear%29,326.98,30,2026-07-07T15:26:10.342334
StatTrak™ AK-47 | The Oligarch (Well-Worn),StatTrak™ AK-47 | The Oligarch (Well-Worn),Well-Worn,https://steamcommunity.com/market/listings/730/StatTrak%E2%84%A2%20AK-47%20%7C%20The%20Oligarch%20%28Well-Worn%29,109.36,24,2026-07-07T15:26:10.342401
StatTrak™ AK-47 | The Outsiders (Battle-Scarred),StatTrak™ AK-47 | The Outsiders (Battle-Scarred),Battle-Scarred,https://steamcommunity.com/market/listings/730/StatTrak%E2%84%A2%20AK-47%20%7C%20The%20Outsiders%20%28Battle-Scarred%29,19.86,43,2026-07-07T15:26:10.342466
StatTrak™ AK-47 | The Outsiders (Factory New),StatTrak™ AK-47 | The Outsiders (Factory New),Factory New,https://steamcommunity.com/market/listings/730/StatTrak%E2%84%A2%20AK-47%20%7C%20The%20Outsiders%20%28Factory%20New%29,141.51,11,2026-07-07T15:26:12.167524
StatTrak™ AK-47 | The Outsiders (Field-Tested),StatTrak™ AK-47 | The Outsiders (Field-Tested),Field-Tested,https://steamcommunity.com/market/listings/730/StatTrak%E2%84%A2%20AK-47%20%7C%20The%20Outsiders%20%28Field-Tested%29,24.84,62,2026-07-07T15:26:12.167593
StatTrak™ AK-47 | The Outsiders (Minimal Wear),StatTrak™ AK-47 | The Outsiders (Minimal Wear),Minimal Wear,https://steamcommunity.com/market/listings/730/StatTrak%E2%84%A2%20AK-47%20%7C%20The%20Outsiders%20%28Minimal%20Wear%29,47.0,39,2026-07-07T15:26:12.167654
StatTrak™ AK-47 | The Outsiders (Well-Worn),StatTrak™ AK-47 | The Outsiders (Well-Worn),Well-Worn,https://steamcommunity.com/market/listings/730/StatTrak%E2%84%A2%20AK-47%20%7C%20The%20Outsiders%20%28Well-Worn%29,20.16,31,2026-07-07T15:26:12.167714
StatTrak™ AK-47 | Uncharted (Battle-Scarred),StatTrak™ AK-47 | Uncharted (Battle-Scarred),Battle-Scarred,https://steamcommunity.com/market/listings/730/StatTrak%E2%84%A2%20AK-47%20%7C%20Uncharted%20%28Battle-Scarred%29,2.89,268,2026-07-07T15:26:12.167774
StatTrak™ AK-47 | Uncharted (Factory New),StatTrak™ AK-47 | Uncharted (Factory New),Factory New,https://steamcommunity.com/market/listings/730/StatTrak%E2%84%A2%20AK-47%20%7C%20Uncharted%20%28Factory%20New%29,7.4,191,2026-07-07T15:26:12.167834
StatTrak™ AK-47 | Uncharted (Field-Tested),StatTrak™ AK-47 | Uncharted (Field-Tested),Field-Tested,https://steamcommunity.com/market/listings/730/StatTrak%E2%84%A2%20AK-47%20%7C%20Uncharted%20%28Field-Tested%29,2.73,879,2026-07-07T15:26:12.167893
StatTrak™ AK-47 | Uncharted (Minimal Wear),StatTrak™ AK-47 | Uncharted (Minimal Wear),Minimal Wear,https://steamcommunity.com/market/listings/730/StatTrak%E2%84%A2%20AK-47%20%7C%20Uncharted%20%28Minimal%20Wear%29,3.73,410,2026-07-07T15:26:12.167952
StatTrak™ AK-47 | Uncharted (Well-Worn),StatTrak™ AK-47 | Uncharted (Well-Worn),Well-Worn,https://steamcommunity.com/market/listings/730/StatTrak%E2%84%A2%20AK-47%20%7C%20Uncharted%20%28Well-Worn%29,3.19,86,2026-07-07T15:26:12.168016
StatTrak™ AK-47 | Vulcan (Battle-Scarred),StatTrak™ AK-47 | Vulcan (Battle-Scarred),Battle-Scarred,https://steamcommunity.com/market/listings/730/StatTrak%E2%84%A2%20AK-47%20%7C%20Vulcan%20%28Battle-Scarred%29,272.97,4,2026-07-07T15:26:12.168076
StatTrak™ AK-47 | Vulcan (Field-Tested),StatTrak™ AK-47 | Vulcan (Field-Tested),Field-Tested,https://steamcommunity.com/market/listings/730/StatTrak%E2%84%A2%20AK-47%20%7C%20Vulcan%20%28Field-Tested%29,468.17,13,2026-07-07T15:26:13.997445
StatTrak™ AK-47 | Vulcan (Minimal Wear),StatTrak™ AK-47 | Vulcan (Minimal Wear),Minimal Wear,https://steamcommunity.com/market/listings/730/StatTrak%E2%84%A2%20AK-47%20%7C%20Vulcan%20%28Minimal%20Wear%29,1399.98,6,2026-07-07T15:26:13.997531
StatTrak™ AK-47 | Vulcan (Well-Worn),StatTrak™ AK-47 | Vulcan (Well-Worn),Well-Worn,https://steamcommunity.com/market/listings/730/StatTrak%E2%84%A2%20AK-47%20%7C%20Vulcan%20%28Well-Worn%29,379.51,7,2026-07-07T15:26:13.997599
StatTrak™ AK-47 | Wasteland Rebel (Battle-Scarred),StatTrak™ AK-47 | Wasteland Rebel (Battle-Scarred),Battle-Scarred,https://steamcommunity.com/market/listings/730/StatTrak%E2%84%A2%20AK-47%20%7C%20Wasteland%20Rebel%20%28Battle-Scarred%29,142.68,7,2026-07-07T15:26:13.997666
StatTrak™ AK-47 | Wasteland Rebel (Field-Tested),StatTrak™ AK-47 | Wasteland Rebel (Field-Tested),Field-Tested,https://steamcommunity.com/market/listings/730/StatTrak%E2%84%A2%20AK-47%20%7C%20Wasteland%20Rebel%20%28Field-Tested%29,141.98,13,2026-07-07T15:26:13.997733
StatTrak™ AK-47 | Wasteland Rebel (Minimal Wear),StatTrak™ AK-47 | Wasteland Rebel (Minimal Wear),Minimal Wear,https://steamcommunity.com/market/listings/730/StatTrak%E2%84%A2%20AK-47%20%7C%20Wasteland%20Rebel%20%28Minimal%20Wear%29,289.22,9,2026-07-07T15:26:13.997794
StatTrak™ AK-47 | Wasteland Rebel (Well-Worn),StatTrak™ AK-47 | Wasteland Rebel (Well-Worn),Well-Worn,https://steamcommunity.com/market/listings/730/StatTrak%E2%84%A2%20AK-47%20%7C%20Wasteland%20Rebel%20%28Well-Worn%29,190.5,5,2026-07-07T15:26:13.997852
