name,hash_name,wear,url,price_usd,quantity,scraped_at
AK-47 | Aphrodite (Battle-Scarred),AK-47 | Aphrodite (Battle-Scarred),Battle-Scarred,https://steamcommunity.com/market/listings/730/AK-47%20%7C%20Aphrodite%20%28Battle-Scarred%29,16.46,738,2026-07-07T14:32:07.871047
AK-47 | Aphrodite (Factory New),AK-47 | Aphrodite (Factory New),Factory New,https://steamcommunity.com/market/listings/730/AK-47%20%7C%20Aphrodite%20%28Factory%20New%29,668.21,55,2026-07-07T14:32:07.871105
AK-47 | Aphrodite (Field-Tested),AK-47 | Aphrodite (Field-Tested),Field-Tested,https://steamcommunity.com/market/listings/730/AK-47%20%7C%20Aphrodite%20%28Field-Tested%29,25.3,797,2026-07-07T14:32:07.871151
AK-47 | Aphrodite (Minimal Wear),AK-47 | Aphrodite (Minimal Wear),Minimal Wear,https://steamcommunity.com/market/listings/730/AK-47%20%7C%20Aphrodite%20%28Minimal%20Wear%29,54.88,659,2026-07-07T14:32:07.871194
AK-47 | Aphrodite (Well-Worn),AK-47 | Aphrodite (Well-Worn),Well-Worn,https://steamcommunity.com/market/listings/730/AK-47%20%7C%20Aphrodite%20%28Well-Worn%29,18.56,753,2026-07-07T14:32:07.871236
AK-47 | Aquamarine Revenge (Battle-Scarred),AK-47 | Aquamarine Revenge (Battle-Scarred),Battle-Scarred,https://steamcommunity.com/market/listings/730/AK-47%20%7C%20Aquamarine%20Revenge%20%28Battle-Scarred%29,43.7,36,2026-07-07T14:32:07.871278
AK-47 | Aquamarine Revenge (Factory New),AK-47 | Aquamarine Revenge (Factory New),Factory New,https://steamcommunity.com/market/listings/730/AK-47%20%7C%20Aquamarine%20Revenge%20%28Factory%20New%29,274.66,41,2026-07-07T14:32:07.871319
AK-47 | Aquamarine Revenge (Field-Tested),AK-47 | Aquamarine Revenge (Field-Tested),Field-Tested,https://steamcommunity.com/market/listings/730/AK-47%20%7C%20Aquamarine%20Revenge%20%28Field-Tested%29,53.21,152,2026-07-07T14:32:07.871359
AK-47 | Aquamarine Revenge (Minimal Wear),AK-47 | Aquamarine Revenge (Minimal Wear),Minimal Wear,https://steamcommunity.com/market/listings/730/AK-47%20%7C%20Aquamarine%20Revenge%20%28Minimal%20Wear%29,90.85,91,2026-07-07T14:32:07.871400
AK-47 | Aquamarine Revenge (Well-Worn),AK-47 | Aquamarine Revenge (Well-Worn),Well-Worn,https://steamcommunity.com/market/listings/730/AK-47%20%7C%20Aquamarine%20Revenge%20%28Well-Worn%29,43.08,50,2026-07-07T14:32:07.871440
AK-47 | Asiimov (Battle-Scarred),AK-47 | Asiimov (Battle-Scarred),Battle-Scarred,https://steamcommunity.com/market/listings/730/AK-47%20%7C%20Asiimov%20%28Battle-Scarred%29,53.76,49,2026-07-07T14:32:09.735492
AK-47 | Asiimov (Factory New),AK-47 | Asiimov (Factory New),Factory New,https://steamcommunity.com/market/listings/730/AK-47%20%7C%20Asiimov%20%28Factory%20New%29,563.47,13,2026-07-07T14:32:09.735553
AK-47 | Asiimov (Field-Tested),AK-47 | Asiimov (Field-Tested),Field-Tested,https://steamcommunity.com/market/listings/730/AK-47%20%7C%20Asiimov%20%28Field-Tested%29,58.57,344,2026-07-07T14:32:09.735603
AK-47 | Asiimov (Minimal Wear),AK-47 | Asiimov (Minimal Wear),Minimal Wear,https://steamcommunity.com/market/listings/730/AK-47%20%7C%20Asiimov%20%28Minimal%20Wear%29,82.85,205,2026-07-07T14:32:09.735652
AK-47 | Asiimov (Well-Worn),AK-47 | Asiimov (Well-Worn),Well-Worn,https://steamcommunity.com/market/listings/730/AK-47%20%7C%20Asiimov%20%28Well-Worn%29,57.67,49,2026-07-07T14:32:09.735700
AK-47 | B the Monster (Battle-Scarred),AK-47 | B the Monster (Battle-Scarred),Battle-Scarred,https://steamcommunity.com/market/listings/730/AK-47%20%7C%20B%20the%20Monster%20%28Battle-Scarred%29,95.0,59,2026-07-07T14:32:09.735746
AK-47 | B the Monster (Factory New),AK-47 | B the Monster (Factory New),Factory New,https://steamcommunity.com/market/listings/730/AK-47%20%7C%20B%20the%20Monster%20%28Factory%20New%29,858.86,11,2026-07-07T14:32:09.735794
AK-47 | B the Monster (Field-Tested),AK-47 | B the Monster (Field-Tested),Field-Tested,https://steamcommunity.com/market/listings/730/AK-47%20%7C%20B%20the%20Monster%20%28Field-Tested%29,189.1,125,2026-07-07T14:32:09.735840
AK-47 | B the Monster (Minimal Wear),AK-47 | B the Monster (Minimal Wear),Minimal Wear,https://steamcommunity.com/market/listings/730/AK-47%20%7C%20B%20the%20Monster%20%28Minimal%20Wear%29,334.96,70,2026-07-07T14:32:09.735886
AK-47 | B the Monster (Well-Worn),AK-47 | B the Monster (Well-Worn),Well-Worn,https://steamcommunity.com/market/listings/730/AK-47%20%7C%20B%20the%20Monster%20%28Well-Worn%29,157.67,19,2026-07-07T14:32:09.735933
AK-47 | Baroque Purple (Battle-Scarred),AK-47 | Baroque Purple (Battle-Scarred),Battle-Scarred,https://steamcommunity.com/market/listings/730/AK-47%20%7C%20Baroque%20Purple%20%28Battle-Scarred%29,7.6,59,2026-07-07T14:32:11.653271
AK-47 | Baroque Purple (Factory New),AK-47 | Baroque Purple (Factory New),Factory New,https://steamcommunity.com/market/listings/730/AK-47%20%7C%20Baroque%20Purple%20%28Factory%20New%29,126.62,34,2026-07-07T14:32:11.653364
AK-47 | Baroque Purple (Field-Tested),AK-47 | Baroque Purple (Field-Tested),Field-Tested,https://steamcommunity.com/market/listings/730/AK-47%20%7C%20Baroque%20Purple%20%28Field-Tested%29,7.6,117,2026-07-07T14:32:11.653441
AK-47 | Baroque Purple (Minimal Wear),AK-47 | Baroque Purple (Minimal Wear),Minimal Wear,https://steamcommunity.com/market/listings/730/AK-47%20%7C%20Baroque%20Purple%20%28Minimal%20Wear%29,14.38,114,2026-07-07T14:32:11.653516
AK-47 | Baroque Purple (Well-Worn),AK-47 | Baroque Purple (Well-Worn),Well-Worn,https://steamcommunity.com/market/listings/730/AK-47%20%7C%20Baroque%20Purple%20%28Well-Worn%29,7.62,83,2026-07-07T14:32:11.653591
AK-47 | Black Laminate (Battle-Scarred),AK-47 | Black Laminate (Battle-Scarred),Battle-Scarred,https://steamcommunity.com/market/listings/730/AK-47%20%7C%20Black%20Laminate%20%28Battle-Scarred%29,52.53,12,2026-07-07T14:32:11.653666
AK-47 | Black Laminate (Factory New),AK-47 | Black Laminate (Factory New),Factory New,https://steamcommunity.com/market/listings/730/AK-47%20%7C%20Black%20Laminate%20%28Factory%20New%29,709.98,5,2026-07-07T14:32:11.653741
AK-47 | Black Laminate (Field-Tested),AK-47 | Black Laminate (Field-Tested),Field-Tested,https://steamcommunity.com/market/listings/730/AK-47%20%7C%20Black%20Laminate%20%28Field-Tested%29,51.99,52,2026-07-07T14:32:11.653815
AK-47 | Black Laminate (Minimal Wear),AK-47 | Black Laminate (Minimal Wear),Minimal Wear,https://steamcommunity.com/market/listings/730/AK-47%20%7C%20Black%20Laminate%20%28Minimal%20Wear%29,103.27,61,2026-07-07T14:32:11.653889
AK-47 | Black Laminate (Well-Worn),AK-47 | Black Laminate (Well-Worn),Well-Worn,https://steamcommunity.com/market/listings/730/AK-47%20%7C%20Black%20Laminate%20%28Well-Worn%29,54.7,7,2026-07-07T14:32:11.653962
AK-47 | Bloodsport (Factory New),AK-47 | Bloodsport (Factory New),Factory New,https://steamcommunity.com/market/listings/730/AK-47%20%7C%20Bloodsport%20%28Factory%20New%29,253.26,90,2026-07-07T14:32:13.520801
AK-47 | Bloodsport (Field-Tested),AK-47 | Bloodsport (Field-Tested),Field-Tested,https://steamcommunity.com/market/listings/730/AK-47%20%7C%20Bloodsport%20%28Field-Tested%29,181.93,83,2026-07-07T14:32:13.520891
AK-47 | Bloodsport (Minimal Wear),AK-47 | Bloodsport (Minimal Wear),Minimal Wear,https://steamcommunity.com/market/listings/730/AK-47%20%7C%20Bloodsport%20%28Minimal%20Wear%29,205.0,59,2026-07-07T14:32:13.520967
AK-47 | Bloodsport (Well-Worn),AK-47 | Bloodsport (Well-Worn),Well-Worn,https://steamcommunity.com/market/listings/730/AK-47%20%7C%20Bloodsport%20%28Well-Worn%29,199.57,15,2026-07-07T14:32:13.521042
AK-47 | Blue Laminate (Factory New),AK-47 | Blue Laminate (Factory New),Factory New,https://steamcommunity.com/market/listings/730/AK-47%20%7C%20Blue%20Laminate%20%28Factory%20New%29,76.38,488,2026-07-07T14:32:13.521120
AK-47 | Blue Laminate (Field-Tested),AK-47 | Blue Laminate (Field-Tested),Field-Tested,https://steamcommunity.com/market/listings/730/AK-47%20%7C%20Blue%20Laminate%20%28Field-Tested%29,20.58,438,2026-07-07T14:32:13.521195
AK-47 | Blue Laminate (Minimal Wear),AK-47 | Blue Laminate (Minimal Wear),Minimal Wear,https://steamcommunity.com/market/listings/730/AK-47%20%7C%20Blue%20Laminate%20%28Minimal%20Wear%29,23.15,591,2026-07-07T14:32:13.521268
AK-47 | Blue Laminate (Well-Worn),AK-47 | Blue Laminate (Well-Worn),Well-Worn,https://steamcommunity.com/market/listings/730/AK-47%20%7C%20Blue%20Laminate%20%28Well-Worn%29,30.01,26,2026-07-07T14:32:13.521344
AK-47 | Breakthrough (Battle-Scarred),AK-47 | Breakthrough (Battle-Scarred),Battle-Scarred,https://steamcommunity.com/market/listings/730/AK-47%20%7C%20Breakthrough%20%28Battle-Scarred%29,2.95,130,2026-07-07T14:32:13.521417
AK-47 | Breakthrough (Factory New),AK-47 | Breakthrough (Factory New),Factory New,https://steamcommunity.com/market/listings/730/AK-47%20%7C%20Breakthrough%20%28Factory%20New%29,19.66,198,2026-07-07T14:32:13.521491
AK-47 | Breakthrough (Field-Tested),AK-47 | Breakthrough (Field-Tested),Field-Tested,https://steamcommunity.com/market/listings/730/AK-47%20%7C%20Breakthrough%20%28Field-Tested%29,3.8,554,2026-07-07T14:32:15.396710
AK-47 | Breakthrough (Minimal Wear),AK-47 | Breakthrough (Minimal Wear),Minimal Wear,https://steamcommunity.com/market/listings/730/AK-47%20%7C%20Breakthrough%20%28Minimal%20Wear%29,7.65,306,2026-07-07T14:32:15.396815
AK-47 | Breakthrough (Well-Worn),AK-47 | Breakthrough (Well-Worn),Well-Worn,https://steamcommunity.com/market/listings/730/AK-47%20%7C%20Breakthrough%20%28Well-Worn%29,3.77,120,2026-07-07T14:32:15.396920
AK-47 | Cartel (Battle-Scarred),AK-47 | Cartel (Battle-Scarred),Battle-Scarred,https://steamcommunity.com/market/listings/730/AK-47%20%7C%20Cartel%20%28Battle-Scarred%29,21.87,52,2026-07-07T14:32:15.397008
AK-47 | Cartel (Factory New),AK-47 | Cartel (Factory New),Factory New,https://steamcommunity.com/market/listings/730/AK-47%20%7C%20Cartel%20%28Factory%20New%29,90.85,100,2026-07-07T14:32:15.397094
AK-47 | Cartel (Field-Tested),AK-47 | Cartel (Field-Tested),Field-Tested,https://steamcommunity.com/market/listings/730/AK-47%20%7C%20Cartel%20%28Field-Tested%29,21.85,340,2026-07-07T14:32:15.397180
AK-47 | Cartel (Minimal Wear),AK-47 | Cartel (Minimal Wear),Minimal Wear,https://steamcommunity.com/market/listings/730/AK-47%20%7C%20Cartel%20%28Minimal%20Wear%29,29.62,211,2026-07-07T14:32:15.397268
AK-47 | Cartel (Well-Worn),AK-47 | Cartel (Well-Worn),Well-Worn,https://steamcommunity.com/market/listings/730/AK-47%20%7C%20Cartel%20%28Well-Worn%29,26.11,14,2026-07-07T14:32:15.397354
AK-47 | Case Hardened (Battle-Scarred),AK-47 | Case Hardened (Battle-Scarred),Battle-Scarred,https://steamcommunity.com/market/listings/730/AK-47%20%7C%20Case%20Hardened%20%28Battle-Scarred%29,251.21,38,2026-07-07T14:32:15.397439
AK-47 | Case Hardened (Factory New),AK-47 | Case Hardened (Factory New),Factory New,https://steamcommunity.com/market/listings/730/AK-47%20%7C%20Case%20Hardened%20%28Factory%20New%29,802.97,24,2026-07-07T14:32:15.397523
AK-47 | Case Hardened (Field-Tested),AK-47 | Case Hardened (Field-Tested),Field-Tested,https://steamcommunity.com/market/listings/730/AK-47%20%7C%20Case%20Hardened%20%28Field-Tested%29,336.84,86,2026-07-07T14:32:17.280919
AK-47 | Case Hardened (Minimal Wear),AK-47 | Case Hardened (Minimal Wear),Minimal Wear,https://steamcommunity.com/market/listings/730/AK-47%20%7C%20Case%20Hardened%20%28Minimal%20Wear%29,378.69,83,2026-07-07T14:32:17.280970
AK-47 | Case Hardened (Well-Worn),AK-47 | Case Hardened (Well-Worn),Well-Worn,https://steamcommunity.com/market/listings/730/AK-47%20%7C%20Case%20Hardened%20%28Well-Worn%29,274.44,47,2026-07-07T14:32:17.281014
AK-47 | Crane Flight (Battle-Scarred),AK-47 | Crane Flight (Battle-Scarred),Battle-Scarred,https://steamcommunity.com/market/listings/730/AK-47%20%7C%20Crane%20Flight%20%28Battle-Scarred%29,13.43,325,2026-07-07T14:32:17.281055
AK-47 | Crane Flight (Factory New),AK-47 | Crane Flight (Factory New),Factory New,https://steamcommunity.com/market/listings/730/AK-47%20%7C%20Crane%20Flight%20%28Factory%20New%29,99.84,118,2026-07-07T14:32:17.281097
AK-47 | Crane Flight (Field-Tested),AK-47 | Crane Flight (Field-Tested),Field-Tested,https://steamcommunity.com/market/listings/730/AK-47%20%7C%20Crane%20Flight%20%28Field-Tested%29,21.12,702,2026-07-07T14:32:17.281138
AK-47 | Crane Flight (Minimal Wear),AK-47 | Crane Flight (Minimal Wear),Minimal Wear,https://steamcommunity.com/market/listings/730/AK-47%20%7C%20Crane%20Flight%20%28Minimal%20Wear%29,38.68,557,2026-07-07T14:32:17.281179
AK-47 | Crane Flight (Well-Worn),AK-47 | Crane Flight (Well-Worn),Well-Worn,https://steamcommunity.com/market/listings/730/AK-47%20%7C%20Crane%20Flight%20%28Well-Worn%29,15.83,462,2026-07-07T14:32:17.281222
AK-47 | Crossfade (Battle-Scarred),AK-47 | Crossfade (Battle-Scarred),Battle-Scarred,https://steamcommunity.com/market/listings/730/AK-47%20%7C%20Crossfade%20%28Battle-Scarred%29,2.72,144,2026-07-07T14:32:17.281263
AK-47 | Crossfade (Factory New),AK-47 | Crossfade (Factory New),Factory New,https://steamcommunity.com/market/listings/730/AK-47%20%7C%20Crossfade%20%28Factory%20New%29,9.54,414,2026-07-07T14:32:17.281307
AK-47 | Crossfade (Field-Tested),AK-47 | Crossfade (Field-Tested),Field-Tested,https://steamcommunity.com/market/listings/730/AK-47%20%7C%20Crossfade%20%28Field-Tested%29,2.83,540,2026-07-07T14:32:19.131990
AK-47 | Crossfade (Minimal Wear),AK-47 | Crossfade (Minimal Wear),Minimal Wear,https://steamcommunity.com/market/listings/730/AK-47%20%7C%20Crossfade%20%28Minimal%20Wear%29,4.1,381,2026-07-07T14:32:19.132103
AK-47 | Crossfade (Well-Worn),AK-47 | Crossfade (Well-Worn),Well-Worn,https://steamcommunity.com/market/listings/730/AK-47%20%7C%20Crossfade%20%28Well-Worn%29,2.8,223,2026-07-07T14:32:19.132198
AK-47 | Elite Build (Battle-Scarred),AK-47 | Elite Build (Battle-Scarred),Battle-Scarred,https://steamcommunity.com/market/listings/730/AK-47%20%7C%20Elite%20Build%20%28Battle-Scarred%29,1.97,1690,2026-07-07T14:32:19.132290
AK-47 | Elite Build (Factory New),AK-47 | Elite Build (Factory New),Factory New,https://steamcommunity.com/market/listings/730/AK-47%20%7C%20Elite%20Build%20%28Factory%20New%29,15.19,371,2026-07-07T14:32:19.132378
AK-47 | Elite Build (Field-Tested),AK-47 | Elite Build (Field-Tested),Field-Tested,https://steamcommunity.com/market/listings/730/AK-47%20%7C%20Elite%20Build%20%28Field-Tested%29,2.37,2241,2026-07-07T14:32:19.132469
AK-47 | Elite Build (Minimal Wear),AK-47 | Elite Build (Minimal Wear),Minimal Wear,https://steamcommunity.com/market/listings/730/AK-47%20%7C%20Elite%20Build%20%28Minimal%20Wear%29,3.93,1190,2026-07-07T14:32:19.132559
AK-47 | Elite Build (Well-Worn),AK-47 | Elite Build (Well-Worn),Well-Worn,https://steamcommunity.com/market/listings/730/AK-47%20%7C%20Elite%20Build%20%28Well-Worn%29,2.11,3049,2026-07-07T14:32:19.132650
AK-47 | Emerald Pinstripe (Battle-Scarred),AK-47 | Emerald Pinstripe (Battle-Scarred),Battle-Scarred,https://steamcommunity.com/market/listings/730/AK-47%20%7C%20Emerald%20Pinstripe%20%28Battle-Scarred%29,3.15,423,2026-07-07T14:32:19.132740
AK-47 | Emerald Pinstripe (Factory New),AK-47 | Emerald Pinstripe (Factory New),Factory New,https://steamcommunity.com/market/listings/730/AK-47%20%7C%20Emerald%20Pinstripe%20%28Factory%20New%29,39.37,114,2026-07-07T14:32:19.132827
AK-47 | Emerald Pinstripe (Field-Tested),AK-47 | Emerald Pinstripe (Field-Tested),Field-Tested,https://steamcommunity.com/market/listings/730/AK-47%20%7C%20Emerald%20Pinstripe%20%28Field-Tested%29,3.39,779,2026-07-07T14:32:21.033642
AK-47 | Emerald Pinstripe (Minimal Wear),AK-47 | Emerald Pinstripe (Minimal Wear),Minimal Wear,https://steamcommunity.com/market/listings/730/AK-47%20%7C%20Emerald%20Pinstripe%20%28Minimal%20Wear%29,5.47,564,2026-07-07T14:32:21.033769
AK-47 | Emerald Pinstripe (Well-Worn),AK-47 | Emerald Pinstripe (Well-Worn),Well-Worn,https://steamcommunity.com/market/listings/730/AK-47%20%7C%20Emerald%20Pinstripe%20%28Well-Worn%29,3.22,491,2026-07-07T14:32:21.033877
AK-47 | Fire Serpent (Battle-Scarred),AK-47 | Fire Serpent (Battle-Scarred),Battle-Scarred,https://steamcommunity.com/market/listings/730/AK-47%20%7C%20Fire%20Serpent%20%28Battle-Scarred%29,830.99,2,2026-07-07T14:32:21.033981
AK-47 | Fire Serpent (Field-Tested),AK-47 | Fire Serpent (Field-Tested),Field-Tested,https://steamcommunity.com/market/listings/730/AK-47%20%7C%20Fire%20Serpent%20%28Field-Tested%29,1205.67,11,2026-07-07T14:32:21.034085
AK-47 | Fire Serpent (Well-Worn),AK-47 | Fire Serpent (Well-Worn),Well-Worn,https://steamcommunity.com/market/listings/730/AK-47%20%7C%20Fire%20Serpent%20%28Well-Worn%29,1620.92,1,2026-07-07T14:32:21.034187
AK-47 | First Class (Battle-Scarred),AK-47 | First Class (Battle-Scarred),Battle-Scarred,https://steamcommunity.com/market/listings/730/AK-47%20%7C%20First%20Class%20%28Battle-Scarred%29,115.77,5,2026-07-07T14:32:21.034292
AK-47 | First Class (Factory New),AK-47 | First Class (Factory New),Factory New,https://steamcommunity.com/market/listings/730/AK-47%20%7C%20First%20Class%20%28Factory%20New%29,296.88,7,2026-07-07T14:32:21.034393
AK-47 | First Class (Field-Tested),AK-47 | First Class (Field-Tested),Field-Tested,https://steamcommunity.com/market/listings/730/AK-47%20%7C%20First%20Class%20%28Field-Tested%29,140.0,19,2026-07-07T14:32:21.034495
AK-47 | First Class (Minimal Wear),AK-47 | First Class (Minimal Wear),Minimal Wear,https://steamcommunity.com/market/listings/730/AK-47%20%7C%20First%20Class%20%28Minimal%20Wear%29,172.36,7,2026-07-07T14:32:21.034598
AK-47 | First Class (Well-Worn),AK-47 | First Class (Well-Worn),Well-Worn,https://steamcommunity.com/market/listings/730/AK-47%20%7C%20First%20Class%20%28Well-Worn%29,118.17,4,2026-07-07T14:32:23.011898
AK-47 | Frontside Misty (Battle-Scarred),AK-47 | Frontside Misty (Battle-Scarred),Battle-Scarred,https://steamcommunity.com/market/listings/730/AK-47%20%7C%20Frontside%20Misty%20%28Battle-Scarred%29,20.19,100,2026-07-07T14:32:23.011978
AK-47 | Frontside Misty (Factory New),AK-47 | Frontside Misty (Factory New),Factory New,https://steamcommunity.com/market/listings/730/AK-47%20%7C%20Frontside%20Misty%20%28Factory%20New%29,180.09,46,2026-07-07T14:32:23.012047
AK-47 | Frontside Misty (Field-Tested),AK-47 | Frontside Misty (Field-Tested),Field-Tested,https://steamcommunity.com/market/listings/730/AK-47%20%7C%20Frontside%20Misty%20%28Field-Tested%29,21.9,467,2026-07-07T14:32:23.012115
AK-47 | Frontside Misty (Minimal Wear),AK-47 | Frontside Misty (Minimal Wear),Minimal Wear,https://steamcommunity.com/market/listings/730/AK-47%20%7C%20Frontside%20Misty%20%28Minimal%20Wear%29,40.34,207,2026-07-07T14:32:23.012182
AK-47 | Frontside Misty (Well-Worn),AK-47 | Frontside Misty (Well-Worn),Well-Worn,https://steamcommunity.com/market/listings/730/AK-47%20%7C%20Frontside%20Misty%20%28Well-Worn%29,23.0,99,2026-07-07T14:32:23.012249
AK-47 | Fuel Injector (Battle-Scarred),AK-47 | Fuel Injector (Battle-Scarred),Battle-Scarred,https://steamcommunity.com/market/listings/730/AK-47%20%7C%20Fuel%20Injector%20%28Battle-Scarred%29,146.88,19,2026-07-07T14:32:23.012315
AK-47 | Fuel Injector (Factory New),AK-47 | Fuel Injector (Factory New),Factory New,https://steamcommunity.com/market/listings/730/AK-47%20%7C%20Fuel%20Injector%20%28Factory%20New%29,812.2,15,2026-07-07T14:32:23.012381
AK-47 | Fuel Injector (Field-Tested),AK-47 | Fuel Injector (Field-Tested),Field-Tested,https://steamcommunity.com/market/listings/730/AK-47%20%7C%20Fuel%20Injector%20%28Field-Tested%29,227.55,49,2026-07-07T14:32:23.012447
AK-47 | Fuel Injector (Minimal Wear),AK-47 | Fuel Injector (Minimal Wear),Minimal Wear,https://steamcommunity.com/market/listings/730/AK-47%20%7C%20Fuel%20Injector%20%28Minimal%20Wear%29,301.5,41,2026-07-07T14:32:23.012513
AK-47 | Fuel Injector (Well-Worn),AK-47 | Fuel Injector (Well-Worn),Well-Worn,https://steamcommunity.com/market/listings/730/AK-47%20%7C%20Fuel%20Injector%20%28Well-Worn%29,168.51,32,2026-07-07T14:32:24.894839
AK-47 | Green Laminate (Factory New),AK-47 | Green Laminate (Factory New),Factory New,https://steamcommunity.com/market/listings/730/AK-47%20%7C%20Green%20Laminate%20%28Factory%20New%29,88.96,49,2026-07-07T14:32:24.894984
AK-47 | Green Laminate (Field-Tested),AK-47 | Green Laminate (Field-Tested),Field-Tested,https://steamcommunity.com/market/listings/730/AK-47%20%7C%20Green%20Laminate%20%28Field-Tested%29,33.44,38,2026-07-07T14:32:24.895104
AK-47 | Green Laminate (Minimal Wear),AK-47 | Green Laminate (Minimal Wear),Minimal Wear,https://steamcommunity.com/market/listings/730/AK-47%20%7C%20Green%20Laminate%20%28Minimal%20Wear%29,31.97,46,2026-07-07T14:32:24.895210
AK-47 | Green Laminate (Well-Worn),AK-47 | Green Laminate (Well-Worn),Well-Worn,https://steamcommunity.com/market/listings/730/AK-47%20%7C%20Green%20Laminate%20%28Well-Worn%29,64.32,7,2026-07-07T14:32:24.895315
AK-47 | Head Shot (Battle-Scarred),AK-47 | Head Shot (Battle-Scarred),Battle-Scarred,https://steamcommunity.com/market/listings/730/AK-47%20%7C%20Head%20Shot%20%28Battle-Scarred%29,34.5,124,2026-07-07T14:32:24.895416
AK-47 | Head Shot (Factory New),AK-47 | Head Shot (Factory New),Factory New,https://steamcommunity.com/market/listings/730/AK-47%20%7C%20Head%20Shot%20%28Factory%20New%29,157.58,44,2026-07-07T14:32:24.895512
AK-47 | Head Shot (Field-Tested),AK-47 | Head Shot (Field-Tested),Field-Tested,https://steamcommunity.com/market/listings/730/AK-47%20%7C%20Head%20Shot%20%28Field-Tested%29,48.58,260,2026-07-07T14:32:24.895712
AK-47 | Head Shot (Minimal Wear),AK-47 | Head Shot (Minimal Wear),Minimal Wear,https://steamcommunity.com/market/listings/730/AK-47%20%7C%20Head%20Shot%20%28Minimal%20Wear%29,74.58,182,2026-07-07T14:32:24.895921
AK-47 | Head Shot (Well-Worn),AK-47 | Head Shot (Well-Worn),Well-Worn,https://steamcommunity.com/market/listings/730/AK-47%20%7C%20Head%20Shot%20%28Well-Worn%29,41.99,179,2026-07-07T14:32:24.896016
AK-47 | Hydroponic (Battle-Scarred),AK-47 | Hydroponic (Battle-Scarred),Battle-Scarred,https://steamcommunity.com/market/listings/730/AK-47%20%7C%20Hydroponic%20%28Battle-Scarred%29,1313.13,1,2026-07-07T14:32:26.820590
AK-47 | Ice Coaled (Battle-Scarred),AK-47 | Ice Coaled (Battle-Scarred),Battle-Scarred,https://steamcommunity.com/market/listings/730/AK-47%20%7C%20Ice%20Coaled%20%28Battle-Scarred%29,4.86,445,2026-07-07T14:32:26.820640
AK-47 | Ice Coaled (Factory New),AK-47 | Ice Coaled (Factory New),Factory New,https://steamcommunity.com/market/listings/730/AK-47%20%7C%20Ice%20Coaled%20%28Factory%20New%29,23.15,546,2026-07-07T14:32:26.820681
AK-47 | Ice Coaled (Field-Tested),AK-47 | Ice Coaled (Field-Tested),Field-Tested,https://steamcommunity.com/market/listings/730/AK-47%20%7C%20Ice%20Coaled%20%28Field-Tested%29,5.77,2206,2026-07-07T14:32:26.820722
AK-47 | Ice Coaled (Minimal Wear),AK-47 | Ice Coaled (Minimal Wear),Minimal Wear,https://steamcommunity.com/market/listings/730/AK-47%20%7C%20Ice%20Coaled%20%28Minimal%20Wear%29,10.93,948,2026-07-07T14:32:26.820762
AK-47 | Ice Coaled (Well-Worn),AK-47 | Ice Coaled (Well-Worn),Well-Worn,https://steamcommunity.com/market/listings/730/AK-47%20%7C%20Ice%20Coaled%20%28Well-Worn%29,6.0,247,2026-07-07T14:32:26.820802
AK-47 | Inheritance (Battle-Scarred),AK-47 | Inheritance (Battle-Scarred),Battle-Scarred,https://steamcommunity.com/market/listings/730/AK-47%20%7C%20Inheritance%20%28Battle-Scarred%29,49.83,186,2026-07-07T14:32:26.820840
AK-47 | Inheritance (Factory New),AK-47 | Inheritance (Factory New),Factory New,https://steamcommunity.com/market/listings/730/AK-47%20%7C%20Inheritance%20%28Factory%20New%29,185.51,119,2026-07-07T14:32:26.820882
AK-47 | Inheritance (Field-Tested),AK-47 | Inheritance (Field-Tested),Field-Tested,https://steamcommunity.com/market/listings/730/AK-47%20%7C%20Inheritance%20%28Field-Tested%29,58.23,729,2026-07-07T14:32:26.820922
AK-47 | Inheritance (Minimal Wear),AK-47 | Inheritance (Minimal Wear),Minimal Wear,https://steamcommunity.com/market/listings/730/AK-47%20%7C%20Inheritance%20%28Minimal%20Wear%29,91.32,312,2026-07-07T14:32:26.820960
AK-47 | Inheritance (Well-Worn),AK-47 | Inheritance (Well-Worn),Well-Worn,https://steamcommunity.com/market/listings/730/AK-47%20%7C%20Inheritance%20%28Well-Worn%29,60.95,49,2026-07-07T14:32:28.793831
AK-47 | Jaguar (Battle-Scarred),AK-47 | Jaguar (Battle-Scarred),Battle-Scarred,https://steamcommunity.com/market/listings/730/AK-47%20%7C%20Jaguar%20%28Battle-Scarred%29,105.0,9,2026-07-07T14:32:28.793952
AK-47 | Jaguar (Factory New),AK-47 | Jaguar (Factory New),Factory New,https://steamcommunity.com/market/listings/730/AK-47%20%7C%20Jaguar%20%28Factory%20New%29,1050.5,4,2026-07-07T14:32:28.794066
AK-47 | Jaguar (Field-Tested),AK-47 | Jaguar (Field-Tested),Field-Tested,https://steamcommunity.com/market/listings/730/AK-47%20%7C%20Jaguar%20%28Field-Tested%29,106.3,34,2026-07-07T14:32:28.794167
AK-47 | Jaguar (Minimal Wear),AK-47 | Jaguar (Minimal Wear),Minimal Wear,https://steamcommunity.com/market/listings/730/AK-47%20%7C%20Jaguar%20%28Minimal%20Wear%29,224.99,35,2026-07-07T14:32:28.794275
AK-47 | Jaguar (Well-Worn),AK-47 | Jaguar (Well-Worn),Well-Worn,https://steamcommunity.com/market/listings/730/AK-47%20%7C%20Jaguar%20%28Well-Worn%29,107.54,17,2026-07-07T14:32:28.794370
AK-47 | Jet Set (Battle-Scarred),AK-47 | Jet Set (Battle-Scarred),Battle-Scarred,https://steamcommunity.com/market/listings/730/AK-47%20%7C%20Jet%20Set%20%28Battle-Scarred%29,567.8,2,2026-07-07T14:32:28.794466
AK-47 | Jet Set (Factory New),AK-47 | Jet Set (Factory New),Factory New,https://steamcommunity.com/market/listings/730/AK-47%20%7C%20Jet%20Set%20%28Factory%20New%29,1901.61,1,2026-07-07T14:32:28.794561
AK-47 | Jet Set (Field-Tested),AK-47 | Jet Set (Field-Tested),Field-Tested,https://steamcommunity.com/market/listings/730/AK-47%20%7C%20Jet%20Set%20%28Field-Tested%29,485.0,5,2026-07-07T14:32:28.794656
AK-47 | Jet Set (Minimal Wear),AK-47 | Jet Set (Minimal Wear),Minimal Wear,https://steamcommunity.com/market/listings/730/AK-47%20%7C%20Jet%20Set%20%28Minimal%20Wear%29,672.49,5,2026-07-07T14:32:28.794760
AK-47 | Jet Set (Well-Worn),AK-47 | Jet Set (Well-Worn),Well-Worn,https://steamcommunity.com/market/listings/730/AK-47%20%7C%20Jet%20Set%20%28Well-Worn%29,414.0,4,2026-07-07T14:32:31.049621
AK-47 | Jungle Spray (Battle-Scarred),AK-47 | Jungle Spray (Battle-Scarred),Battle-Scarred,https://steamcommunity.com/market/listings/730/AK-47%20%7C%20Jungle%20Spray%20%28Battle-Scarred%29,12.99,18,2026-07-07T14:32:31.049666
AK-47 | Jungle Spray (Factory New),AK-47 | Jungle Spray (Factory New),Factory New,https://steamcommunity.com/market/listings/730/AK-47%20%7C%20Jungle%20Spray%20%28Factory%20New%29,241.74,5,2026-07-07T14:32:31.049705
AK-47 | Jungle Spray (Field-Tested),AK-47 | Jungle Spray (Field-Tested),Field-Tested,https://steamcommunity.com/market/listings/730/AK-47%20%7C%20Jungle%20Spray%20%28Field-Tested%29,21.0,119,2026-07-07T14:32:31.049759
AK-47 | Jungle Spray (Minimal Wear),AK-47 | Jungle Spray (Minimal Wear),Minimal Wear,https://steamcommunity.com/market/listings/730/AK-47%20%7C%20Jungle%20Spray%20%28Minimal%20Wear%29,69.53,44,2026-07-07T14:32:31.049821
AK-47 | Jungle Spray (Well-Worn),AK-47 | Jungle Spray (Well-Worn),Well-Worn,https://steamcommunity.com/market/listings/730/AK-47%20%7C%20Jungle%20Spray%20%28Well-Worn%29,18.03,16,2026-07-07T14:32:31.049886
AK-47 | Leet Museo (Battle-Scarred),AK-47 | Leet Museo (Battle-Scarred),Battle-Scarred,https://steamcommunity.com/market/listings/730/AK-47%20%7C%20Leet%20Museo%20%28Battle-Scarred%29,111.41,28,2026-07-07T14:32:31.049946
AK-47 | Leet Museo (Factory New),AK-47 | Leet Museo (Factory New),Factory New,https://steamcommunity.com/market/listings/730/AK-47%20%7C%20Leet%20Museo%20%28Factory%20New%29,990.0,17,2026-07-07T14:32:31.050005
AK-47 | Leet Museo (Field-Tested),AK-47 | Leet Museo (Field-Tested),Field-Tested,https://steamcommunity.com/market/listings/730/AK-47%20%7C%20Leet%20Museo%20%28Field-Tested%29,307.16,45,2026-07-07T14:32:31.050063
AK-47 | Leet Museo (Minimal Wear),AK-47 | Leet Museo (Minimal Wear),Minimal Wear,https://steamcommunity.com/market/listings/730/AK-47%20%7C%20Leet%20Museo%20%28Minimal%20Wear%29,485.0,30,2026-07-07T14:32:31.050123
AK-47 | Leet Museo (Well-Worn),AK-47 | Leet Museo (Well-Worn),Well-Worn,https://steamcommunity.com/market/listings/730/AK-47%20%7C%20Leet%20Museo%20%28Well-Worn%29,169.14,15,2026-07-07T14:32:32.914411
AK-47 | Legion of Anubis (Battle-Scarred),AK-47 | Legion of Anubis (Battle-Scarred),Battle-Scarred,https://steamcommunity.com/market/listings/730/AK-47%20%7C%20Legion%20of%20Anubis%20%28Battle-Scarred%29,43.95,96,2026-07-07T14:32:32.914536
AK-47 | Legion of Anubis (Factory New),AK-47 | Legion of Anubis (Factory New),Factory New,https://steamcommunity.com/market/listings/730/AK-47%20%7C%20Legion%20of%20Anubis%20%28Factory%20New%29,77.83,259,2026-07-07T14:32:32.914647
AK-47 | Legion of Anubis (Field-Tested),AK-47 | Legion of Anubis (Field-Tested),Field-Tested,https://steamcommunity.com/market/listings/730/AK-47%20%7C%20Legion%20of%20Anubis%20%28Field-Tested%29,47.9,422,2026-07-07T14:32:32.914721
AK-47 | Legion of Anubis (Minimal Wear),AK-47 | Legion of Anubis (Minimal Wear),Minimal Wear,https://steamcommunity.com/market/listings/730/AK-47%20%7C%20Legion%20of%20Anubis%20%28Minimal%20Wear%29,51.38,277,2026-07-07T14:32:32.914772
AK-47 | Legion of Anubis (Well-Worn),AK-47 | Legion of Anubis (Well-Worn),Well-Worn,https://steamcommunity.com/market/listings/730/AK-47%20%7C%20Legion%20of%20Anubis%20%28Well-Worn%29,47.05,43,2026-07-07T14:32:32.915001
AK-47 | Midnight Laminate (Battle-Scarred),AK-47 | Midnight Laminate (Battle-Scarred),Battle-Scarred,https://steamcommunity.com/market/listings/730/AK-47%20%7C%20Midnight%20Laminate%20%28Battle-Scarred%29,3.01,329,2026-07-07T14:32:32.915127
AK-47 | Midnight Laminate (Factory New),AK-47 | Midnight Laminate (Factory New),Factory New,https://steamcommunity.com/market/listings/730/AK-47%20%7C%20Midnight%20Laminate%20%28Factory%20New%29,28.06,430,2026-07-07T14:32:32.915232
AK-47 | Midnight Laminate (Field-Tested),AK-47 | Midnight Laminate (Field-Tested),Field-Tested,https://steamcommunity.com/market/listings/730/AK-47%20%7C%20Midnight%20Laminate%20%28Field-Tested%29,4.28,1075,2026-07-07T14:32:32.915334
AK-47 | Midnight Laminate (Minimal Wear),AK-47 | Midnight Laminate (Minimal Wear),Minimal Wear,https://steamcommunity.com/market/listings/730/AK-47%20%7C%20Midnight%20Laminate%20%28Minimal%20Wear%29,12.26,772,2026-07-07T14:32:32.915439
AK-47 | Midnight Laminate (Well-Worn),AK-47 | Midnight Laminate (Well-Worn),Well-Worn,https://steamcommunity.com/market/listings/730/AK-47%20%7C%20Midnight%20Laminate%20%28Well-Worn%29,4.22,245,2026-07-07T14:32:34.779020
AK-47 | Neon Revolution (Battle-Scarred),AK-47 | Neon Revolution (Battle-Scarred),Battle-Scarred,https://steamcommunity.com/market/listings/730/AK-47%20%7C%20Neon%20Revolution%20%28Battle-Scarred%29,157.58,21,2026-07-07T14:32:34.779150
AK-47 | Neon Revolution (Factory New),AK-47 | Neon Revolution (Factory New),Factory New,https://steamcommunity.com/market/listings/730/AK-47%20%7C%20Neon%20Revolution%20%28Factory%20New%29,420.9,22,2026-07-07T14:32:34.779256
AK-47 | Neon Revolution (Field-Tested),AK-47 | Neon Revolution (Field-Tested),Field-Tested,https://steamcommunity.com/market/listings/730/AK-47%20%7C%20Neon%20Revolution%20%28Field-Tested%29,159.66,99,2026-07-07T14:32:34.779359
AK-47 | Neon Revolution (Minimal Wear),AK-47 | Neon Revolution (Minimal Wear),Minimal Wear,https://steamcommunity.com/market/listings/730/AK-47%20%7C%20Neon%20Revolution%20%28Minimal%20Wear%29,164.42,64,2026-07-07T14:32:34.779462
AK-47 | Neon Revolution (Well-Worn),AK-47 | Neon Revolution (Well-Worn),Well-Worn,https://steamcommunity.com/market/listings/730/AK-47%20%7C%20Neon%20Revolution%20%28Well-Worn%29,155.02,15,2026-07-07T14:32:34.779577
AK-47 | Neon Rider (Battle-Scarred),AK-47 | Neon Rider (Battle-Scarred),Battle-Scarred,https://steamcommunity.com/market/listings/730/AK-47%20%7C%20Neon%20Rider%20%28Battle-Scarred%29,60.75,29,2026-07-07T14:32:34.779679
AK-47 | Neon Rider (Factory New),AK-47 | Neon Rider (Factory New),Factory New,https://steamcommunity.com/market/listings/730/AK-47%20%7C%20Neon%20Rider%20%28Factory%20New%29,292.3,36,2026-07-07T14:32:34.779777
AK-47 | Neon Rider (Field-Tested),AK-47 | Neon Rider (Field-Tested),Field-Tested,https://steamcommunity.com/market/listings/730/AK-47%20%7C%20Neon%20Rider%20%28Field-Tested%29,61.2,182,2026-07-07T14:32:34.779878
AK-47 | Neon Rider (Minimal Wear),AK-47 | Neon Rider (Minimal Wear),Minimal Wear,https://steamcommunity.com/market/listings/730/AK-47%20%7C%20Neon%20Rider%20%28Minimal%20Wear%29,109.48,93,2026-07-07T14:32:34.779966
AK-47 | Neon Rider (Well-Worn),AK-47 | Neon Rider (Well-Worn),Well-Worn,https://steamcommunity.com/market/listings/730/AK-47%20%7C%20Neon%20Rider%20%28Well-Worn%29,68.17,20,2026-07-07T14:32:36.656210
AK-47 | Nightwish (Battle-Scarred),AK-47 | Nightwish (Battle-Scarred),Battle-Scarred,https://steamcommunity.com/market/listings/730/AK-47%20%7C%20Nightwish%20%28Battle-Scarred%29,91.37,110,2026-07-07T14:32:36.656340
AK-47 | Nightwish (Factory New),AK-47 | Nightwish (Factory New),Factory New,https://steamcommunity.com/market/listings/730/AK-47%20%7C%20Nightwish%20%28Factory%20New%29,171.28,52,2026-07-07T14:32:36.656455
AK-47 | Nightwish (Field-Tested),AK-47 | Nightwish (Field-Tested),Field-Tested,https://steamcommunity.com/market/listings/730/AK-47%20%7C%20Nightwish%20%28Field-Tested%29,90.0,371,2026-07-07T14:32:36.656559
AK-47 | Nightwish (Minimal Wear),AK-47 | Nightwish (Minimal Wear),Minimal Wear,https://steamcommunity.com/market/listings/730/AK-47%20%7C%20Nightwish%20%28Minimal%20Wear%29,94.8,189,2026-07-07T14:32:36.656669
AK-47 | Nightwish (Well-Worn),AK-47 | Nightwish (Well-Worn),Well-Worn,https://steamcommunity.com/market/listings/730/AK-47%20%7C%20Nightwish%20%28Well-Worn%29,89.74,189,2026-07-07T14:32:36.656773
AK-47 | Nouveau Rouge (Battle-Scarred),AK-47 | Nouveau Rouge (Battle-Scarred),Battle-Scarred,https://steamcommunity.com/market/listings/730/AK-47%20%7C%20Nouveau%20Rouge%20%28Battle-Scarred%29,8.87,291,2026-07-07T14:32:36.656951
AK-47 | Nouveau Rouge (Factory New),AK-47 | Nouveau Rouge (Factory New),Factory New,https://steamcommunity.com/market/listings/730/AK-47%20%7C%20Nouveau%20Rouge%20%28Factory%20New%29,127.89,52,2026-07-07T14:32:36.657081
AK-47 | Nouveau Rouge (Field-Tested),AK-47 | Nouveau Rouge (Field-Tested),Field-Tested,https://steamcommunity.com/market/listings/730/AK-47%20%7C%20Nouveau%20Rouge%20%28Field-Tested%29,13.49,430,2026-07-07T14:32:36.657176
AK-47 | Nouveau Rouge (Minimal Wear),AK-47 | Nouveau Rouge (Minimal Wear),Minimal Wear,https://steamcommunity.com/market/listings/730/AK-47%20%7C%20Nouveau%20Rouge%20%28Minimal%20Wear%29,38.88,284,2026-07-07T14:32:36.657267
AK-47 | Nouveau Rouge (Well-Worn),AK-47 | Nouveau Rouge (Well-Worn),Well-Worn,https://steamcommunity.com/market/listings/730/AK-47%20%7C%20Nouveau%20Rouge%20%28Well-Worn%29,9.35,247,2026-07-07T14:32:38.555952
AK-47 | Olive Polycam (Battle-Scarred),AK-47 | Olive Polycam (Battle-Scarred),Battle-Scarred,https://steamcommunity.com/market/listings/730/AK-47%20%7C%20Olive%20Polycam%20%28Battle-Scarred%29,0.15,1777,2026-07-07T14:32:38.556058
AK-47 | Olive Polycam (Factory New),AK-47 | Olive Polycam (Factory New),Factory New,https://steamcommunity.com/market/listings/730/AK-47%20%7C%20Olive%20Polycam%20%28Factory%20New%29,0.98,8714,2026-07-07T14:32:38.556148
AK-47 | Olive Polycam (Field-Tested),AK-47 | Olive Polycam (Field-Tested),Field-Tested,https://steamcommunity.com/market/listings/730/AK-47%20%7C%20Olive%20Polycam%20%28Field-Tested%29,0.14,23577,2026-07-07T14:32:38.556237
AK-47 | Olive Polycam (Minimal Wear),AK-47 | Olive Polycam (Minimal Wear),Minimal Wear,https://steamcommunity.com/market/listings/730/AK-47%20%7C%20Olive%20Polycam%20%28Minimal%20Wear%29,0.23,20705,2026-07-07T14:32:38.556321
AK-47 | Olive Polycam (Well-Worn),AK-47 | Olive Polycam (Well-Worn),Well-Worn,https://steamcommunity.com/market/listings/730/AK-47%20%7C%20Olive%20Polycam%20%28Well-Worn%29,0.16,2091,2026-07-07T14:32:38.556414
AK-47 | Orbit Mk01 (Battle-Scarred),AK-47 | Orbit Mk01 (Battle-Scarred),Battle-Scarred,https://steamcommunity.com/market/listings/730/AK-47%20%7C%20Orbit%20Mk01%20%28Battle-Scarred%29,35.94,18,2026-07-07T14:32:38.556517
AK-47 | Orbit Mk01 (Factory New),AK-47 | Orbit Mk01 (Factory New),Factory New,https://steamcommunity.com/market/listings/730/AK-47%20%7C%20Orbit%20Mk01%20%28Factory%20New%29,182.59,81,2026-07-07T14:32:38.556602
AK-47 | Orbit Mk01 (Field-Tested),AK-47 | Orbit Mk01 (Field-Tested),Field-Tested,https://steamcommunity.com/market/listings/730/AK-47%20%7C%20Orbit%20Mk01%20%28Field-Tested%29,35.93,119,2026-07-07T14:32:38.556687
AK-47 | Orbit Mk01 (Minimal Wear),AK-47 | Orbit Mk01 (Minimal Wear),Minimal Wear,https://steamcommunity.com/market/listings/730/AK-47%20%7C%20Orbit%20Mk01%20%28Minimal%20Wear%29,48.43,128,2026-07-07T14:32:38.556773
AK-47 | Orbit Mk01 (Well-Worn),AK-47 | Orbit Mk01 (Well-Worn),Well-Worn,https://steamcommunity.com/market/listings/730/AK-47%20%7C%20Orbit%20Mk01%20%28Well-Worn%29,36.66,28,2026-07-07T14:32:40.538476
AK-47 | Panthera onca (Battle-Scarred),AK-47 | Panthera onca (Battle-Scarred),Battle-Scarred,https://steamcommunity.com/market/listings/730/AK-47%20%7C%20Panthera%20onca%20%28Battle-Scarred%29,239.48,3,2026-07-07T14:32:40.538604
AK-47 | Panthera onca (Factory New),AK-47 | Panthera onca (Factory New),Factory New,https://steamcommunity.com/market/listings/730/AK-47%20%7C%20Panthera%20onca%20%28Factory%20New%29,856.41,5,2026-07-07T14:32:40.538712
AK-47 | Panthera onca (Field-Tested),AK-47 | Panthera onca (Field-Tested),Field-Tested,https://steamcommunity.com/market/listings/730/AK-47%20%7C%20Panthera%20onca%20%28Field-Tested%29,262.62,3,2026-07-07T14:32:40.538816
AK-47 | Panthera onca (Minimal Wear),AK-47 | Panthera onca (Minimal Wear),Minimal Wear,https://steamcommunity.com/market/listings/730/AK-47%20%7C%20Panthera%20onca%20%28Minimal%20Wear%29,443.02,6,2026-07-07T14:32:40.538919
AK-47 | Panthera onca (Well-Worn),AK-47 | Panthera onca (Well-Worn),Well-Worn,https://steamcommunity.com/market/listings/730/AK-47%20%7C%20Panthera%20onca%20%28Well-Worn%29,230.0,8,2026-07-07T14:32:40.539024
AK-47 | Phantom Disruptor (Battle-Scarred),AK-47 | Phantom Disruptor (Battle-Scarred),Battle-Scarred,https://steamcommunity.com/market/listings/730/AK-47%20%7C%20Phantom%20Disruptor%20%28Battle-Scarred%29,6.76,198,2026-07-07T14:32:40.539126
AK-47 | Phantom Disruptor (Factory New),AK-47 | Phantom Disruptor (Factory New),Factory New,https://steamcommunity.com/market/listings/730/AK-47%20%7C%20Phantom%20Disruptor%20%28Factory%20New%29,40.54,184,2026-07-07T14:32:40.539228
AK-47 | Phantom Disruptor (Field-Tested),AK-47 | Phantom Disruptor (Field-Tested),Field-Tested,https://steamcommunity.com/market/listings/730/AK-47%20%7C%20Phantom%20Disruptor%20%28Field-Tested%29,7.19,1304,2026-07-07T14:32:40.539317
AK-47 | Phantom Disruptor (Minimal Wear),AK-47 | Phantom Disruptor (Minimal Wear),Minimal Wear,https://steamcommunity.com/market/listings/730/AK-47%20%7C%20Phantom%20Disruptor%20%28Minimal%20Wear%29,10.58,437,2026-07-07T14:32:40.539401
AK-47 | Phantom Disruptor (Well-Worn),AK-47 | Phantom Disruptor (Well-Worn),Well-Worn,https://steamcommunity.com/market/listings/730/AK-47%20%7C%20Phantom%20Disruptor%20%28Well-Worn%29,7.19,140,2026-07-07T14:32:42.489352
AK-47 | Point Disarray (Battle-Scarred),AK-47 | Point Disarray (Battle-Scarred),Battle-Scarred,https://steamcommunity.com/market/listings/730/AK-47%20%7C%20Point%20Disarray%20%28Battle-Scarred%29,18.49,70,2026-07-07T14:32:42.489451
AK-47 | Point Disarray (Factory New),AK-47 | Point Disarray (Factory New),Factory New,https://steamcommunity.com/market/listings/730/AK-47%20%7C%20Point%20Disarray%20%28Factory%20New%29,114.05,74,2026-07-07T14:32:42.489530
AK-47 | Point Disarray (Field-Tested),AK-47 | Point Disarray (Field-Tested),Field-Tested,https://steamcommunity.com/market/listings/730/AK-47%20%7C%20Point%20Disarray%20%28Field-Tested%29,18.44,359,2026-07-07T14:32:42.489607
AK-47 | Point Disarray (Minimal Wear),AK-47 | Point Disarray (Minimal Wear),Minimal Wear,https://steamcommunity.com/market/listings/730/AK-47%20%7C%20Point%20Disarray%20%28Minimal%20Wear%29,31.9,199,2026-07-07T14:32:42.489681
AK-47 | Point Disarray (Well-Worn),AK-47 | Point Disarray (Well-Worn),Well-Worn,https://steamcommunity.com/market/listings/730/AK-47%20%7C%20Point%20Disarray%20%28Well-Worn%29,19.01,47,2026-07-07T14:32:42.489761
AK-47 | Predator (Battle-Scarred),AK-47 | Predator (Battle-Scarred),Battle-Scarred,https://steamcommunity.com/market/listings/730/AK-47%20%7C%20Predator%20%28Battle-Scarred%29,13.71,54,2026-07-07T14:32:42.489837
AK-47 | Predator (Factory New),AK-47 | Predator (Factory New),Factory New,https://steamcommunity.com/market/listings/730/AK-47%20%7C%20Predator%20%28Factory%20New%29,145.44,10,2026-07-07T14:32:42.489912
AK-47 | Predator (Field-Tested),AK-47 | Predator (Field-Tested),Field-Tested,https://steamcommunity.com/market/listings/730/AK-47%20%7C%20Predator%20%28Field-Tested%29,13.62,124,2026-07-07T14:32:42.489984
AK-47 | Predator (Minimal Wear),AK-47 | Predator (Minimal Wear),Minimal Wear,https://steamcommunity.com/market/listings/730/AK-47%20%7C%20Predator%20%28Minimal%20Wear%29,19.2,62,2026-07-07T14:32:42.490056
AK-47 | Predator (Well-Worn),AK-47 | Predator (Well-Worn),Well-Worn,https://steamcommunity.com/market/listings/730/AK-47%20%7C%20Predator%20%28Well-Worn%29,13.84,24,2026-07-07T14:32:44.424700
AK-47 | Rat Rod (Battle-Scarred),AK-47 | Rat Rod (Battle-Scarred),Battle-Scarred,https://steamcommunity.com/market/listings/730/AK-47%20%7C%20Rat%20Rod%20%28Battle-Scarred%29,5.31,118,2026-07-07T14:32:44.424823
AK-47 | Rat Rod (Factory New),AK-47 | Rat Rod (Factory New),Factory New,https://steamcommunity.com/market/listings/730/AK-47%20%7C%20Rat%20Rod%20%28Factory%20New%29,149.0,54,2026-07-07T14:32:44.424924
AK-47 | Rat Rod (Field-Tested),AK-47 | Rat Rod (Field-Tested),Field-Tested,https://steamcommunity.com/market/listings/730/AK-47%20%7C%20Rat%20Rod%20%28Field-Tested%29,5.65,382,2026-07-07T14:32:44.425015
AK-47 | Rat Rod (Minimal Wear),AK-47 | Rat Rod (Minimal Wear),Minimal Wear,https://steamcommunity.com/market/listings/730/AK-47%20%7C%20Rat%20Rod%20%28Minimal%20Wear%29,11.88,277,2026-07-07T14:32:44.425108
AK-47 | Rat Rod (Well-Worn),AK-47 | Rat Rod (Well-Worn),Well-Worn,https://steamcommunity.com/market/listings/730/AK-47%20%7C%20Rat%20Rod%20%28Well-Worn%29,5.38,154,2026-07-07T14:32:44.425206
AK-47 | Red Laminate (Battle-Scarred),AK-47 | Red Laminate (Battle-Scarred),Battle-Scarred,https://steamcommunity.com/market/listings/730/AK-47%20%7C%20Red%20Laminate%20%28Battle-Scarred%29,77.12,28,2026-07-07T14:32:44.425296
AK-47 | Red Laminate (Factory New),AK-47 | Red Laminate (Factory New),Factory New,https://steamcommunity.com/market/listings/730/AK-47%20%7C%20Red%20Laminate%20%28Factory%20New%29,1093.47,3,2026-07-07T14:32:44.425390
AK-47 | Red Laminate (Field-Tested),AK-47 | Red Laminate (Field-Tested),Field-Tested,https://steamcommunity.com/market/listings/730/AK-47%20%7C%20Red%20Laminate%20%28Field-Tested%29,87.21,130,2026-07-07T14:32:44.425486
AK-47 | Red Laminate (Minimal Wear),AK-47 | Red Laminate (Minimal Wear),Minimal Wear,https://steamcommunity.com/market/listings/730/AK-47%20%7C%20Red%20Laminate%20%28Minimal%20Wear%29,199.26,51,2026-07-07T14:32:44.425578
AK-47 | Red Laminate (Well-Worn),AK-47 | Red Laminate (Well-Worn),Well-Worn,https://steamcommunity.com/market/listings/730/AK-47%20%7C%20Red%20Laminate%20%28Well-Worn%29,81.08,26,2026-07-07T14:32:46.469019
AK-47 | Redline (Battle-Scarred),AK-47 | Redline (Battle-Scarred),Battle-Scarred,https://steamcommunity.com/market/listings/730/AK-47%20%7C%20Redline%20%28Battle-Scarred%29,31.52,93,2026-07-07T14:32:46.469126
AK-47 | Redline (Field-Tested),AK-47 | Redline (Field-Tested),Field-Tested,https://steamcommunity.com/market/listings/730/AK-47%20%7C%20Redline%20%28Field-Tested%29,41.49,1123,2026-07-07T14:32:46.469217
AK-47 | Redline (Minimal Wear),AK-47 | Redline (Minimal Wear),Minimal Wear,https://steamcommunity.com/market/listings/730/AK-47%20%7C%20Redline%20%28Minimal%20Wear%29,204.01,77,2026-07-07T14:32:46.469306
AK-47 | Redline (Well-Worn),AK-47 | Redline (Well-Worn),Well-Worn,https://steamcommunity.com/market/listings/730/AK-47%20%7C%20Redline%20%28Well-Worn%29,34.92,51,2026-07-07T14:32:46.469392
AK-47 | Safari Mesh (Battle-Scarred),AK-47 | Safari Mesh (Battle-Scarred),Battle-Scarred,https://steamcommunity.com/market/listings/730/AK-47%20%7C%20Safari%20Mesh%20%28Battle-Scarred%29,0.1,3041,2026-07-07T14:32:46.469480
AK-47 | Safari Mesh (Factory New),AK-47 | Safari Mesh (Factory New),Factory New,https://steamcommunity.com/market/listings/730/AK-47%20%7C%20Safari%20Mesh%20%28Factory%20New%29,15.31,172,2026-07-07T14:32:46.469565
AK-47 | Safari Mesh (Field-Tested),AK-47 | Safari Mesh (Field-Tested),Field-Tested,https://steamcommunity.com/market/listings/730/AK-47%20%7C%20Safari%20Mesh%20%28Field-Tested%29,0.1,19185,2026-07-07T14:32:46.469652
AK-47 | Safari Mesh (Minimal Wear),AK-47 | Safari Mesh (Minimal Wear),Minimal Wear,https://steamcommunity.com/market/listings/730/AK-47%20%7C%20Safari%20Mesh%20%28Minimal%20Wear%29,0.39,10002,2026-07-07T14:32:46.469739
AK-47 | Safari Mesh (Well-Worn),AK-47 | Safari Mesh (Well-Worn),Well-Worn,https://steamcommunity.com/market/listings/730/AK-47%20%7C%20Safari%20Mesh%20%28Well-Worn%29,0.09,3334,2026-07-07T14:32:46.469826
AK-47 | Safety Net (Battle-Scarred),AK-47 | Safety Net (Battle-Scarred),Battle-Scarred,https://steamcommunity.com/market/listings/730/AK-47%20%7C%20Safety%20Net%20%28Battle-Scarred%29,3.57,201,2026-07-07T14:32:48.314556
AK-47 | Safety Net (Factory New),AK-47 | Safety Net (Factory New),Factory New,https://steamcommunity.com/market/listings/730/AK-47%20%7C%20Safety%20Net%20%28Factory%20New%29,39.71,155,2026-07-07T14:32:48.314673
AK-47 | Safety Net (Field-Tested),AK-47 | Safety Net (Field-Tested),Field-Tested,https://steamcommunity.com/market/listings/730/AK-47%20%7C%20Safety%20Net%20%28Field-Tested%29,3.45,794,2026-07-07T14:32:48.314767
AK-47 | Safety Net (Minimal Wear),AK-47 | Safety Net (Minimal Wear),Minimal Wear,https://steamcommunity.com/market/listings/730/AK-47%20%7C%20Safety%20Net%20%28Minimal%20Wear%29,5.7,315,2026-07-07T14:32:48.314855
AK-47 | Safety Net (Well-Worn),AK-47 | Safety Net (Well-Worn),Well-Worn,https://steamcommunity.com/market/listings/730/AK-47%20%7C%20Safety%20Net%20%28Well-Worn%29,3.97,126,2026-07-07T14:32:48.314941
AK-47 | Searing Rage (Battle-Scarred),AK-47 | Searing Rage (Battle-Scarred),Battle-Scarred,https://steamcommunity.com/market/listings/730/AK-47%20%7C%20Searing%20Rage%20%28Battle-Scarred%29,5.71,402,2026-07-07T14:32:48.315027
AK-47 | Searing Rage (Factory New),AK-47 | Searing Rage (Factory New),Factory New,https://steamcommunity.com/market/listings/730/AK-47%20%7C%20Searing%20Rage%20%28Factory%20New%29,39.34,158,2026-07-07T14:32:48.315111
AK-47 | Searing Rage (Field-Tested),AK-47 | Searing Rage (Field-Tested),Field-Tested,https://steamcommunity.com/market/listings/730/AK-47%20%7C%20Searing%20Rage%20%28Field-Tested%29,6.9,877,2026-07-07T14:32:48.315198
AK-47 | Searing Rage (Minimal Wear),AK-47 | Searing Rage (Minimal Wear),Minimal Wear,https://steamcommunity.com/market/listings/730/AK-47%20%7C%20Searing%20Rage%20%28Minimal%20Wear%29,9.83,473,2026-07-07T14:32:48.315283
AK-47 | Searing Rage (Well-Worn),AK-47 | Searing Rage (Well-Worn),Well-Worn,https://steamcommunity.com/market/listings/730/AK-47%20%7C%20Searing%20Rage%20%28Well-Worn%29,5.75,542,2026-07-07T14:32:48.315368
AK-47 | Slate (Battle-Scarred),AK-47 | Slate (Battle-Scarred),Battle-Scarred,https://steamcommunity.com/market/listings/730/AK-47%20%7C%20Slate%20%28Battle-Scarred%29,4.57,1711,2026-07-07T14:32:50.267708
AK-47 | Slate (Factory New),AK-47 | Slate (Factory New),Factory New,https://steamcommunity.com/market/listings/730/AK-47%20%7C%20Slate%20%28Factory%20New%29,24.96,436,2026-07-07T14:32:50.267835
AK-47 | Slate (Field-Tested),AK-47 | Slate (Field-Tested),Field-Tested,https://steamcommunity.com/market/listings/730/AK-47%20%7C%20Slate%20%28Field-Tested%29,5.75,4019,2026-07-07T14:32:50.267940
AK-47 | Slate (Minimal Wear),AK-47 | Slate (Minimal Wear),Minimal Wear,https://steamcommunity.com/market/listings/730/AK-47%20%7C%20Slate%20%28Minimal%20Wear%29,9.14,1340,2026-07-07T14:32:50.268029
AK-47 | Slate (Well-Worn),AK-47 | Slate (Well-Worn),Well-Worn,https://steamcommunity.com/market/listings/730/AK-47%20%7C%20Slate%20%28Well-Worn%29,4.56,2819,2026-07-07T14:32:50.268116
AK-47 | Steel Delta (Battle-Scarred),AK-47 | Steel Delta (Battle-Scarred),Battle-Scarred,https://steamcommunity.com/market/listings/730/AK-47%20%7C%20Steel%20Delta%20%28Battle-Scarred%29,2.73,290,2026-07-07T14:32:50.268202
AK-47 | Steel Delta (Factory New),AK-47 | Steel Delta (Factory New),Factory New,https://steamcommunity.com/market/listings/730/AK-47%20%7C%20Steel%20Delta%20%28Factory%20New%29,26.96,189,2026-07-07T14:32:50.268289
AK-47 | Steel Delta (Field-Tested),AK-47 | Steel Delta (Field-Tested),Field-Tested,https://steamcommunity.com/market/listings/730/AK-47%20%7C%20Steel%20Delta%20%28Field-Tested%29,2.3,523,2026-07-07T14:32:50.268374
AK-47 | Steel Delta (Minimal Wear),AK-47 | Steel Delta (Minimal Wear),Minimal Wear,https://steamcommunity.com/market/listings/730/AK-47%20%7C%20Steel%20Delta%20%28Minimal%20Wear%29,4.4,341,2026-07-07T14:32:50.268457
AK-47 | Steel Delta (Well-Worn),AK-47 | Steel Delta (Well-Worn),Well-Worn,https://steamcommunity.com/market/listings/730/AK-47%20%7C%20Steel%20Delta%20%28Well-Worn%29,2.5,142,2026-07-07T14:32:50.268541
AK-47 | The Empress (Battle-Scarred),AK-47 | The Empress (Battle-Scarred),Battle-Scarred,https://steamcommunity.com/market/listings/730/AK-47%20%7C%20The%20Empress%20%28Battle-Scarred%29,146.85,49,2026-07-07T14:32:52.207855
AK-47 | The Empress (Factory New),AK-47 | The Empress (Factory New),Factory New,https://steamcommunity.com/market/listings/730/AK-47%20%7C%20The%20Empress%20%28Factory%20New%29,342.18,39,2026-07-07T14:32:52.207999
AK-47 | The Empress (Field-Tested),AK-47 | The Empress (Field-Tested),Field-Tested,https://steamcommunity.com/market/listings/730/AK-47%20%7C%20The%20Empress%20%28Field-Tested%29,139.89,131,2026-07-07T14:32:52.208115
AK-47 | The Empress (Minimal Wear),AK-47 | The Empress (Minimal Wear),Minimal Wear,https://steamcommunity.com/market/listings/730/AK-47%20%7C%20The%20Empress%20%28Minimal%20Wear%29,147.8,85,2026-07-07T14:32:52.208233
AK-47 | The Empress (Well-Worn),AK-47 | The Empress (Well-Worn),Well-Worn,https://steamcommunity.com/market/listings/730/AK-47%20%7C%20The%20Empress%20%28Well-Worn%29,135.78,43,2026-07-07T14:32:52.208333
AK-47 | The Oligarch (Battle-Scarred),AK-47 | The Oligarch (Battle-Scarred),Battle-Scarred,https://steamcommunity.com/market/listings/730/AK-47%20%7C%20The%20Oligarch%20%28Battle-Scarred%29,43.77,108,2026-07-07T14:32:52.208425
AK-47 | The Oligarch (Factory New),AK-47 | The Oligarch (Factory New),Factory New,https://steamcommunity.com/market/listings/730/AK-47%20%7C%20The%20Oligarch%20%28Factory%20New%29,393.45,29,2026-07-07T14:32:52.208519
AK-47 | The Oligarch (Field-Tested),AK-47 | The Oligarch (Field-Tested),Field-Tested,https://steamcommunity.com/market/listings/730/AK-47%20%7C%20The%20Oligarch%20%28Field-Tested%29,85.1,318,2026-07-07T14:32:52.208616
AK-47 | The Oligarch (Minimal Wear),AK-47 | The Oligarch (Minimal Wear),Minimal Wear,https://steamcommunity.com/market/listings/730/AK-47%20%7C%20The%20Oligarch%20%28Minimal%20Wear%29,162.07,169,2026-07-07T14:32:52.208709
AK-47 | The Oligarch (Well-Worn),AK-47 | The Oligarch (Well-Worn),Well-Worn,https://steamcommunity.com/market/listings/730/AK-47%20%7C%20The%20Oligarch%20%28Well-Worn%29,54.82,139,2026-07-07T14:32:52.208796
AK-47 | The Outsiders (Battle-Scarred),AK-47 | The Outsiders (Battle-Scarred),Battle-Scarred,https://steamcommunity.com/market/listings/730/AK-47%20%7C%20The%20Outsiders%20%28Battle-Scarred%29,7.99,160,2026-07-07T14:32:54.060520
AK-47 | The Outsiders (Factory New),AK-47 | The Outsiders (Factory New),Factory New,https://steamcommunity.com/market/listings/730/AK-47%20%7C%20The%20Outsiders%20%28Factory%20New%29,130.0,41,2026-07-07T14:32:54.060663
AK-47 | The Outsiders (Field-Tested),AK-47 | The Outsiders (Field-Tested),Field-Tested,https://steamcommunity.com/market/listings/730/AK-47%20%7C%20The%20Outsiders%20%28Field-Tested%29,9.97,463,2026-07-07T14:32:54.060775
AK-47 | The Outsiders (Minimal Wear),AK-47 | The Outsiders (Minimal Wear),Minimal Wear,https://steamcommunity.com/market/listings/730/AK-47%20%7C%20The%20Outsiders%20%28Minimal%20Wear%29,20.53,143,2026-07-07T14:32:54.060882
AK-47 | The Outsiders (Well-Worn),AK-47 | The Outsiders (Well-Worn),Well-Worn,https://steamcommunity.com/market/listings/730/AK-47%20%7C%20The%20Outsiders%20%28Well-Worn%29,8.75,141,2026-07-07T14:32:54.060986
AK-47 | Uncharted (Battle-Scarred),AK-47 | Uncharted (Battle-Scarred),Battle-Scarred,https://steamcommunity.com/market/listings/730/AK-47%20%7C%20Uncharted%20%28Battle-Scarred%29,0.85,1537,2026-07-07T14:32:54.061114
AK-47 | Uncharted (Factory New),AK-47 | Uncharted (Factory New),Factory New,https://steamcommunity.com/market/listings/730/AK-47%20%7C%20Uncharted%20%28Factory%20New%29,5.41,366,2026-07-07T14:32:54.061220
AK-47 | Uncharted (Field-Tested),AK-47 | Uncharted (Field-Tested),Field-Tested,https://steamcommunity.com/market/listings/730/AK-47%20%7C%20Uncharted%20%28Field-Tested%29,0.8,5784,2026-07-07T14:32:54.061334
AK-47 | Uncharted (Minimal Wear),AK-47 | Uncharted (Minimal Wear),Minimal Wear,https://steamcommunity.com/market/listings/730/AK-47%20%7C%20Uncharted%20%28Minimal%20Wear%29,1.26,2319,2026-07-07T14:32:54.061443
AK-47 | Uncharted (Well-Worn),AK-47 | Uncharted (Well-Worn),Well-Worn,https://steamcommunity.com/market/listings/730/AK-47%20%7C%20Uncharted%20%28Well-Worn%29,0.87,545,2026-07-07T14:32:54.061552
AK-47 | VariCamo Grey (Battle-Scarred),AK-47 | VariCamo Grey (Battle-Scarred),Battle-Scarred,https://steamcommunity.com/market/listings/730/AK-47%20%7C%20VariCamo%20Grey%20%28Battle-Scarred%29,0.11,3092,2026-07-07T14:32:55.998786
AK-47 | VariCamo Grey (Factory New),AK-47 | VariCamo Grey (Factory New),Factory New,https://steamcommunity.com/market/listings/730/AK-47%20%7C%20VariCamo%20Grey%20%28Factory%20New%29,0.8,1417,2026-07-07T14:32:55.998891
AK-47 | VariCamo Grey (Field-Tested),AK-47 | VariCamo Grey (Field-Tested),Field-Tested,https://steamcommunity.com/market/listings/730/AK-47%20%7C%20VariCamo%20Grey%20%28Field-Tested%29,0.1,10798,2026-07-07T14:32:55.998983
AK-47 | VariCamo Grey (Minimal Wear),AK-47 | VariCamo Grey (Minimal Wear),Minimal Wear,https://steamcommunity.com/market/listings/730/AK-47%20%7C%20VariCamo%20Grey%20%28Minimal%20Wear%29,0.18,5953,2026-07-07T14:32:55.999073
AK-47 | VariCamo Grey (Well-Worn),AK-47 | VariCamo Grey (Well-Worn),Well-Worn,https://steamcommunity.com/market/listings/730/AK-47%20%7C%20VariCamo%20Grey%20%28Well-Worn%29,0.13,1631,2026-07-07T14:32:55.999164
AK-47 | Vulcan (Battle-Scarred),AK-47 | Vulcan (Battle-Scarred),Battle-Scarred,https://steamcommunity.com/market/listings/730/AK-47%20%7C%20Vulcan%20%28Battle-Scarred%29,170.71,11,2026-07-07T14:32:55.999251
AK-47 | Vulcan (Factory New),AK-47 | Vulcan (Factory New),Factory New,https://steamcommunity.com/market/listings/730/AK-47%20%7C%20Vulcan%20%28Factory%20New%29,930.77,9,2026-07-07T14:32:55.999355
AK-47 | Vulcan (Field-Tested),AK-47 | Vulcan (Field-Tested),Field-Tested,https://steamcommunity.com/market/listings/730/AK-47%20%7C%20Vulcan%20%28Field-Tested%29,275.4,65,2026-07-07T14:32:55.999442
AK-47 | Vulcan (Minimal Wear),AK-47 | Vulcan (Minimal Wear),Minimal Wear,https://steamcommunity.com/market/listings/730/AK-47%20%7C%20Vulcan%20%28Minimal%20Wear%29,566.04,44,2026-07-07T14:32:55.999529
AK-47 | Vulcan (Well-Worn),AK-47 | Vulcan (Well-Worn),Well-Worn,https://steamcommunity.com/market/listings/730/AK-47%20%7C%20Vulcan%20%28Well-Worn%29,201.32,14,2026-07-07T14:32:55.999618
AK-47 | Wasteland Rebel (Battle-Scarred),AK-47 | Wasteland Rebel (Battle-Scarred),Battle-Scarred,https://steamcommunity.com/market/listings/730/AK-47%20%7C%20Wasteland%20Rebel%20%28Battle-Scarred%29,106.45,10,2026-07-07T14:32:57.847331
AK-47 | Wasteland Rebel (Factory New),AK-47 | Wasteland Rebel (Factory New),Factory New,https://steamcommunity.com/market/listings/730/AK-47%20%7C%20Wasteland%20Rebel%20%28Factory%20New%29,600.0,5,2026-07-07T14:32:57.847440
AK-47 | Wasteland Rebel (Field-Tested),AK-47 | Wasteland Rebel (Field-Tested),Field-Tested,https://steamcommunity.com/market/listings/730/AK-47%20%7C%20Wasteland%20Rebel%20%28Field-Tested%29,102.77,57,2026-07-07T14:32:57.847536
AK-47 | Wasteland Rebel (Minimal Wear),AK-47 | Wasteland Rebel (Minimal Wear),Minimal Wear,https://steamcommunity.com/market/listings/730/AK-47%20%7C%20Wasteland%20Rebel%20%28Minimal%20Wear%29,127.89,34,2026-07-07T14:32:57.847621
AK-47 | Wasteland Rebel (Well-Worn),AK-47 | Wasteland Rebel (Well-Worn),Well-Worn,https://steamcommunity.com/market/listings/730/AK-47%20%7C%20Wasteland%20Rebel%20%28Well-Worn%29,103.91,7,2026-07-07T14:32:57.847708
AK-47 | Wintergreen (Battle-Scarred),AK-47 | Wintergreen (Battle-Scarred),Battle-Scarred,https://steamcommunity.com/market/listings/730/AK-47%20%7C%20Wintergreen%20%28Battle-Scarred%29,0.76,1567,2026-07-07T14:32:57.847797
AK-47 | Wintergreen (Factory New),AK-47 | Wintergreen (Factory New),Factory New,https://steamcommunity.com/market/listings/730/AK-47%20%7C%20Wintergreen%20%28Factory%20New%29,8.12,591,2026-07-07T14:32:57.847881
AK-47 | Wintergreen (Field-Tested),AK-47 | Wintergreen (Field-Tested),Field-Tested,https://steamcommunity.com/market/listings/730/AK-47%20%7C%20Wintergreen%20%28Field-Tested%29,0.84,3597,2026-07-07T14:32:57.847966
AK-47 | Wintergreen (Minimal Wear),AK-47 | Wintergreen (Minimal Wear),Minimal Wear,https://steamcommunity.com/market/listings/730/AK-47%20%7C%20Wintergreen%20%28Minimal%20Wear%29,2.91,1255,2026-07-07T14:32:57.848053
AK-47 | Wintergreen (Well-Worn),AK-47 | Wintergreen (Well-Worn),Well-Worn,https://steamcommunity.com/market/listings/730/AK-47%20%7C%20Wintergreen%20%28Well-Worn%29,0.93,458,2026-07-07T14:32:57.848137
AK-47 | X-Ray (Battle-Scarred),AK-47 | X-Ray (Battle-Scarred),Battle-Scarred,https://steamcommunity.com/market/listings/730/AK-47%20%7C%20X-Ray%20%28Battle-Scarred%29,617.48,6,2026-07-07T14:32:59.741164
AK-47 | X-Ray (Field-Tested),AK-47 | X-Ray (Field-Tested),Field-Tested,https://steamcommunity.com/market/listings/730/AK-47%20%7C%20X-Ray%20%28Field-Tested%29,1550.0,2,2026-07-07T14:32:59.741278
AK-47 | X-Ray (Well-Worn),AK-47 | X-Ray (Well-Worn),Well-Worn,https://steamcommunity.com/market/listings/730/AK-47%20%7C%20X-Ray%20%28Well-Worn%29,696.78,4,2026-07-07T14:32:59.741367
Souvenir AK-47 | Aphrodite (Battle-Scarred),Souvenir AK-47 | Aphrodite (Battle-Scarred),Battle-Scarred,https://steamcommunity.com/market/listings/730/Souvenir%20AK-47%20%7C%20Aphrodite%20%28Battle-Scarred%29,73.97,5,2026-07-07T14:32:59.741454
Souvenir AK-47 | Aphrodite (Factory New),Souvenir AK-47 | Aphrodite (Factory New),Factory New,https://steamcommunity.com/market/listings/730/Souvenir%20AK-47%20%7C%20Aphrodite%20%28Factory%20New%29,1108.19,3,2026-07-07T14:32:59.741540
Souvenir AK-47 | Aphrodite (Field-Tested),Souvenir AK-47 | Aphrodite (Field-Tested),Field-Tested,https://steamcommunity.com/market/listings/730/Souvenir%20AK-47%20%7C%20Aphrodite%20%28Field-Tested%29,78.44,9,2026-07-07T14:32:59.741625
Souvenir AK-47 | Aphrodite (Minimal Wear),Souvenir AK-47 | Aphrodite (Minimal Wear),Minimal Wear,https://steamcommunity.com/market/listings/730/Souvenir%20AK-47%20%7C%20Aphrodite%20%28Minimal%20Wear%29,165.4,8,2026-07-07T14:32:59.741709
Souvenir AK-47 | Aphrodite (Well-Worn),Souvenir AK-47 | Aphrodite (Well-Worn),Well-Worn,https://steamcommunity.com/market/listings/730/Souvenir%20AK-47%20%7C%20Aphrodite%20%28Well-Worn%29,109.34,3,2026-07-07T14:32:59.741796
Souvenir AK-47 | Asiimov (Field-Tested),Souvenir AK-47 | Asiimov (Field-Tested),Field-Tested,https://steamcommunity.com/market/listings/730/Souvenir%20AK-47%20%7C%20Asiimov%20%28Field-Tested%29,315.72,5,2026-07-07T14:32:59.741881
Souvenir AK-47 | Asiimov (Minimal Wear),Souvenir AK-47 | Asiimov (Minimal Wear),Minimal Wear,https://steamcommunity.com/market/listings/730/Souvenir%20AK-47%20%7C%20Asiimov%20%28Minimal%20Wear%29,195.5,2,2026-07-07T14:32:59.741965
Souvenir AK-47 | B the Monster (Battle-Scarred),Souvenir AK-47 | B the Monster (Battle-Scarred),Battle-Scarred,https://steamcommunity.com/market/listings/730/Souvenir%20AK-47%20%7C%20B%20the%20Monster%20%28Battle-Scarred%29,158.14,10,2026-07-07T14:33:01.627809
Souvenir AK-47 | B the Monster (Factory New),Souvenir AK-47 | B the Monster (Factory New),Factory New,https://steamcommunity.com/market/listings/730/Souvenir%20AK-47%20%7C%20B%20the%20Monster%20%28Factory%20New%29,1151.34,2,2026-07-07T14:33:01.627959
Souvenir AK-47 | B the Monster (Field-Tested),Souvenir AK-47 | B the Monster (Field-Tested),Field-Tested,https://steamcommunity.com/market/listings/730/Souvenir%20AK-47%20%7C%20B%20the%20Monster%20%28Field-Tested%29,264.0,15,2026-07-07T14:33:01.628065
Souvenir AK-47 | B the Monster (Minimal Wear),Souvenir AK-47 | B the Monster (Minimal Wear),Minimal Wear,https://steamcommunity.com/market/listings/730/Souvenir%20AK-47%20%7C%20B%20the%20Monster%20%28Minimal%20Wear%29,666.36,5,2026-07-07T14:33:01.628170
Souvenir AK-47 | B the Monster (Well-Worn),Souvenir AK-47 | B the Monster (Well-Worn),Well-Worn,https://steamcommunity.com/market/listings/730/Souvenir%20AK-47%20%7C%20B%20the%20Monster%20%28Well-Worn%29,246.99,2,2026-07-07T14:33:01.628272
Souvenir AK-47 | Baroque Purple (Battle-Scarred),Souvenir AK-47 | Baroque Purple (Battle-Scarred),Battle-Scarred,https://steamcommunity.com/market/listings/730/Souvenir%20AK-47%20%7C%20Baroque%20Purple%20%28Battle-Scarred%29,25.72,1,2026-07-07T14:33:01.628408
Souvenir AK-47 | Baroque Purple (Field-Tested),Souvenir AK-47 | Baroque Purple (Field-Tested),Field-Tested,https://steamcommunity.com/market/listings/730/Souvenir%20AK-47%20%7C%20Baroque%20Purple%20%28Field-Tested%29,17.07,4,2026-07-07T14:33:01.628512
Souvenir AK-47 | Baroque Purple (Minimal Wear),Souvenir AK-47 | Baroque Purple (Minimal Wear),Minimal Wear,https://steamcommunity.com/market/listings/730/Souvenir%20AK-47%20%7C%20Baroque%20Purple%20%28Minimal%20Wear%29,35.66,10,2026-07-07T14:33:01.628614
Souvenir AK-47 | Baroque Purple (Well-Worn),Souvenir AK-47 | Baroque Purple (Well-Worn),Well-Worn,https://steamcommunity.com/market/listings/730/Souvenir%20AK-47%20%7C%20Baroque%20Purple%20%28Well-Worn%29,45.02,1,2026-07-07T14:33:01.628725
Souvenir AK-47 | Black Laminate (Battle-Scarred),Souvenir AK-47 | Black Laminate (Battle-Scarred),Battle-Scarred,https://steamcommunity.com/market/listings/730/Souvenir%20AK-47%20%7C%20Black%20Laminate%20%28Battle-Scarred%29,47.97,6,2026-07-07T14:33:01.628827
Souvenir AK-47 | Black Laminate (Field-Tested),Souvenir AK-47 | Black Laminate (Field-Tested),Field-Tested,https://steamcommunity.com/market/listings/730/Souvenir%20AK-47%20%7C%20Black%20Laminate%20%28Field-Tested%29,54.82,15,2026-07-07T14:33:03.576557
Souvenir AK-47 | Black Laminate (Minimal Wear),Souvenir AK-47 | Black Laminate (Minimal Wear),Minimal Wear,https://steamcommunity.com/market/listings/730/Souvenir%20AK-47%20%7C%20Black%20Laminate%20%28Minimal%20Wear%29,98.07,13,2026-07-07T14:33:03.576668
Souvenir AK-47 | Black Laminate (Well-Worn),Souvenir AK-47 | Black Laminate (Well-Worn),Well-Worn,https://steamcommunity.com/market/listings/730/Souvenir%20AK-47%20%7C%20Black%20Laminate%20%28Well-Worn%29,45.67,6,2026-07-07T14:33:03.576761
Souvenir AK-47 | Bloodsport (Minimal Wear),Souvenir AK-47 | Bloodsport (Minimal Wear),Minimal Wear,https://steamcommunity.com/market/listings/730/Souvenir%20AK-47%20%7C%20Bloodsport%20%28Minimal%20Wear%29,672.15,1,2026-07-07T14:33:03.576851
Souvenir AK-47 | Blue Laminate (Field-Tested),Souvenir AK-47 | Blue Laminate (Field-Tested),Field-Tested,https://steamcommunity.com/market/listings/730/Souvenir%20AK-47%20%7C%20Blue%20Laminate%20%28Field-Tested%29,251.21,1,2026-07-07T14:33:03.576940
Souvenir AK-47 | Blue Laminate (Minimal Wear),Souvenir AK-47 | Blue Laminate (Minimal Wear),Minimal Wear,https://steamcommunity.com/market/listings/730/Souvenir%20AK-47%20%7C%20Blue%20Laminate%20%28Minimal%20Wear%29,170.71,3,2026-07-07T14:33:03.577030
Souvenir AK-47 | Breakthrough (Factory New),Souvenir AK-47 | Breakthrough (Factory New),Factory New,https://steamcommunity.com/market/listings/730/Souvenir%20AK-47%20%7C%20Breakthrough%20%28Factory%20New%29,72.27,2,2026-07-07T14:33:03.577117
Souvenir AK-47 | Breakthrough (Field-Tested),Souvenir AK-47 | Breakthrough (Field-Tested),Field-Tested,https://steamcommunity.com/market/listings/730/Souvenir%20AK-47%20%7C%20Breakthrough%20%28Field-Tested%29,23.0,3,2026-07-07T14:33:03.577204
Souvenir AK-47 | Breakthrough (Minimal Wear),Souvenir AK-47 | Breakthrough (Minimal Wear),Minimal Wear,https://steamcommunity.com/market/listings/730/Souvenir%20AK-47%20%7C%20Breakthrough%20%28Minimal%20Wear%29,48.76,3,2026-07-07T14:33:03.577292
Souvenir AK-47 | Breakthrough (Well-Worn),Souvenir AK-47 | Breakthrough (Well-Worn),Well-Worn,https://steamcommunity.com/market/listings/730/Souvenir%20AK-47%20%7C%20Breakthrough%20%28Well-Worn%29,56.01,1,2026-07-07T14:33:03.577378
Souvenir AK-47 | Case Hardened (Battle-Scarred),Souvenir AK-47 | Case Hardened (Battle-Scarred),Battle-Scarred,https://steamcommunity.com/market/listings/730/Souvenir%20AK-47%20%7C%20Case%20Hardened%20%28Battle-Scarred%29,1479.4,1,2026-07-07T14:33:05.526846
Souvenir AK-47 | Case Hardened (Field-Tested),Souvenir AK-47 | Case Hardened (Field-Tested),Field-Tested,https://steamcommunity.com/market/listings/730/Souvenir%20AK-47%20%7C%20Case%20Hardened%20%28Field-Tested%29,1784.77,1,2026-07-07T14:33:05.526954
Souvenir AK-47 | Case Hardened (Minimal Wear),Souvenir AK-47 | Case Hardened (Minimal Wear),Minimal Wear,https://steamcommunity.com/market/listings/730/Souvenir%20AK-47%20%7C%20Case%20Hardened%20%28Minimal%20Wear%29,1377.33,3,2026-07-07T14:33:05.527044
Souvenir AK-47 | Case Hardened (Well-Worn),Souvenir AK-47 | Case Hardened (Well-Worn),Well-Worn,https://steamcommunity.com/market/listings/730/Souvenir%20AK-47%20%7C%20Case%20Hardened%20%28Well-Worn%29,1286.44,1,2026-07-07T14:33:05.527131
Souvenir AK-47 | Crane Flight (Battle-Scarred),Souvenir AK-47 | Crane Flight (Battle-Scarred),Battle-Scarred,https://steamcommunity.com/market/listings/730/Souvenir%20AK-47%20%7C%20Crane%20Flight%20%28Battle-Scarred%29,51.45,7,2026-07-07T14:33:05.527217
Souvenir AK-47 | Crane Flight (Factory New),Souvenir AK-47 | Crane Flight (Factory New),Factory New,https://steamcommunity.com/market/listings/730/Souvenir%20AK-47%20%7C%20Crane%20Flight%20%28Factory%20New%29,433.91,5,2026-07-07T14:33:05.527319
Souvenir AK-47 | Crane Flight (Field-Tested),Souvenir AK-47 | Crane Flight (Field-Tested),Field-Tested,https://steamcommunity.com/market/listings/730/Souvenir%20AK-47%20%7C%20Crane%20Flight%20%28Field-Tested%29,102.92,6,2026-07-07T14:33:05.527404
Souvenir AK-47 | Crane Flight (Minimal Wear),Souvenir AK-47 | Crane Flight (Minimal Wear),Minimal Wear,https://steamcommunity.com/market/listings/730/Souvenir%20AK-47%20%7C%20Crane%20Flight%20%28Minimal%20Wear%29,103.56,9,2026-07-07T14:33:05.527490
Souvenir AK-47 | Crane Flight (Well-Worn),Souvenir AK-47 | Crane Flight (Well-Worn),Well-Worn,https://steamcommunity.com/market/listings/730/Souvenir%20AK-47%20%7C%20Crane%20Flight%20%28Well-Worn%29,122.19,4,2026-07-07T14:33:05.527575
Souvenir AK-47 | Crossfade (Factory New),Souvenir AK-47 | Crossfade (Factory New),Factory New,https://steamcommunity.com/market/listings/730/Souvenir%20AK-47%20%7C%20Crossfade%20%28Factory%20New%29,56.24,7,2026-07-07T14:33:05.527659
Souvenir AK-47 | Crossfade (Minimal Wear),Souvenir AK-47 | Crossfade (Minimal Wear),Minimal Wear,https://steamcommunity.com/market/listings/730/Souvenir%20AK-47%20%7C%20Crossfade%20%28Minimal%20Wear%29,25.33,1,2026-07-07T14:33:07.425541
Souvenir AK-47 | Elite Build (Factory New),Souvenir AK-47 | Elite Build (Factory New),Factory New,https://steamcommunity.com/market/listings/730/Souvenir%20AK-47%20%7C%20Elite%20Build%20%28Factory%20New%29,227.24,4,2026-07-07T14:33:07.425675
Souvenir AK-47 | Elite Build (Field-Tested),Souvenir AK-47 | Elite Build (Field-Tested),Field-Tested,https://steamcommunity.com/market/listings/730/Souvenir%20AK-47%20%7C%20Elite%20Build%20%28Field-Tested%29,14.67,4,2026-07-07T14:33:07.425783
Souvenir AK-47 | Elite Build (Minimal Wear),Souvenir AK-47 | Elite Build (Minimal Wear),Minimal Wear,https://steamcommunity.com/market/listings/730/Souvenir%20AK-47%20%7C%20Elite%20Build%20%28Minimal%20Wear%29,41.23,4,2026-07-07T14:33:07.425896
Souvenir AK-47 | Elite Build (Well-Worn),Souvenir AK-47 | Elite Build (Well-Worn),Well-Worn,https://steamcommunity.com/market/listings/730/Souvenir%20AK-47%20%7C%20Elite%20Build%20%28Well-Worn%29,385.94,1,2026-07-07T14:33:07.426000
Souvenir AK-47 | Emerald Pinstripe (Field-Tested),Souvenir AK-47 | Emerald Pinstripe (Field-Tested),Field-Tested,https://steamcommunity.com/market/listings/730/Souvenir%20AK-47%20%7C%20Emerald%20Pinstripe%20%28Field-Tested%29,114.08,1,2026-07-07T14:33:07.426112
Souvenir AK-47 | Emerald Pinstripe (Well-Worn),Souvenir AK-47 | Emerald Pinstripe (Well-Worn),Well-Worn,https://steamcommunity.com/market/listings/730/Souvenir%20AK-47%20%7C%20Emerald%20Pinstripe%20%28Well-Worn%29,63.86,2,2026-07-07T14:33:07.426217
Souvenir AK-47 | Frontside Misty (Field-Tested),Souvenir AK-47 | Frontside Misty (Field-Tested),Field-Tested,https://steamcommunity.com/market/listings/730/Souvenir%20AK-47%20%7C%20Frontside%20Misty%20%28Field-Tested%29,112.03,2,2026-07-07T14:33:07.426319
Souvenir AK-47 | Frontside Misty (Minimal Wear),Souvenir AK-47 | Frontside Misty (Minimal Wear),Minimal Wear,https://steamcommunity.com/market/listings/730/Souvenir%20AK-47%20%7C%20Frontside%20Misty%20%28Minimal%20Wear%29,1123.02,3,2026-07-07T14:33:07.426419
Souvenir AK-47 | Fuel Injector (Battle-Scarred),Souvenir AK-47 | Fuel Injector (Battle-Scarred),Battle-Scarred,https://steamcommunity.com/market/listings/730/Souvenir%20AK-47%20%7C%20Fuel%20Injector%20%28Battle-Scarred%29,321.61,2,2026-07-07T14:33:07.426507
Souvenir AK-47 | Fuel Injector (Field-Tested),Souvenir AK-47 | Fuel Injector (Field-Tested),Field-Tested,https://steamcommunity.com/market/listings/730/Souvenir%20AK-47%20%7C%20Fuel%20Injector%20%28Field-Tested%29,368.77,2,2026-07-07T14:33:09.585275
Souvenir AK-47 | Fuel Injector (Minimal Wear),Souvenir AK-47 | Fuel Injector (Minimal Wear),Minimal Wear,https://steamcommunity.com/market/listings/730/Souvenir%20AK-47%20%7C%20Fuel%20Injector%20%28Minimal%20Wear%29,588.72,1,2026-07-07T14:33:09.585411
Souvenir AK-47 | Gold Arabesque (Battle-Scarred),Souvenir AK-47 | Gold Arabesque (Battle-Scarred),Battle-Scarred,https://steamcommunity.com/market/listings/730/Souvenir%20AK-47%20%7C%20Gold%20Arabesque%20%28Battle-Scarred%29,1751.49,1,2026-07-07T14:33:09.585518
Souvenir AK-47 | Green Laminate (Factory New),Souvenir AK-47 | Green Laminate (Factory New),Factory New,https://steamcommunity.com/market/listings/730/Souvenir%20AK-47%20%7C%20Green%20Laminate%20%28Factory%20New%29,49.25,28,2026-07-07T14:33:09.585624
Souvenir AK-47 | Green Laminate (Field-Tested),Souvenir AK-47 | Green Laminate (Field-Tested),Field-Tested,https://steamcommunity.com/market/listings/730/Souvenir%20AK-47%20%7C%20Green%20Laminate%20%28Field-Tested%29,22.78,35,2026-07-07T14:33:09.585728
Souvenir AK-47 | Green Laminate (Minimal Wear),Souvenir AK-47 | Green Laminate (Minimal Wear),Minimal Wear,https://steamcommunity.com/market/listings/730/Souvenir%20AK-47%20%7C%20Green%20Laminate%20%28Minimal%20Wear%29,25.18,16,2026-07-07T14:33:09.585832
Souvenir AK-47 | Green Laminate (Well-Worn),Souvenir AK-47 | Green Laminate (Well-Worn),Well-Worn,https://steamcommunity.com/market/listings/730/Souvenir%20AK-47%20%7C%20Green%20Laminate%20%28Well-Worn%29,28.11,12,2026-07-07T14:33:09.585934
Souvenir AK-47 | Head Shot (Field-Tested),Souvenir AK-47 | Head Shot (Field-Tested),Field-Tested,https://steamcommunity.com/market/listings/730/Souvenir%20AK-47%20%7C%20Head%20Shot%20%28Field-Tested%29,1568.37,1,2026-07-07T14:33:09.586035
Souvenir AK-47 | Head Shot (Well-Worn),Souvenir AK-47 | Head Shot (Well-Worn),Well-Worn,https://steamcommunity.com/market/listings/730/Souvenir%20AK-47%20%7C%20Head%20Shot%20%28Well-Worn%29,1620.92,1,2026-07-07T14:33:09.586138
Souvenir AK-47 | Ice Coaled (Factory New),Souvenir AK-47 | Ice Coaled (Factory New),Factory New,https://steamcommunity.com/market/listings/730/Souvenir%20AK-47%20%7C%20Ice%20Coaled%20%28Factory%20New%29,128.83,1,2026-07-07T14:33:09.586238
Souvenir AK-47 | Ice Coaled (Field-Tested),Souvenir AK-47 | Ice Coaled (Field-Tested),Field-Tested,https://steamcommunity.com/market/listings/730/Souvenir%20AK-47%20%7C%20Ice%20Coaled%20%28Field-Tested%29,48.88,1,2026-07-07T14:33:11.570223
Souvenir AK-47 | Ice Coaled (Minimal Wear),Souvenir AK-47 | Ice Coaled (Minimal Wear),Minimal Wear,https://steamcommunity.com/market/listings/730/Souvenir%20AK-47%20%7C%20Ice%20Coaled%20%28Minimal%20Wear%29,66.56,1,2026-07-07T14:33:11.570500
Souvenir AK-47 | Inheritance (Battle-Scarred),Souvenir AK-47 | Inheritance (Battle-Scarred),Battle-Scarred,https://steamcommunity.com/market/listings/730/Souvenir%20AK-47%20%7C%20Inheritance%20%28Battle-Scarred%29,87.8,1,2026-07-07T14:33:11.570649
Souvenir AK-47 | Inheritance (Factory New),Souvenir AK-47 | Inheritance (Factory New),Factory New,https://steamcommunity.com/market/listings/730/Souvenir%20AK-47%20%7C%20Inheritance%20%28Factory%20New%29,798.16,3,2026-07-07T14:33:11.570764
Souvenir AK-47 | Inheritance (Field-Tested),Souvenir AK-47 | Inheritance (Field-Tested),Field-Tested,https://steamcommunity.com/market/listings/730/Souvenir%20AK-47%20%7C%20Inheritance%20%28Field-Tested%29,101.61,6,2026-07-07T14:33:11.570905
Souvenir AK-47 | Inheritance (Minimal Wear),Souvenir AK-47 | Inheritance (Minimal Wear),Minimal Wear,https://steamcommunity.com/market/listings/730/Souvenir%20AK-47%20%7C%20Inheritance%20%28Minimal%20Wear%29,424.0,4,2026-07-07T14:33:11.571013
Souvenir AK-47 | Inheritance (Well-Worn),Souvenir AK-47 | Inheritance (Well-Worn),Well-Worn,https://steamcommunity.com/market/listings/730/Souvenir%20AK-47%20%7C%20Inheritance%20%28Well-Worn%29,257.66,1,2026-07-07T14:33:11.571118
Souvenir AK-47 | Jaguar (Field-Tested),Souvenir AK-47 | Jaguar (Field-Tested),Field-Tested,https://steamcommunity.com/market/listings/730/Souvenir%20AK-47%20%7C%20Jaguar%20%28Field-Tested%29,224.04,1,2026-07-07T14:33:11.571220
Souvenir AK-47 | Jungle Spray (Field-Tested),Souvenir AK-47 | Jungle Spray (Field-Tested),Field-Tested,https://steamcommunity.com/market/listings/730/Souvenir%20AK-47%20%7C%20Jungle%20Spray%20%28Field-Tested%29,137.03,2,2026-07-07T14:33:11.571315
Souvenir AK-47 | Jungle Spray (Minimal Wear),Souvenir AK-47 | Jungle Spray (Minimal Wear),Minimal Wear,https://steamcommunity.com/market/listings/730/Souvenir%20AK-47%20%7C%20Jungle%20Spray%20%28Minimal%20Wear%29,146.66,1,2026-07-07T14:33:11.571402
Souvenir AK-47 | Legion of Anubis (Factory New),Souvenir AK-47 | Legion of Anubis (Factory New),Factory New,https://steamcommunity.com/market/listings/730/Souvenir%20AK-47%20%7C%20Legion%20of%20Anubis%20%28Factory%20New%29,2042.41,1,2026-07-07T14:33:13.512500
Souvenir AK-47 | Legion of Anubis (Field-Tested),Souvenir AK-47 | Legion of Anubis (Field-Tested),Field-Tested,https://steamcommunity.com/market/listings/730/Souvenir%20AK-47%20%7C%20Legion%20of%20Anubis%20%28Field-Tested%29,385.91,1,2026-07-07T14:33:13.512630
Souvenir AK-47 | Legion of Anubis (Minimal Wear),Souvenir AK-47 | Legion of Anubis (Minimal Wear),Minimal Wear,https://steamcommunity.com/market/listings/730/Souvenir%20AK-47%20%7C%20Legion%20of%20Anubis%20%28Minimal%20Wear%29,707.54,1,2026-07-07T14:33:13.512720
Souvenir AK-47 | Midnight Laminate (Factory New),Souvenir AK-47 | Midnight Laminate (Factory New),Factory New,https://steamcommunity.com/market/listings/730/Souvenir%20AK-47%20%7C%20Midnight%20Laminate%20%28Factory%20New%29,107.54,6,2026-07-07T14:33:13.512826
Souvenir AK-47 | Midnight Laminate (Field-Tested),Souvenir AK-47 | Midnight Laminate (Field-Tested),Field-Tested,https://steamcommunity.com/market/listings/730/Souvenir%20AK-47%20%7C%20Midnight%20Laminate%20%28Field-Tested%29,43.79,7,2026-07-07T14:33:13.512929
Souvenir AK-47 | Midnight Laminate (Minimal Wear),Souvenir AK-47 | Midnight Laminate (Minimal Wear),Minimal Wear,https://steamcommunity.com/market/listings/730/Souvenir%20AK-47%20%7C%20Midnight%20Laminate%20%28Minimal%20Wear%29,25.77,6,2026-07-07T14:33:13.513053
Souvenir AK-47 | Neon Rider (Field-Tested),Souvenir AK-47 | Neon Rider (Field-Tested),Field-Tested,https://steamcommunity.com/market/listings/730/Souvenir%20AK-47%20%7C%20Neon%20Rider%20%28Field-Tested%29,126.07,1,2026-07-07T14:33:13.513163
Souvenir AK-47 | Nightwish (Field-Tested),Souvenir AK-47 | Nightwish (Field-Tested),Field-Tested,https://steamcommunity.com/market/listings/730/Souvenir%20AK-47%20%7C%20Nightwish%20%28Field-Tested%29,448.1,1,2026-07-07T14:33:13.513251
Souvenir AK-47 | Nightwish (Minimal Wear),Souvenir AK-47 | Nightwish (Minimal Wear),Minimal Wear,https://steamcommunity.com/market/listings/730/Souvenir%20AK-47%20%7C%20Nightwish%20%28Minimal%20Wear%29,1163.07,2,2026-07-07T14:33:13.513336
Souvenir AK-47 | Nightwish (Well-Worn),Souvenir AK-47 | Nightwish (Well-Worn),Well-Worn,https://steamcommunity.com/market/listings/730/Souvenir%20AK-47%20%7C%20Nightwish%20%28Well-Worn%29,900.51,1,2026-07-07T14:33:13.513423
Souvenir AK-47 | Nouveau Rouge (Factory New),Souvenir AK-47 | Nouveau Rouge (Factory New),Factory New,https://steamcommunity.com/market/listings/730/Souvenir%20AK-47%20%7C%20Nouveau%20Rouge%20%28Factory%20New%29,398.25,2,2026-07-07T14:33:15.429182
Souvenir AK-47 | Nouveau Rouge (Field-Tested),Souvenir AK-47 | Nouveau Rouge (Field-Tested),Field-Tested,https://steamcommunity.com/market/listings/730/Souvenir%20AK-47%20%7C%20Nouveau%20Rouge%20%28Field-Tested%29,422.58,3,2026-07-07T14:33:15.429313
Souvenir AK-47 | Nouveau Rouge (Minimal Wear),Souvenir AK-47 | Nouveau Rouge (Minimal Wear),Minimal Wear,https://steamcommunity.com/market/listings/730/Souvenir%20AK-47%20%7C%20Nouveau%20Rouge%20%28Minimal%20Wear%29,110.95,4,2026-07-07T14:33:15.429422
Souvenir AK-47 | Nouveau Rouge (Well-Worn),Souvenir AK-47 | Nouveau Rouge (Well-Worn),Well-Worn,https://steamcommunity.com/market/listings/730/Souvenir%20AK-47%20%7C%20Nouveau%20Rouge%20%28Well-Worn%29,48.89,2,2026-07-07T14:33:15.429528
Souvenir AK-47 | Olive Polycam (Battle-Scarred),Souvenir AK-47 | Olive Polycam (Battle-Scarred),Battle-Scarred,https://steamcommunity.com/market/listings/730/Souvenir%20AK-47%20%7C%20Olive%20Polycam%20%28Battle-Scarred%29,21.17,2,2026-07-07T14:33:15.429631
Souvenir AK-47 | Olive Polycam (Factory New),Souvenir AK-47 | Olive Polycam (Factory New),Factory New,https://steamcommunity.com/market/listings/730/Souvenir%20AK-47%20%7C%20Olive%20Polycam%20%28Factory%20New%29,10.27,41,2026-07-07T14:33:15.429734
Souvenir AK-47 | Olive Polycam (Field-Tested),Souvenir AK-47 | Olive Polycam (Field-Tested),Field-Tested,https://steamcommunity.com/market/listings/730/Souvenir%20AK-47%20%7C%20Olive%20Polycam%20%28Field-Tested%29,11.57,5,2026-07-07T14:33:15.429851
Souvenir AK-47 | Olive Polycam (Minimal Wear),Souvenir AK-47 | Olive Polycam (Minimal Wear),Minimal Wear,https://steamcommunity.com/market/listings/730/Souvenir%20AK-47%20%7C%20Olive%20Polycam%20%28Minimal%20Wear%29,8.02,7,2026-07-07T14:33:15.429957
Souvenir AK-47 | Orbit Mk01 (Battle-Scarred),Souvenir AK-47 | Orbit Mk01 (Battle-Scarred),Battle-Scarred,https://steamcommunity.com/market/listings/730/Souvenir%20AK-47%20%7C%20Orbit%20Mk01%20%28Battle-Scarred%29,179.23,1,2026-07-07T14:33:15.430062
Souvenir AK-47 | Orbit Mk01 (Field-Tested),Souvenir AK-47 | Orbit Mk01 (Field-Tested),Field-Tested,https://steamcommunity.com/market/listings/730/Souvenir%20AK-47%20%7C%20Orbit%20Mk01%20%28Field-Tested%29,222.0,1,2026-07-07T14:33:15.430166
Souvenir AK-47 | Panthera onca (Battle-Scarred),Souvenir AK-47 | Panthera onca (Battle-Scarred),Battle-Scarred,https://steamcommunity.com/market/listings/730/Souvenir%20AK-47%20%7C%20Panthera%20onca%20%28Battle-Scarred%29,159.88,10,2026-07-07T14:33:17.439187
Souvenir AK-47 | Panthera onca (Field-Tested),Souvenir AK-47 | Panthera onca (Field-Tested),Field-Tested,https://steamcommunity.com/market/listings/730/Souvenir%20AK-47%20%7C%20Panthera%20onca%20%28Field-Tested%29,198.0,14,2026-07-07T14:33:17.439316
Souvenir AK-47 | Panthera onca (Minimal Wear),Souvenir AK-47 | Panthera onca (Minimal Wear),Minimal Wear,https://steamcommunity.com/market/listings/730/Souvenir%20AK-47%20%7C%20Panthera%20onca%20%28Minimal%20Wear%29,355.95,7,2026-07-07T14:33:17.439427
Souvenir AK-47 | Panthera onca (Well-Worn),Souvenir AK-47 | Panthera onca (Well-Worn),Well-Worn,https://steamcommunity.com/market/listings/730/Souvenir%20AK-47%20%7C%20Panthera%20onca%20%28Well-Worn%29,186.53,7,2026-07-07T14:33:17.439536
Souvenir AK-47 | Point Disarray (Factory New),Souvenir AK-47 | Point Disarray (Factory New),Factory New,https://steamcommunity.com/market/listings/730/Souvenir%20AK-47%20%7C%20Point%20Disarray%20%28Factory%20New%29,450.24,1,2026-07-07T14:33:17.439641
Souvenir AK-47 | Redline (Field-Tested),Souvenir AK-47 | Redline (Field-Tested),Field-Tested,https://steamcommunity.com/market/listings/730/Souvenir%20AK-47%20%7C%20Redline%20%28Field-Tested%29,350.0,2,2026-07-07T14:33:17.439745
Souvenir AK-47 | Redline (Minimal Wear),Souvenir AK-47 | Redline (Minimal Wear),Minimal Wear,https://steamcommunity.com/market/listings/730/Souvenir%20AK-47%20%7C%20Redline%20%28Minimal%20Wear%29,978.66,1,2026-07-07T14:33:17.439837
Souvenir AK-47 | Safari Mesh (Battle-Scarred),Souvenir AK-47 | Safari Mesh (Battle-Scarred),Battle-Scarred,https://steamcommunity.com/market/listings/730/Souvenir%20AK-47%20%7C%20Safari%20Mesh%20%28Battle-Scarred%29,6.44,36,2026-07-07T14:33:17.439925
Souvenir AK-47 | Safari Mesh (Factory New),Souvenir AK-47 | Safari Mesh (Factory New),Factory New,https://steamcommunity.com/market/listings/730/Souvenir%20AK-47%20%7C%20Safari%20Mesh%20%28Factory%20New%29,30.85,12,2026-07-07T14:33:17.440012
Souvenir AK-47 | Safari Mesh (Field-Tested),Souvenir AK-47 | Safari Mesh (Field-Tested),Field-Tested,https://steamcommunity.com/market/listings/730/Souvenir%20AK-47%20%7C%20Safari%20Mesh%20%28Field-Tested%29,5.38,192,2026-07-07T14:33:17.440100
Souvenir AK-47 | Safari Mesh (Minimal Wear),Souvenir AK-47 | Safari Mesh (Minimal Wear),Minimal Wear,https://steamcommunity.com/market/listings/730/Souvenir%20AK-47%20%7C%20Safari%20Mesh%20%28Minimal%20Wear%29,6.36,73,2026-07-07T14:33:19.329313
Souvenir AK-47 | Safari Mesh (Well-Worn),Souvenir AK-47 | Safari Mesh (Well-Worn),Well-Worn,https://steamcommunity.com/market/listings/730/Souvenir%20AK-47%20%7C%20Safari%20Mesh%20%28Well-Worn%29,5.59,30,2026-07-07T14:33:19.329414
Souvenir AK-47 | Safety Net (Battle-Scarred),Souvenir AK-47 | Safety Net (Battle-Scarred),Battle-Scarred,https://steamcommunity.com/market/listings/730/Souvenir%20AK-47%20%7C%20Safety%20Net%20%28Battle-Scarred%29,21.28,13,2026-07-07T14:33:19.329496
Souvenir AK-47 | Safety Net (Factory New),Souvenir AK-47 | Safety Net (Factory New),Factory New,https://steamcommunity.com/market/listings/730/Souvenir%20AK-47%20%7C%20Safety%20Net%20%28Factory%20New%29,64.98,19,2026-07-07T14:33:19.329571
Souvenir AK-47 | Safety Net (Field-Tested),Souvenir AK-47 | Safety Net (Field-Tested),Field-Tested,https://steamcommunity.com/market/listings/730/Souvenir%20AK-47%20%7C%20Safety%20Net%20%28Field-Tested%29,23.15,26,2026-07-07T14:33:19.329647
Souvenir AK-47 | Safety Net (Minimal Wear),Souvenir AK-47 | Safety Net (Minimal Wear),Minimal Wear,https://steamcommunity.com/market/listings/730/Souvenir%20AK-47%20%7C%20Safety%20Net%20%28Minimal%20Wear%29,27.85,23,2026-07-07T14:33:19.329740
Souvenir AK-47 | Safety Net (Well-Worn),Souvenir AK-47 | Safety Net (Well-Worn),Well-Worn,https://steamcommunity.com/market/listings/730/Souvenir%20AK-47%20%7C%20Safety%20Net%20%28Well-Worn%29,28.03,6,2026-07-07T14:33:19.329830
Souvenir AK-47 | Searing Rage (Factory New),Souvenir AK-47 | Searing Rage (Factory New),Factory New,https://steamcommunity.com/market/listings/730/Souvenir%20AK-47%20%7C%20Searing%20Rage%20%28Factory%20New%29,152.35,1,2026-07-07T14:33:19.329920
Souvenir AK-47 | Searing Rage (Field-Tested),Souvenir AK-47 | Searing Rage (Field-Tested),Field-Tested,https://steamcommunity.com/market/listings/730/Souvenir%20AK-47%20%7C%20Searing%20Rage%20%28Field-Tested%29,121.92,1,2026-07-07T14:33:19.330006
Souvenir AK-47 | Searing Rage (Minimal Wear),Souvenir AK-47 | Searing Rage (Minimal Wear),Minimal Wear,https://steamcommunity.com/market/listings/730/Souvenir%20AK-47%20%7C%20Searing%20Rage%20%28Minimal%20Wear%29,230.0,1,2026-07-07T14:33:19.330093
Souvenir AK-47 | Slate (Battle-Scarred),Souvenir AK-47 | Slate (Battle-Scarred),Battle-Scarred,https://steamcommunity.com/market/listings/730/Souvenir%20AK-47%20%7C%20Slate%20%28Battle-Scarred%29,60.0,1,2026-07-07T14:33:21.525472
Souvenir AK-47 | Slate (Factory New),Souvenir AK-47 | Slate (Factory New),Factory New,https://steamcommunity.com/market/listings/730/Souvenir%20AK-47%20%7C%20Slate%20%28Factory%20New%29,53.76,15,2026-07-07T14:33:21.525601
Souvenir AK-47 | Slate (Field-Tested),Souvenir AK-47 | Slate (Field-Tested),Field-Tested,https://steamcommunity.com/market/listings/730/Souvenir%20AK-47%20%7C%20Slate%20%28Field-Tested%29,39.99,5,2026-07-07T14:33:21.525707
Souvenir AK-47 | Slate (Minimal Wear),Souvenir AK-47 | Slate (Minimal Wear),Minimal Wear,https://steamcommunity.com/market/listings/730/Souvenir%20AK-47%20%7C%20Slate%20%28Minimal%20Wear%29,28.58,12,2026-07-07T14:33:21.525811
Souvenir AK-47 | Slate (Well-Worn),Souvenir AK-47 | Slate (Well-Worn),Well-Worn,https://steamcommunity.com/market/listings/730/Souvenir%20AK-47%20%7C%20Slate%20%28Well-Worn%29,30.6,3,2026-07-07T14:33:21.526108
Souvenir AK-47 | Steel Delta (Battle-Scarred),Souvenir AK-47 | Steel Delta (Battle-Scarred),Battle-Scarred,https://steamcommunity.com/market/listings/730/Souvenir%20AK-47%20%7C%20Steel%20Delta%20%28Battle-Scarred%29,5.69,46,2026-07-07T14:33:21.526245
Souvenir AK-47 | Steel Delta (Factory New),Souvenir AK-47 | Steel Delta (Factory New),Factory New,https://steamcommunity.com/market/listings/730/Souvenir%20AK-47%20%7C%20Steel%20Delta%20%28Factory%20New%29,25.55,33,2026-07-07T14:33:21.526356
Souvenir AK-47 | Steel Delta (Field-Tested),Souvenir AK-47 | Steel Delta (Field-Tested),Field-Tested,https://steamcommunity.com/market/listings/730/Souvenir%20AK-47%20%7C%20Steel%20Delta%20%28Field-Tested%29,4.02,98,2026-07-07T14:33:21.526465
Souvenir AK-47 | Steel Delta (Minimal Wear),Souvenir AK-47 | Steel Delta (Minimal Wear),Minimal Wear,https://steamcommunity.com/market/listings/730/Souvenir%20AK-47%20%7C%20Steel%20Delta%20%28Minimal%20Wear%29,6.16,52,2026-07-07T14:33:21.526570
Souvenir AK-47 | Steel Delta (Well-Worn),Souvenir AK-47 | Steel Delta (Well-Worn),Well-Worn,https://steamcommunity.com/market/listings/730/Souvenir%20AK-47%20%7C%20Steel%20Delta%20%28Well-Worn%29,7.4,20,2026-07-07T14:33:21.526673
Souvenir AK-47 | The Oligarch (Battle-Scarred),Souvenir AK-47 | The Oligarch (Battle-Scarred),Battle-Scarred,https://steamcommunity.com/market/listings/730/Souvenir%20AK-47%20%7C%20The%20Oligarch%20%28Battle-Scarred%29,275.0,1,2026-07-07T14:33:23.439008
Souvenir AK-47 | The Oligarch (Field-Tested),Souvenir AK-47 | The Oligarch (Field-Tested),Field-Tested,https://steamcommunity.com/market/listings/730/Souvenir%20AK-47%20%7C%20The%20Oligarch%20%28Field-Tested%29,216.95,6,2026-07-07T14:33:23.439119
Souvenir AK-47 | The Oligarch (Minimal Wear),Souvenir AK-47 | The Oligarch (Minimal Wear),Minimal Wear,https://steamcommunity.com/market/listings/730/Souvenir%20AK-47%20%7C%20The%20Oligarch%20%28Minimal%20Wear%29,559.14,3,2026-07-07T14:33:23.439210
Souvenir AK-47 | The Outsiders (Minimal Wear),Souvenir AK-47 | The Outsiders (Minimal Wear),Minimal Wear,https://steamcommunity.com/market/listings/730/Souvenir%20AK-47%20%7C%20The%20Outsiders%20%28Minimal%20Wear%29,506.51,1,2026-07-07T14:33:23.439294
Souvenir AK-47 | Uncharted (Factory New),Souvenir AK-47 | Uncharted (Factory New),Factory New,https://steamcommunity.com/market/listings/730/Souvenir%20AK-47%20%7C%20Uncharted%20%28Factory%20New%29,798.26,1,2026-07-07T14:33:23.439377
Souvenir AK-47 | Uncharted (Field-Tested),Souvenir AK-47 | Uncharted (Field-Tested),Field-Tested,https://steamcommunity.com/market/listings/730/Souvenir%20AK-47%20%7C%20Uncharted%20%28Field-Tested%29,25.72,1,2026-07-07T14:33:23.439462
Souvenir AK-47 | Uncharted (Minimal Wear),Souvenir AK-47 | Uncharted (Minimal Wear),Minimal Wear,https://steamcommunity.com/market/listings/730/Souvenir%20AK-47%20%7C%20Uncharted%20%28Minimal%20Wear%29,79.94,2,2026-07-07T14:33:23.439561
Souvenir AK-47 | VariCamo Grey (Factory New),Souvenir AK-47 | VariCamo Grey (Factory New),Factory New,https://steamcommunity.com/market/listings/730/Souvenir%20AK-47%20%7C%20VariCamo%20Grey%20%28Factory%20New%29,9.2,16,2026-07-07T14:33:23.439682
Souvenir AK-47 | VariCamo Grey (Field-Tested),Souvenir AK-47 | VariCamo Grey (Field-Tested),Field-Tested,https://steamcommunity.com/market/listings/730/Souvenir%20AK-47%20%7C%20VariCamo%20Grey%20%28Field-Tested%29,6.4,16,2026-07-07T14:33:23.439790
Souvenir AK-47 | VariCamo Grey (Minimal Wear),Souvenir AK-47 | VariCamo Grey (Minimal Wear),Minimal Wear,https://steamcommunity.com/market/listings/730/Souvenir%20AK-47%20%7C%20VariCamo%20Grey%20%28Minimal%20Wear%29,4.89,12,2026-07-07T14:33:23.439892
Souvenir AK-47 | VariCamo Grey (Well-Worn),Souvenir AK-47 | VariCamo Grey (Well-Worn),Well-Worn,https://steamcommunity.com/market/listings/730/Souvenir%20AK-47%20%7C%20VariCamo%20Grey%20%28Well-Worn%29,9.5,2,2026-07-07T14:33:25.342406
Souvenir AK-47 | Vulcan (Battle-Scarred),Souvenir AK-47 | Vulcan (Battle-Scarred),Battle-Scarred,https://steamcommunity.com/market/listings/730/Souvenir%20AK-47%20%7C%20Vulcan%20%28Battle-Scarred%29,514.57,1,2026-07-07T14:33:25.342533
Souvenir AK-47 | Wasteland Rebel (Minimal Wear),Souvenir AK-47 | Wasteland Rebel (Minimal Wear),Minimal Wear,https://steamcommunity.com/market/listings/730/Souvenir%20AK-47%20%7C%20Wasteland%20Rebel%20%28Minimal%20Wear%29,1330.45,1,2026-07-07T14:33:25.342627
Souvenir AK-47 | Wintergreen (Battle-Scarred),Souvenir AK-47 | Wintergreen (Battle-Scarred),Battle-Scarred,https://steamcommunity.com/market/listings/730/Souvenir%20AK-47%20%7C%20Wintergreen%20%28Battle-Scarred%29,11.18,2,2026-07-07T14:33:25.342715
Souvenir AK-47 | Wintergreen (Factory New),Souvenir AK-47 | Wintergreen (Factory New),Factory New,https://steamcommunity.com/market/listings/730/Souvenir%20AK-47%20%7C%20Wintergreen%20%28Factory%20New%29,48.59,15,2026-07-07T14:33:25.342800
Souvenir AK-47 | Wintergreen (Field-Tested),Souvenir AK-47 | Wintergreen (Field-Tested),Field-Tested,https://steamcommunity.com/market/listings/730/Souvenir%20AK-47%20%7C%20Wintergreen%20%28Field-Tested%29,27.0,4,2026-07-07T14:33:25.342886
Souvenir AK-47 | Wintergreen (Minimal Wear),Souvenir AK-47 | Wintergreen (Minimal Wear),Minimal Wear,https://steamcommunity.com/market/listings/730/Souvenir%20AK-47%20%7C%20Wintergreen%20%28Minimal%20Wear%29,27.0,8,2026-07-07T14:33:25.342974
StatTrak™ AK-47 | Aquamarine Revenge (Battle-Scarred),StatTrak™ AK-47 | Aquamarine Revenge (Battle-Scarred),Battle-Scarred,https://steamcommunity.com/market/listings/730/StatTrak%E2%84%A2%20AK-47%20%7C%20Aquamarine%20Revenge%20%28Battle-Scarred%29,73.32,14,2026-07-07T14:33:25.343059
StatTrak™ AK-47 | Aquamarine Revenge (Factory New),StatTrak™ AK-47 | Aquamarine Revenge (Factory New),Factory New,https://steamcommunity.com/market/listings/730/StatTrak%E2%84%A2%20AK-47%20%7C%20Aquamarine%20Revenge%20%28Factory%20New%29,449.83,8,2026-07-07T14:33:25.343143
StatTrak™ AK-47 | Aquamarine Revenge (Field-Tested),StatTrak™ AK-47 | Aquamarine Revenge (Field-Tested),Field-Tested,https://steamcommunity.com/market/listings/730/StatTrak%E2%84%A2%20AK-47%20%7C%20Aquamarine%20Revenge%20%28Field-Tested%29,129.0,21,2026-07-07T14:33:25.343228
StatTrak™ AK-47 | Aquamarine Revenge (Minimal Wear),StatTrak™ AK-47 | Aquamarine Revenge (Minimal Wear),Minimal Wear,https://steamcommunity.com/market/listings/730/StatTrak%E2%84%A2%20AK-47%20%7C%20Aquamarine%20Revenge%20%28Minimal%20Wear%29,245.59,11,2026-07-07T14:33:27.231225
StatTrak™ AK-47 | Aquamarine Revenge (Well-Worn),StatTrak™ AK-47 | Aquamarine Revenge (Well-Worn),Well-Worn,https://steamcommunity.com/market/listings/730/StatTrak%E2%84%A2%20AK-47%20%7C%20Aquamarine%20Revenge%20%28Well-Worn%29,84.0,11,2026-07-07T14:33:27.231304
StatTrak™ AK-47 | Asiimov (Battle-Scarred),StatTrak™ AK-47 | Asiimov (Battle-Scarred),Battle-Scarred,https://steamcommunity.com/market/listings/730/StatTrak%E2%84%A2%20AK-47%20%7C%20Asiimov%20%28Battle-Scarred%29,92.89,9,2026-07-07T14:33:27.231377
StatTrak™ AK-47 | Asiimov (Factory New),StatTrak™ AK-47 | Asiimov (Factory New),Factory New,https://steamcommunity.com/market/listings/730/StatTrak%E2%84%A2%20AK-47%20%7C%20Asiimov%20%28Factory%20New%29,834.33,3,2026-07-07T14:33:27.231489
StatTrak™ AK-47 | Asiimov (Field-Tested),StatTrak™ AK-47 | Asiimov (Field-Tested),Field-Tested,https://steamcommunity.com/market/listings/730/StatTrak%E2%84%A2%20AK-47%20%7C%20Asiimov%20%28Field-Tested%29,89.98,37,2026-07-07T14:33:27.231758
StatTrak™ AK-47 | Asiimov (Minimal Wear),StatTrak™ AK-47 | Asiimov (Minimal Wear),Minimal Wear,https://steamcommunity.com/market/listings/730/StatTrak%E2%84%A2%20AK-47%20%7C%20Asiimov%20%28Minimal%20Wear%29,181.56,27,2026-07-07T14:33:27.231921
StatTrak™ AK-47 | Asiimov (Well-Worn),StatTrak™ AK-47 | Asiimov (Well-Worn),Well-Worn,https://steamcommunity.com/market/listings/730/StatTrak%E2%84%A2%20AK-47%20%7C%20Asiimov%20%28Well-Worn%29,108.98,11,2026-07-07T14:33:27.232000
StatTrak™ AK-47 | Bloodsport (Factory New),StatTrak™ AK-47 | Bloodsport (Factory New),Factory New,https://steamcommunity.com/market/listings/730/StatTrak%E2%84%A2%20AK-47%20%7C%20Bloodsport%20%28Factory%20New%29,562.27,16,2026-07-07T14:33:27.232071
StatTrak™ AK-47 | Bloodsport (Field-Tested),StatTrak™ AK-47 | Bloodsport (Field-Tested),Field-Tested,https://steamcommunity.com/market/listings/730/StatTrak%E2%84%A2%20AK-47%20%7C%20Bloodsport%20%28Field-Tested%29,397.82,3,2026-07-07T14:33:27.232141
StatTrak™ AK-47 | Bloodsport (Minimal Wear),StatTrak™ AK-47 | Bloodsport (Minimal Wear),Minimal Wear,https://steamcommunity.com/market/listings/730/StatTrak%E2%84%A2%20AK-47%20%7C%20Bloodsport%20%28Minimal%20Wear%29,443.82,8,2026-07-07T14:33:27.232217
StatTrak™ AK-47 | Bloodsport (Well-Worn),StatTrak™ AK-47 | Bloodsport (Well-Worn),Well-Worn,https://steamcommunity.com/market/listings/730/StatTrak%E2%84%A2%20AK-47%20%7C%20Bloodsport%20%28Well-Worn%29,370.0,4,2026-07-07T14:33:29.174574
StatTrak™ AK-47 | Blue Laminate (Factory New),StatTrak™ AK-47 | Blue Laminate (Factory New),Factory New,https://steamcommunity.com/market/listings/730/StatTrak%E2%84%A2%20AK-47%20%7C%20Blue%20Laminate%20%28Factory%20New%29,75.95,48,2026-07-07T14:33:29.174624
StatTrak™ AK-47 | Blue Laminate (Field-Tested),StatTrak™ AK-47 | Blue Laminate (Field-Tested),Field-Tested,https://steamcommunity.com/market/listings/730/StatTrak%E2%84%A2%20AK-47%20%7C%20Blue%20Laminate%20%28Field-Tested%29,48.27,91,2026-07-07T14:33:29.174665
StatTrak™ AK-47 | Blue Laminate (Minimal Wear),StatTrak™ AK-47 | Blue Laminate (Minimal Wear),Minimal Wear,https://steamcommunity.com/market/listings/730/StatTrak%E2%84%A2%20AK-47%20%7C%20Blue%20Laminate%20%28Minimal%20Wear%29,51.0,83,2026-07-07T14:33:29.174706
StatTrak™ AK-47 | Blue Laminate (Well-Worn),StatTrak™ AK-47 | Blue Laminate (Well-Worn),Well-Worn,https://steamcommunity.com/market/listings/730/StatTrak%E2%84%A2%20AK-47%20%7C%20Blue%20Laminate%20%28Well-Worn%29,73.22,4,2026-07-07T14:33:29.174749
StatTrak™ AK-47 | Cartel (Battle-Scarred),StatTrak™ AK-47 | Cartel (Battle-Scarred),Battle-Scarred,https://steamcommunity.com/market/listings/730/StatTrak%E2%84%A2%20AK-47%20%7C%20Cartel%20%28Battle-Scarred%29,63.34,9,2026-07-07T14:33:29.174794
StatTrak™ AK-47 | Cartel (Factory New),StatTrak™ AK-47 | Cartel (Factory New),Factory New,https://steamcommunity.com/market/listings/730/StatTrak%E2%84%A2%20AK-47%20%7C%20Cartel%20%28Factory%20New%29,144.99,26,2026-07-07T14:33:29.174833
StatTrak™ AK-47 | Cartel (Field-Tested),StatTrak™ AK-47 | Cartel (Field-Tested),Field-Tested,https://steamcommunity.com/market/listings/730/StatTrak%E2%84%A2%20AK-47%20%7C%20Cartel%20%28Field-Tested%29,59.82,39,2026-07-07T14:33:29.174872
StatTrak™ AK-47 | Cartel (Minimal Wear),StatTrak™ AK-47 | Cartel (Minimal Wear),Minimal Wear,https://steamcommunity.com/market/listings/730/StatTrak%E2%84%A2%20AK-47%20%7C%20Cartel%20%28Minimal%20Wear%29,94.68,29,2026-07-07T14:33:29.174912
StatTrak™ AK-47 | Cartel (Well-Worn),StatTrak™ AK-47 | Cartel (Well-Worn),Well-Worn,https://steamcommunity.com/market/listings/730/StatTrak%E2%84%A2%20AK-47%20%7C%20Cartel%20%28Well-Worn%29,67.36,4,2026-07-07T14:33:29.174951
StatTrak™ AK-47 | Case Hardened (Battle-Scarred),StatTrak™ AK-47 | Case Hardened (Battle-Scarred),Battle-Scarred,https://steamcommunity.com/market/listings/730/StatTrak%E2%84%A2%20AK-47%20%7C%20Case%20Hardened%20%28Battle-Scarred%29,658.86,3,2026-07-07T14:33:31.029837
StatTrak™ AK-47 | Case Hardened (Factory New),StatTrak™ AK-47 | Case Hardened (Factory New),Factory New,https://steamcommunity.com/market/listings/730/StatTrak%E2%84%A2%20AK-47%20%7C%20Case%20Hardened%20%28Factory%20New%29,1315.28,2,2026-07-07T14:33:31.029938
StatTrak™ AK-47 | Case Hardened (Field-Tested),StatTrak™ AK-47 | Case Hardened (Field-Tested),Field-Tested,https://steamcommunity.com/market/listings/730/StatTrak%E2%84%A2%20AK-47%20%7C%20Case%20Hardened%20%28Field-Tested%29,784.68,7,2026-07-07T14:33:31.030029
StatTrak™ AK-47 | Case Hardened (Minimal Wear),StatTrak™ AK-47 | Case Hardened (Minimal Wear),Minimal Wear,https://steamcommunity.com/market/listings/730/StatTrak%E2%84%A2%20AK-47%20%7C%20Case%20Hardened%20%28Minimal%20Wear%29,1034.97,6,2026-07-07T14:33:31.030118
StatTrak™ AK-47 | Case Hardened (Well-Worn),StatTrak™ AK-47 | Case Hardened (Well-Worn),Well-Worn,https://steamcommunity.com/market/listings/730/StatTrak%E2%84%A2%20AK-47%20%7C%20Case%20Hardened%20%28Well-Worn%29,656.56,7,2026-07-07T14:33:31.030208
StatTrak™ AK-47 | Crane Flight (Battle-Scarred),StatTrak™ AK-47 | Crane Flight (Battle-Scarred),Battle-Scarred,https://steamcommunity.com/market/listings/730/StatTrak%E2%84%A2%20AK-47%20%7C%20Crane%20Flight%20%28Battle-Scarred%29,28.0,68,2026-07-07T14:33:31.030294
StatTrak™ AK-47 | Crane Flight (Factory New),StatTrak™ AK-47 | Crane Flight (Factory New),Factory New,https://steamcommunity.com/market/listings/730/StatTrak%E2%84%A2%20AK-47%20%7C%20Crane%20Flight%20%28Factory%20New%29,224.25,23,2026-07-07T14:33:31.030380
StatTrak™ AK-47 | Crane Flight (Field-Tested),StatTrak™ AK-47 | Crane Flight (Field-Tested),Field-Tested,https://steamcommunity.com/market/listings/730/StatTrak%E2%84%A2%20AK-47%20%7C%20Crane%20Flight%20%28Field-Tested%29,45.23,108,2026-07-07T14:33:31.030469
StatTrak™ AK-47 | Crane Flight (Minimal Wear),StatTrak™ AK-47 | Crane Flight (Minimal Wear),Minimal Wear,https://steamcommunity.com/market/listings/730/StatTrak%E2%84%A2%20AK-47%20%7C%20Crane%20Flight%20%28Minimal%20Wear%29,90.0,66,2026-07-07T14:33:31.030555
StatTrak™ AK-47 | Crane Flight (Well-Worn),StatTrak™ AK-47 | Crane Flight (Well-Worn),Well-Worn,https://steamcommunity.com/market/listings/730/StatTrak%E2%84%A2%20AK-47%20%7C%20Crane%20Flight%20%28Well-Worn%29,33.78,53,2026-07-07T14:33:31.030641
StatTrak™ AK-47 | Elite Build (Battle-Scarred),StatTrak™ AK-47 | Elite Build (Battle-Scarred),Battle-Scarred,https://steamcommunity.com/market/listings/730/StatTrak%E2%84%A2%20AK-47%20%7C%20Elite%20Build%20%28Battle-Scarred%29,5.14,357,2026-07-07T14:33:32.895685
StatTrak™ AK-47 | Elite Build (Factory New),StatTrak™ AK-47 | Elite Build (Factory New),Factory New,https://steamcommunity.com/market/listings/730/StatTrak%E2%84%A2%20AK-47%20%7C%20Elite%20Build%20%28Factory%20New%29,43.33,85,2026-07-07T14:33:32.895814
StatTrak™ AK-47 | Elite Build (Field-Tested),StatTrak™ AK-47 | Elite Build (Field-Tested),Field-Tested,https://steamcommunity.com/market/listings/730/StatTrak%E2%84%A2%20AK-47%20%7C%20Elite%20Build%20%28Field-Tested%29,7.08,505,2026-07-07T14:33:32.895922
StatTrak™ AK-47 | Elite Build (Minimal Wear),StatTrak™ AK-47 | Elite Build (Minimal Wear),Minimal Wear,https://steamcommunity.com/market/listings/730/StatTrak%E2%84%A2%20AK-47%20%7C%20Elite%20Build%20%28Minimal%20Wear%29,12.48,368,2026-07-07T14:33:32.896032
StatTrak™ AK-47 | Elite Build (Well-Worn),StatTrak™ AK-47 | Elite Build (Well-Worn),Well-Worn,https://steamcommunity.com/market/listings/730/StatTrak%E2%84%A2%20AK-47%20%7C%20Elite%20Build%20%28Well-Worn%29,5.07,549,2026-07-07T14:33:32.896136
StatTrak™ AK-47 | Frontside Misty (Battle-Scarred),StatTrak™ AK-47 | Frontside Misty (Battle-Scarred),Battle-Scarred,https://steamcommunity.com/market/listings/730/StatTrak%E2%84%A2%20AK-47%20%7C%20Frontside%20Misty%20%28Battle-Scarred%29,41.8,28,2026-07-07T14:33:32.896244
StatTrak™ AK-47 | Frontside Misty (Factory New),StatTrak™ AK-47 | Frontside Misty (Factory New),Factory New,https://steamcommunity.com/market/listings/730/StatTrak%E2%84%A2%20AK-47%20%7C%20Frontside%20Misty%20%28Factory%20New%29,283.02,9,2026-07-07T14:33:32.896339
StatTrak™ AK-47 | Frontside Misty (Field-Tested),StatTrak™ AK-47 | Frontside Misty (Field-Tested),Field-Tested,https://steamcommunity.com/market/listings/730/StatTrak%E2%84%A2%20AK-47%20%7C%20Frontside%20Misty%20%28Field-Tested%29,46.0,72,2026-07-07T14:33:32.896446
StatTrak™ AK-47 | Frontside Misty (Minimal Wear),StatTrak™ AK-47 | Frontside Misty (Minimal Wear),Minimal Wear,https://steamcommunity.com/market/listings/730/StatTrak%E2%84%A2%20AK-47%20%7C%20Frontside%20Misty%20%28Minimal%20Wear%29,101.0,27,2026-07-07T14:33:32.896532
StatTrak™ AK-47 | Frontside Misty (Well-Worn),StatTrak™ AK-47 | Frontside Misty (Well-Worn),Well-Worn,https://steamcommunity.com/market/listings/730/StatTrak%E2%84%A2%20AK-47%20%7C%20Frontside%20Misty%20%28Well-Worn%29,42.25,17,2026-07-07T14:33:32.896619
StatTrak™ AK-47 | Fuel Injector (Battle-Scarred),StatTrak™ AK-47 | Fuel Injector (Battle-Scarred),Battle-Scarred,https://steamcommunity.com/market/listings/730/StatTrak%E2%84%A2%20AK-47%20%7C%20Fuel%20Injector%20%28Battle-Scarred%29,285.46,4,2026-07-07T14:33:34.775597
StatTrak™ AK-47 | Fuel Injector (Factory New),StatTrak™ AK-47 | Fuel Injector (Factory New),Factory New,https://steamcommunity.com/market/listings/730/StatTrak%E2%84%A2%20AK-47%20%7C%20Fuel%20Injector%20%28Factory%20New%29,1343.34,2,2026-07-07T14:33:34.775707
StatTrak™ AK-47 | Fuel Injector (Field-Tested),StatTrak™ AK-47 | Fuel Injector (Field-Tested),Field-Tested,https://steamcommunity.com/market/listings/730/StatTrak%E2%84%A2%20AK-47%20%7C%20Fuel%20Injector%20%28Field-Tested%29,558.04,10,2026-07-07T14:33:34.775797
StatTrak™ AK-47 | Fuel Injector (Minimal Wear),StatTrak™ AK-47 | Fuel Injector (Minimal Wear),Minimal Wear,https://steamcommunity.com/market/listings/730/StatTrak%E2%84%A2%20AK-47%20%7C%20Fuel%20Injector%20%28Minimal%20Wear%29,760.9,4,2026-07-07T14:33:34.775886
StatTrak™ AK-47 | Fuel Injector (Well-Worn),StatTrak™ AK-47 | Fuel Injector (Well-Worn),Well-Worn,https://steamcommunity.com/market/listings/730/StatTrak%E2%84%A2%20AK-47%20%7C%20Fuel%20Injector%20%28Well-Worn%29,399.66,7,2026-07-07T14:33:34.775972
StatTrak™ AK-47 | Head Shot (Battle-Scarred),StatTrak™ AK-47 | Head Shot (Battle-Scarred),Battle-Scarred,https://steamcommunity.com/market/listings/730/StatTrak%E2%84%A2%20AK-47%20%7C%20Head%20Shot%20%28Battle-Scarred%29,32.0,55,2026-07-07T14:33:34.776059
StatTrak™ AK-47 | Head Shot (Factory New),StatTrak™ AK-47 | Head Shot (Factory New),Factory New,https://steamcommunity.com/market/listings/730/StatTrak%E2%84%A2%20AK-47%20%7C%20Head%20Shot%20%28Factory%20New%29,158.87,27,2026-07-07T14:33:34.776155
StatTrak™ AK-47 | Head Shot (Field-Tested),StatTrak™ AK-47 | Head Shot (Field-Tested),Field-Tested,https://steamcommunity.com/market/listings/730/StatTrak%E2%84%A2%20AK-47%20%7C%20Head%20Shot%20%28Field-Tested%29,44.54,95,2026-07-07T14:33:34.776241
StatTrak™ AK-47 | Head Shot (Minimal Wear),StatTrak™ AK-47 | Head Shot (Minimal Wear),Minimal Wear,https://steamcommunity.com/market/listings/730/StatTrak%E2%84%A2%20AK-47%20%7C%20Head%20Shot%20%28Minimal%20Wear%29,65.12,69,2026-07-07T14:33:34.776317
StatTrak™ AK-47 | Head Shot (Well-Worn),StatTrak™ AK-47 | Head Shot (Well-Worn),Well-Worn,https://steamcommunity.com/market/listings/730/StatTrak%E2%84%A2%20AK-47%20%7C%20Head%20Shot%20%28Well-Worn%29,33.43,80,2026-07-07T14:33:34.776389
StatTrak™ AK-47 | Ice Coaled (Battle-Scarred),StatTrak™ AK-47 | Ice Coaled (Battle-Scarred),Battle-Scarred,https://steamcommunity.com/market/listings/730/StatTrak%E2%84%A2%20AK-47%20%7C%20Ice%20Coaled%20%28Battle-Scarred%29,12.43,88,2026-07-07T14:33:36.650316
StatTrak™ AK-47 | Ice Coaled (Factory New),StatTrak™ AK-47 | Ice Coaled (Factory New),Factory New,https://steamcommunity.com/market/listings/730/StatTrak%E2%84%A2%20AK-47%20%7C%20Ice%20Coaled%20%28Factory%20New%29,51.17,86,2026-07-07T14:33:36.650425
StatTrak™ AK-47 | Ice Coaled (Field-Tested),StatTrak™ AK-47 | Ice Coaled (Field-Tested),Field-Tested,https://steamcommunity.com/market/listings/730/StatTrak%E2%84%A2%20AK-47%20%7C%20Ice%20Coaled%20%28Field-Tested%29,12.48,283,2026-07-07T14:33:36.650516
StatTrak™ AK-47 | Ice Coaled (Minimal Wear),StatTrak™ AK-47 | Ice Coaled (Minimal Wear),Minimal Wear,https://steamcommunity.com/market/listings/730/StatTrak%E2%84%A2%20AK-47%20%7C%20Ice%20Coaled%20%28Minimal%20Wear%29,26.0,130,2026-07-07T14:33:36.650605
StatTrak™ AK-47 | Ice Coaled (Well-Worn),StatTrak™ AK-47 | Ice Coaled (Well-Worn),Well-Worn,https://steamcommunity.com/market/listings/730/StatTrak%E2%84%A2%20AK-47%20%7C%20Ice%20Coaled%20%28Well-Worn%29,13.98,61,2026-07-07T14:33:36.650691
StatTrak™ AK-47 | Inheritance (Battle-Scarred),StatTrak™ AK-47 | Inheritance (Battle-Scarred),Battle-Scarred,https://steamcommunity.com/market/listings/730/StatTrak%E2%84%A2%20AK-47%20%7C%20Inheritance%20%28Battle-Scarred%29,96.14,22,2026-07-07T14:33:36.650777
StatTrak™ AK-47 | Inheritance (Factory New),StatTrak™ AK-47 | Inheritance (Factory New),Factory New,https://steamcommunity.com/market/listings/730/StatTrak%E2%84%A2%20AK-47%20%7C%20Inheritance%20%28Factory%20New%29,420.0,17,2026-07-07T14:33:36.650864
StatTrak™ AK-47 | Inheritance (Field-Tested),StatTrak™ AK-47 | Inheritance (Field-Tested),Field-Tested,https://steamcommunity.com/market/listings/730/StatTrak%E2%84%A2%20AK-47%20%7C%20Inheritance%20%28Field-Tested%29,124.75,58,2026-07-07T14:33:36.650949
StatTrak™ AK-47 | Inheritance (Minimal Wear),StatTrak™ AK-47 | Inheritance (Minimal Wear),Minimal Wear,https://steamcommunity.com/market/listings/730/StatTrak%E2%84%A2%20AK-47%20%7C%20Inheritance%20%28Minimal%20Wear%29,206.0,43,2026-07-07T14:33:36.651034
StatTrak™ AK-47 | Inheritance (Well-Worn),StatTrak™ AK-47 | Inheritance (Well-Worn),Well-Worn,https://steamcommunity.com/market/listings/730/StatTrak%E2%84%A2%20AK-47%20%7C%20Inheritance%20%28Well-Worn%29,112.82,11,2026-07-07T14:33:36.651121
StatTrak™ AK-47 | Jaguar (Battle-Scarred),StatTrak™ AK-47 | Jaguar (Battle-Scarred),Battle-Scarred,https://steamcommunity.com/market/listings/730/StatTrak%E2%84%A2%20AK-47%20%7C%20Jaguar%20%28Battle-Scarred%29,261.01,6,2026-07-07T14:33:38.570549
StatTrak™ AK-47 | Jaguar (Factory New),StatTrak™ AK-47 | Jaguar (Factory New),Factory New,https://steamcommunity.com/market/listings/730/StatTrak%E2%84%A2%20AK-47%20%7C%20Jaguar%20%28Factory%20New%29,949.99,2,2026-07-07T14:33:38.570778
StatTrak™ AK-47 | Jaguar (Field-Tested),StatTrak™ AK-47 | Jaguar (Field-Tested),Field-Tested,https://steamcommunity.com/market/listings/730/StatTrak%E2%84%A2%20AK-47%20%7C%20Jaguar%20%28Field-Tested%29,287.76,7,2026-07-07T14:33:38.570902
StatTrak™ AK-47 | Jaguar (Minimal Wear),StatTrak™ AK-47 | Jaguar (Minimal Wear),Minimal Wear,https://steamcommunity.com/market/listings/730/StatTrak%E2%84%A2%20AK-47%20%7C%20Jaguar%20%28Minimal%20Wear%29,400.48,6,2026-07-07T14:33:38.571019
StatTrak™ AK-47 | Jaguar (Well-Worn),StatTrak™ AK-47 | Jaguar (Well-Worn),Well-Worn,https://steamcommunity.com/market/listings/730/StatTrak%E2%84%A2%20AK-47%20%7C%20Jaguar%20%28Well-Worn%29,205.54,4,2026-07-07T14:33:38.571199
StatTrak™ AK-47 | Leet Museo (Battle-Scarred),StatTrak™ AK-47 | Leet Museo (Battle-Scarred),Battle-Scarred,https://steamcommunity.com/market/listings/730/StatTrak%E2%84%A2%20AK-47%20%7C%20Leet%20Museo%20%28Battle-Scarred%29,124.79,8,2026-07-07T14:33:38.571304
StatTrak™ AK-47 | Leet Museo (Factory New),StatTrak™ AK-47 | Leet Museo (Factory New),Factory New,https://steamcommunity.com/market/listings/730/StatTrak%E2%84%A2%20AK-47%20%7C%20Leet%20Museo%20%28Factory%20New%29,527.44,12,2026-07-07T14:33:38.571398
StatTrak™ AK-47 | Leet Museo (Field-Tested),StatTrak™ AK-47 | Leet Museo (Field-Tested),Field-Tested,https://steamcommunity.com/market/listings/730/StatTrak%E2%84%A2%20AK-47%20%7C%20Leet%20Museo%20%28Field-Tested%29,169.81,11,2026-07-07T14:33:38.571536
StatTrak™ AK-47 | Leet Museo (Minimal Wear),StatTrak™ AK-47 | Leet Museo (Minimal Wear),Minimal Wear,https://steamcommunity.com/market/listings/730/StatTrak%E2%84%A2%20AK-47%20%7C%20Leet%20Museo%20%28Minimal%20Wear%29,264.5,10,2026-07-07T14:33:38.571637
StatTrak™ AK-47 | Leet Museo (Well-Worn),StatTrak™ AK-47 | Leet Museo (Well-Worn),Well-Worn,https://steamcommunity.com/market/listings/730/StatTrak%E2%84%A2%20AK-47%20%7C%20Leet%20Museo%20%28Well-Worn%29,176.24,5,2026-07-07T14:33:38.571730
StatTrak™ AK-47 | Legion of Anubis (Battle-Scarred),StatTrak™ AK-47 | Legion of Anubis (Battle-Scarred),Battle-Scarred,https://steamcommunity.com/market/listings/730/StatTrak%E2%84%A2%20AK-47%20%7C%20Legion%20of%20Anubis%20%28Battle-Scarred%29,51.54,16,2026-07-07T14:33:40.493700
StatTrak™ AK-47 | Legion of Anubis (Factory New),StatTrak™ AK-47 | Legion of Anubis (Factory New),Factory New,https://steamcommunity.com/market/listings/730/StatTrak%E2%84%A2%20AK-47%20%7C%20Legion%20of%20Anubis%20%28Factory%20New%29,105.63,75,2026-07-07T14:33:40.493814
StatTrak™ AK-47 | Legion of Anubis (Field-Tested),StatTrak™ AK-47 | Legion of Anubis (Field-Tested),Field-Tested,https://steamcommunity.com/market/listings/730/StatTrak%E2%84%A2%20AK-47%20%7C%20Legion%20of%20Anubis%20%28Field-Tested%29,51.0,64,2026-07-07T14:33:40.493904
StatTrak™ AK-47 | Legion of Anubis (Minimal Wear),StatTrak™ AK-47 | Legion of Anubis (Minimal Wear),Minimal Wear,https://steamcommunity.com/market/listings/730/StatTrak%E2%84%A2%20AK-47%20%7C%20Legion%20of%20Anubis%20%28Minimal%20Wear%29,67.9,74,2026-07-07T14:33:40.493994
StatTrak™ AK-47 | Legion of Anubis (Well-Worn),StatTrak™ AK-47 | Legion of Anubis (Well-Worn),Well-Worn,https://steamcommunity.com/market/listings/730/StatTrak%E2%84%A2%20AK-47%20%7C%20Legion%20of%20Anubis%20%28Well-Worn%29,50.0,14,2026-07-07T14:33:40.494085
StatTrak™ AK-47 | Neon Revolution (Battle-Scarred),StatTrak™ AK-47 | Neon Revolution (Battle-Scarred),Battle-Scarred,https://steamcommunity.com/market/listings/730/StatTrak%E2%84%A2%20AK-47%20%7C%20Neon%20Revolution%20%28Battle-Scarred%29,127.65,4,2026-07-07T14:33:40.494172
StatTrak™ AK-47 | Neon Revolution (Factory New),StatTrak™ AK-47 | Neon Revolution (Factory New),Factory New,https://steamcommunity.com/market/listings/730/StatTrak%E2%84%A2%20AK-47%20%7C%20Neon%20Revolution%20%28Factory%20New%29,346.05,7,2026-07-07T14:33:40.494258
StatTrak™ AK-47 | Neon Revolution (Field-Tested),StatTrak™ AK-47 | Neon Revolution (Field-Tested),Field-Tested,https://steamcommunity.com/market/listings/730/StatTrak%E2%84%A2%20AK-47%20%7C%20Neon%20Revolution%20%28Field-Tested%29,152.26,14,2026-07-07T14:33:40.494345
StatTrak™ AK-47 | Neon Revolution (Minimal Wear),StatTrak™ AK-47 | Neon Revolution (Minimal Wear),Minimal Wear,https://steamcommunity.com/market/listings/730/StatTrak%E2%84%A2%20AK-47%20%7C%20Neon%20Revolution%20%28Minimal%20Wear%29,184.0,13,2026-07-07T14:33:40.494433
StatTrak™ AK-47 | Neon Revolution (Well-Worn),StatTrak™ AK-47 | Neon Revolution (Well-Worn),Well-Worn,https://steamcommunity.com/market/listings/730/StatTrak%E2%84%A2%20AK-47%20%7C%20Neon%20Revolution%20%28Well-Worn%29,143.94,7,2026-07-07T14:33:40.494519
StatTrak™ AK-47 | Neon Rider (Battle-Scarred),StatTrak™ AK-47 | Neon Rider (Battle-Scarred),Battle-Scarred,https://steamcommunity.com/market/listings/730/StatTrak%E2%84%A2%20AK-47%20%7C%20Neon%20Rider%20%28Battle-Scarred%29,131.3,4,2026-07-07T14:33:42.334158
StatTrak™ AK-47 | Neon Rider (Factory New),StatTrak™ AK-47 | Neon Rider (Factory New),Factory New,https://steamcommunity.com/market/listings/730/StatTrak%E2%84%A2%20AK-47%20%7C%20Neon%20Rider%20%28Factory%20New%29,570.93,8,2026-07-07T14:33:42.334258
StatTrak™ AK-47 | Neon Rider (Field-Tested),StatTrak™ AK-47 | Neon Rider (Field-Tested),Field-Tested,https://steamcommunity.com/market/listings/730/StatTrak%E2%84%A2%20AK-47%20%7C%20Neon%20Rider%20%28Field-Tested%29,125.54,17,2026-07-07T14:33:42.334345
StatTrak™ AK-47 | Neon Rider (Minimal Wear),StatTrak™ AK-47 | Neon Rider (Minimal Wear),Minimal Wear,https://steamcommunity.com/market/listings/730/StatTrak%E2%84%A2%20AK-47%20%7C%20Neon%20Rider%20%28Minimal%20Wear%29,320.87,9,2026-07-07T14:33:42.334432
StatTrak™ AK-47 | Neon Rider (Well-Worn),StatTrak™ AK-47 | Neon Rider (Well-Worn),Well-Worn,https://steamcommunity.com/market/listings/730/StatTrak%E2%84%A2%20AK-47%20%7C%20Neon%20Rider%20%28Well-Worn%29,145.84,2,2026-07-07T14:33:42.334518
StatTrak™ AK-47 | Nightwish (Battle-Scarred),StatTrak™ AK-47 | Nightwish (Battle-Scarred),Battle-Scarred,https://steamcommunity.com/market/listings/730/StatTrak%E2%84%A2%20AK-47%20%7C%20Nightwish%20%28Battle-Scarred%29,80.16,48,2026-07-07T14:33:42.334604
StatTrak™ AK-47 | Nightwish (Factory New),StatTrak™ AK-47 | Nightwish (Factory New),Factory New,https://steamcommunity.com/market/listings/730/StatTrak%E2%84%A2%20AK-47%20%7C%20Nightwish%20%28Factory%20New%29,203.34,25,2026-07-07T14:33:42.334692
StatTrak™ AK-47 | Nightwish (Field-Tested),StatTrak™ AK-47 | Nightwish (Field-Tested),Field-Tested,https://steamcommunity.com/market/listings/730/StatTrak%E2%84%A2%20AK-47%20%7C%20Nightwish%20%28Field-Tested%29,86.67,87,2026-07-07T14:33:42.334777
StatTrak™ AK-47 | Nightwish (Minimal Wear),StatTrak™ AK-47 | Nightwish (Minimal Wear),Minimal Wear,https://steamcommunity.com/market/listings/730/StatTrak%E2%84%A2%20AK-47%20%7C%20Nightwish%20%28Minimal%20Wear%29,106.81,46,2026-07-07T14:33:42.334863
StatTrak™ AK-47 | Nightwish (Well-Worn),StatTrak™ AK-47 | Nightwish (Well-Worn),Well-Worn,https://steamcommunity.com/market/listings/730/StatTrak%E2%84%A2%20AK-47%20%7C%20Nightwish%20%28Well-Worn%29,83.37,57,2026-07-07T14:33:42.334948
StatTrak™ AK-47 | Orbit Mk01 (Battle-Scarred),StatTrak™ AK-47 | Orbit Mk01 (Battle-Scarred),Battle-Scarred,https://steamcommunity.com/market/listings/730/StatTrak%E2%84%A2%20AK-47%20%7C%20Orbit%20Mk01%20%28Battle-Scarred%29,79.0,12,2026-07-07T14:33:44.227019
StatTrak™ AK-47 | Orbit Mk01 (Factory New),StatTrak™ AK-47 | Orbit Mk01 (Factory New),Factory New,https://steamcommunity.com/market/listings/730/StatTrak%E2%84%A2%20AK-47%20%7C%20Orbit%20Mk01%20%28Factory%20New%29,125.62,22,2026-07-07T14:33:44.227151
StatTrak™ AK-47 | Orbit Mk01 (Field-Tested),StatTrak™ AK-47 | Orbit Mk01 (Field-Tested),Field-Tested,https://steamcommunity.com/market/listings/730/StatTrak%E2%84%A2%20AK-47%20%7C%20Orbit%20Mk01%20%28Field-Tested%29,73.65,24,2026-07-07T14:33:44.227261
StatTrak™ AK-47 | Orbit Mk01 (Minimal Wear),StatTrak™ AK-47 | Orbit Mk01 (Minimal Wear),Minimal Wear,https://steamcommunity.com/market/listings/730/StatTrak%E2%84%A2%20AK-47%20%7C%20Orbit%20Mk01%20%28Minimal%20Wear%29,85.64,19,2026-07-07T14:33:44.227365
StatTrak™ AK-47 | Orbit Mk01 (Well-Worn),StatTrak™ AK-47 | Orbit Mk01 (Well-Worn),Well-Worn,https://steamcommunity.com/market/listings/730/StatTrak%E2%84%A2%20AK-47%20%7C%20Orbit%20Mk01%20%28Well-Worn%29,79.93,6,2026-07-07T14:33:44.227468
StatTrak™ AK-47 | Phantom Disruptor (Battle-Scarred),StatTrak™ AK-47 | Phantom Disruptor (Battle-Scarred),Battle-Scarred,https://steamcommunity.com/market/listings/730/StatTrak%E2%84%A2%20AK-47%20%7C%20Phantom%20Disruptor%20%28Battle-Scarred%29,15.44,41,2026-07-07T14:33:44.227572
StatTrak™ AK-47 | Phantom Disruptor (Factory New),StatTrak™ AK-47 | Phantom Disruptor (Factory New),Factory New,https://steamcommunity.com/market/listings/730/StatTrak%E2%84%A2%20AK-47%20%7C%20Phantom%20Disruptor%20%28Factory%20New%29,44.39,56,2026-07-07T14:33:44.227673
StatTrak™ AK-47 | Phantom Disruptor (Field-Tested),StatTrak™ AK-47 | Phantom Disruptor (Field-Tested),Field-Tested,https://steamcommunity.com/market/listings/730/StatTrak%E2%84%A2%20AK-47%20%7C%20Phantom%20Disruptor%20%28Field-Tested%29,15.75,173,2026-07-07T14:33:44.227776
StatTrak™ AK-47 | Phantom Disruptor (Minimal Wear),StatTrak™ AK-47 | Phantom Disruptor (Minimal Wear),Minimal Wear,https://steamcommunity.com/market/listings/730/StatTrak%E2%84%A2%20AK-47%20%7C%20Phantom%20Disruptor%20%28Minimal%20Wear%29,26.23,87,2026-07-07T14:33:44.227877
StatTrak™ AK-47 | Phantom Disruptor (Well-Worn),StatTrak™ AK-47 | Phantom Disruptor (Well-Worn),Well-Worn,https://steamcommunity.com/market/listings/730/StatTrak%E2%84%A2%20AK-47%20%7C%20Phantom%20Disruptor%20%28Well-Worn%29,18.13,40,2026-07-07T14:33:44.227977
StatTrak™ AK-47 | Point Disarray (Battle-Scarred),StatTrak™ AK-47 | Point Disarray (Battle-Scarred),Battle-Scarred,https://steamcommunity.com/market/listings/730/StatTrak%E2%84%A2%20AK-47%20%7C%20Point%20Disarray%20%28Battle-Scarred%29,43.99,14,2026-07-07T14:33:46.119482
StatTrak™ AK-47 | Point Disarray (Factory New),StatTrak™ AK-47 | Point Disarray (Factory New),Factory New,https://steamcommunity.com/market/listings/730/StatTrak%E2%84%A2%20AK-47%20%7C%20Point%20Disarray%20%28Factory%20New%29,143.89,20,2026-07-07T14:33:46.119589
StatTrak™ AK-47 | Point Disarray (Field-Tested),StatTrak™ AK-47 | Point Disarray (Field-Tested),Field-Tested,https://steamcommunity.com/market/listings/730/StatTrak%E2%84%A2%20AK-47%20%7C%20Point%20Disarray%20%28Field-Tested%29,43.58,37,2026-07-07T14:33:46.119677
StatTrak™ AK-47 | Point Disarray (Minimal Wear),StatTrak™ AK-47 | Point Disarray (Minimal Wear),Minimal Wear,https://steamcommunity.com/market/listings/730/StatTrak%E2%84%A2%20AK-47%20%7C%20Point%20Disarray%20%28Minimal%20Wear%29,77.43,21,2026-07-07T14:33:46.119763
StatTrak™ AK-47 | Point Disarray (Well-Worn),StatTrak™ AK-47 | Point Disarray (Well-Worn),Well-Worn,https://steamcommunity.com/market/listings/730/StatTrak%E2%84%A2%20AK-47%20%7C%20Point%20Disarray%20%28Well-Worn%29,44.39,8,2026-07-07T14:33:46.119849
StatTrak™ AK-47 | Rat Rod (Battle-Scarred),StatTrak™ AK-47 | Rat Rod (Battle-Scarred),Battle-Scarred,https://steamcommunity.com/market/listings/730/StatTrak%E2%84%A2%20AK-47%20%7C%20Rat%20Rod%20%28Battle-Scarred%29,17.62,18,2026-07-07T14:33:46.119936
StatTrak™ AK-47 | Rat Rod (Factory New),StatTrak™ AK-47 | Rat Rod (Factory New),Factory New,https://steamcommunity.com/market/listings/730/StatTrak%E2%84%A2%20AK-47%20%7C%20Rat%20Rod%20%28Factory%20New%29,67.96,17,2026-07-07T14:33:46.120021
StatTrak™ AK-47 | Rat Rod (Field-Tested),StatTrak™ AK-47 | Rat Rod (Field-Tested),Field-Tested,https://steamcommunity.com/market/listings/730/StatTrak%E2%84%A2%20AK-47%20%7C%20Rat%20Rod%20%28Field-Tested%29,17.02,51,2026-07-07T14:33:46.120109
StatTrak™ AK-47 | Rat Rod (Minimal Wear),StatTrak™ AK-47 | Rat Rod (Minimal Wear),Minimal Wear,https://steamcommunity.com/market/listings/730/StatTrak%E2%84%A2%20AK-47%20%7C%20Rat%20Rod%20%28Minimal%20Wear%29,26.19,36,2026-07-07T14:33:46.120195
StatTrak™ AK-47 | Rat Rod (Well-Worn),StatTrak™ AK-47 | Rat Rod (Well-Worn),Well-Worn,https://steamcommunity.com/market/listings/730/StatTrak%E2%84%A2%20AK-47%20%7C%20Rat%20Rod%20%28Well-Worn%29,18.01,28,2026-07-07T14:33:46.120280
StatTrak™ AK-47 | Red Laminate (Battle-Scarred),StatTrak™ AK-47 | Red Laminate (Battle-Scarred),Battle-Scarred,https://steamcommunity.com/market/listings/730/StatTrak%E2%84%A2%20AK-47%20%7C%20Red%20Laminate%20%28Battle-Scarred%29,194.39,8,2026-07-07T14:33:47.990552
StatTrak™ AK-47 | Red Laminate (Field-Tested),StatTrak™ AK-47 | Red Laminate (Field-Tested),Field-Tested,https://steamcommunity.com/market/listings/730/StatTrak%E2%84%A2%20AK-47%20%7C%20Red%20Laminate%20%28Field-Tested%29,221.0,6,2026-07-07T14:33:47.990686
StatTrak™ AK-47 | Red Laminate (Minimal Wear),StatTrak™ AK-47 | Red Laminate (Minimal Wear),Minimal Wear,https://steamcommunity.com/market/listings/730/StatTrak%E2%84%A2%20AK-47%20%7C%20Red%20Laminate%20%28Minimal%20Wear%29,398.77,5,2026-07-07T14:33:47.990792
StatTrak™ AK-47 | Red Laminate (Well-Worn),StatTrak™ AK-47 | Red Laminate (Well-Worn),Well-Worn,https://steamcommunity.com/market/listings/730/StatTrak%E2%84%A2%20AK-47%20%7C%20Red%20Laminate%20%28Well-Worn%29,296.88,3,2026-07-07T14:33:47.990895
StatTrak™ AK-47 | Redline (Battle-Scarred),StatTrak™ AK-47 | Redline (Battle-Scarred),Battle-Scarred,https://steamcommunity.com/market/listings/730/StatTrak%E2%84%A2%20AK-47%20%7C%20Redline%20%28Battle-Scarred%29,54.93,33,2026-07-07T14:33:47.990990
StatTrak™ AK-47 | Redline (Field-Tested),StatTrak™ AK-47 | Redline (Field-Tested),Field-Tested,https://steamcommunity.com/market/listings/730/StatTrak%E2%84%A2%20AK-47%20%7C%20Redline%20%28Field-Tested%29,92.13,141,2026-07-07T14:33:47.991081
StatTrak™ AK-47 | Redline (Minimal Wear),StatTrak™ AK-47 | Redline (Minimal Wear),Minimal Wear,https://steamcommunity.com/market/listings/730/StatTrak%E2%84%A2%20AK-47%20%7C%20Redline%20%28Minimal%20Wear%29,510.0,12,2026-07-07T14:33:47.991178
StatTrak™ AK-47 | Redline (Well-Worn),StatTrak™ AK-47 | Redline (Well-Worn),Well-Worn,https://steamcommunity.com/market/listings/730/StatTrak%E2%84%A2%20AK-47%20%7C%20Redline%20%28Well-Worn%29,71.94,15,2026-07-07T14:33:47.991263
StatTrak™ AK-47 | Searing Rage (Battle-Scarred),StatTrak™ AK-47 | Searing Rage (Battle-Scarred),Battle-Scarred,https://steamcommunity.com/market/listings/730/StatTrak%E2%84%A2%20AK-47%20%7C%20Searing%20Rage%20%28Battle-Scarred%29,8.13,147,2026-07-07T14:33:47.991349
StatTrak™ AK-47 | Searing Rage (Factory New),StatTrak™ AK-47 | Searing Rage (Factory New),Factory New,https://steamcommunity.com/market/listings/730/StatTrak%E2%84%A2%20AK-47%20%7C%20Searing%20Rage%20%28Factory%20New%29,55.84,53,2026-07-07T14:33:47.991434
StatTrak™ AK-47 | Searing Rage (Field-Tested),StatTrak™ AK-47 | Searing Rage (Field-Tested),Field-Tested,https://steamcommunity.com/market/listings/730/StatTrak%E2%84%A2%20AK-47%20%7C%20Searing%20Rage%20%28Field-Tested%29,10.38,220,2026-07-07T14:33:49.960104
StatTrak™ AK-47 | Searing Rage (Minimal Wear),StatTrak™ AK-47 | Searing Rage (Minimal Wear),Minimal Wear,https://steamcommunity.com/market/listings/730/StatTrak%E2%84%A2%20AK-47%20%7C%20Searing%20Rage%20%28Minimal%20Wear%29,21.0,125,2026-07-07T14:33:49.960211
StatTrak™ AK-47 | Searing Rage (Well-Worn),StatTrak™ AK-47 | Searing Rage (Well-Worn),Well-Worn,https://steamcommunity.com/market/listings/730/StatTrak%E2%84%A2%20AK-47%20%7C%20Searing%20Rage%20%28Well-Worn%29,8.47,149,2026-07-07T14:33:49.960292
StatTrak™ AK-47 | Slate (Battle-Scarred),StatTrak™ AK-47 | Slate (Battle-Scarred),Battle-Scarred,https://steamcommunity.com/market/listings/730/StatTrak%E2%84%A2%20AK-47%20%7C%20Slate%20%28Battle-Scarred%29,14.79,162,2026-07-07T14:33:49.960367
StatTrak™ AK-47 | Slate (Factory New),StatTrak™ AK-47 | Slate (Factory New),Factory New,https://steamcommunity.com/market/listings/730/StatTrak%E2%84%A2%20AK-47%20%7C%20Slate%20%28Factory%20New%29,71.68,77,2026-07-07T14:33:49.960453
StatTrak™ AK-47 | Slate (Field-Tested),StatTrak™ AK-47 | Slate (Field-Tested),Field-Tested,https://steamcommunity.com/market/listings/730/StatTrak%E2%84%A2%20AK-47%20%7C%20Slate%20%28Field-Tested%29,18.95,422,2026-07-07T14:33:49.960528
StatTrak™ AK-47 | Slate (Minimal Wear),StatTrak™ AK-47 | Slate (Minimal Wear),Minimal Wear,https://steamcommunity.com/market/listings/730/StatTrak%E2%84%A2%20AK-47%20%7C%20Slate%20%28Minimal%20Wear%29,30.85,143,2026-07-07T14:33:49.960601
StatTrak™ AK-47 | Slate (Well-Worn),StatTrak™ AK-47 | Slate (Well-Worn),Well-Worn,https://steamcommunity.com/market/listings/730/StatTrak%E2%84%A2%20AK-47%20%7C%20Slate%20%28Well-Worn%29,15.8,197,2026-07-07T14:33:49.960675
StatTrak™ AK-47 | The Empress (Battle-Scarred),StatTrak™ AK-47 | The Empress (Battle-Scarred),Battle-Scarred,https://steamcommunity.com/market/listings/730/StatTrak%E2%84%A2%20AK-47%20%7C%20The%20Empress%20%28Battle-Scarred%29,131.3,11,2026-07-07T14:33:49.960749
StatTrak™ AK-47 | The Empress (Factory New),StatTrak™ AK-47 | The Empress (Factory New),Factory New,https://steamcommunity.com/market/listings/730/StatTrak%E2%84%A2%20AK-47%20%7C%20The%20Empress%20%28Factory%20New%29,697.91,3,2026-07-07T14:33:49.960823
StatTrak™ AK-47 | The Empress (Field-Tested),StatTrak™ AK-47 | The Empress (Field-Tested),Field-Tested,https://steamcommunity.com/market/listings/730/StatTrak%E2%84%A2%20AK-47%20%7C%20The%20Empress%20%28Field-Tested%29,156.94,28,2026-07-07T14:33:51.909255
StatTrak™ AK-47 | The Empress (Minimal Wear),StatTrak™ AK-47 | The Empress (Minimal Wear),Minimal Wear,https://steamcommunity.com/market/listings/730/StatTrak%E2%84%A2%20AK-47%20%7C%20The%20Empress%20%28Minimal%20Wear%29,267.67,16,2026-07-07T14:33:51.909388
StatTrak™ AK-47 | The Empress (Well-Worn),StatTrak™ AK-47 | The Empress (Well-Worn),Well-Worn,https://steamcommunity.com/market/listings/730/StatTrak%E2%84%A2%20AK-47%20%7C%20The%20Empress%20%28Well-Worn%29,134.73,16,2026-07-07T14:33:51.909495
StatTrak™ AK-47 | The Oligarch (Battle-Scarred),StatTrak™ AK-47 | The Oligarch (Battle-Scarred),Battle-Scarred,https://steamcommunity.com/market/listings/730/StatTrak%E2%84%A2%20AK-47%20%7C%20The%20Oligarch%20%28Battle-Scarred%29,73.0,27,2026-07-07T14:33:51.909602
StatTrak™ AK-47 | The Oligarch (Factory New),StatTrak™ AK-47 | The Oligarch (Factory New),Factory New,https://steamcommunity.com/market/listings/730/StatTrak%E2%84%A2%20AK-47%20%7C%20The%20Oligarch%20%28Factory%20New%29,798.99,3,2026-07-07T14:33:51.909719
StatTrak™ AK-47 | The Oligarch (Field-Tested),StatTrak™ AK-47 | The Oligarch (Field-Tested),Field-Tested,https://steamcommunity.com/market/listings/730/StatTrak%E2%84%A2%20AK-47%20%7C%20The%20Oligarch%20%28Field-Tested%29,166.75,31,2026-07-07T14:33:51.909824
StatTrak™ AK-47 | The Oligarch (Minimal Wear),StatTrak™ AK-47 | The Oligarch (Minimal Wear),Minimal Wear,https://steamcommunity.com/market/listings/730/StatTrak%E2%84%A2%20AK-47%20%7C%20The%20Oligarch%20%28Minimal%20Wear%29,326.98,30,2026-07-07T14:33:51.909926
StatTrak™ AK-47 | The Oligarch (Well-Worn),StatTrak™ AK-47 | The Oligarch (Well-Worn),Well-Worn,https://steamcommunity.com/market/listings/730/StatTrak%E2%84%A2%20AK-47%20%7C%20The%20Oligarch%20%28Well-Worn%29,109.36,24,2026-07-07T14:33:51.910028
StatTrak™ AK-47 | The Outsiders (Battle-Scarred),StatTrak™ AK-47 | The Outsiders (Battle-Scarred),Battle-Scarred,https://steamcommunity.com/market/listings/730/StatTrak%E2%84%A2%20AK-47%20%7C%20The%20Outsiders%20%28Battle-Scarred%29,19.86,43,2026-07-07T14:33:51.910129
StatTrak™ AK-47 | The Outsiders (Factory New),StatTrak™ AK-47 | The Outsiders (Factory New),Factory New,https://steamcommunity.com/market/listings/730/StatTrak%E2%84%A2%20AK-47%20%7C%20The%20Outsiders%20%28Factory%20New%29,141.51,11,2026-07-07T14:33:51.910247
StatTrak™ AK-47 | The Outsiders (Field-Tested),StatTrak™ AK-47 | The Outsiders (Field-Tested),Field-Tested,https://steamcommunity.com/market/listings/730/StatTrak%E2%84%A2%20AK-47%20%7C%20The%20Outsiders%20%28Field-Tested%29,24.84,63,2026-07-07T14:33:53.775073
StatTrak™ AK-47 | The Outsiders (Minimal Wear),StatTrak™ AK-47 | The Outsiders (Minimal Wear),Minimal Wear,https://steamcommunity.com/market/listings/730/StatTrak%E2%84%A2%20AK-47%20%7C%20The%20Outsiders%20%28Minimal%20Wear%29,47.0,39,2026-07-07T14:33:53.775182
StatTrak™ AK-47 | The Outsiders (Well-Worn),StatTrak™ AK-47 | The Outsiders (Well-Worn),Well-Worn,https://steamcommunity.com/market/listings/730/StatTrak%E2%84%A2%20AK-47%20%7C%20The%20Outsiders%20%28Well-Worn%29,20.78,30,2026-07-07T14:33:53.775272
StatTrak™ AK-47 | Uncharted (Battle-Scarred),StatTrak™ AK-47 | Uncharted (Battle-Scarred),Battle-Scarred,https://steamcommunity.com/market/listings/730/StatTrak%E2%84%A2%20AK-47%20%7C%20Uncharted%20%28Battle-Scarred%29,2.89,269,2026-07-07T14:33:53.775362
StatTrak™ AK-47 | Uncharted (Factory New),StatTrak™ AK-47 | Uncharted (Factory New),Factory New,https://steamcommunity.com/market/listings/730/StatTrak%E2%84%A2%20AK-47%20%7C%20Uncharted%20%28Factory%20New%29,7.47,191,2026-07-07T14:33:53.775451
StatTrak™ AK-47 | Uncharted (Field-Tested),StatTrak™ AK-47 | Uncharted (Field-Tested),Field-Tested,https://steamcommunity.com/market/listings/730/StatTrak%E2%84%A2%20AK-47%20%7C%20Uncharted%20%28Field-Tested%29,2.77,877,2026-07-07T14:33:53.775537
StatTrak™ AK-47 | Uncharted (Minimal Wear),StatTrak™ AK-47 | Uncharted (Minimal Wear),Minimal Wear,https://steamcommunity.com/market/listings/730/StatTrak%E2%84%A2%20AK-47%20%7C%20Uncharted%20%28Minimal%20Wear%29,3.79,410,2026-07-07T14:33:53.775623
StatTrak™ AK-47 | Uncharted (Well-Worn),StatTrak™ AK-47 | Uncharted (Well-Worn),Well-Worn,https://steamcommunity.com/market/listings/730/StatTrak%E2%84%A2%20AK-47%20%7C%20Uncharted%20%28Well-Worn%29,3.19,86,2026-07-07T14:33:53.775709
StatTrak™ AK-47 | Vulcan (Battle-Scarred),StatTrak™ AK-47 | Vulcan (Battle-Scarred),Battle-Scarred,https://steamcommunity.com/market/listings/730/StatTrak%E2%84%A2%20AK-47%20%7C%20Vulcan%20%28Battle-Scarred%29,272.97,4,2026-07-07T14:33:53.775797
StatTrak™ AK-47 | Vulcan (Field-Tested),StatTrak™ AK-47 | Vulcan (Field-Tested),Field-Tested,https://steamcommunity.com/market/listings/730/StatTrak%E2%84%A2%20AK-47%20%7C%20Vulcan%20%28Field-Tested%29,468.17,13,2026-07-07T14:33:53.775882
StatTrak™ AK-47 | Vulcan (Minimal Wear),StatTrak™ AK-47 | Vulcan (Minimal Wear),Minimal Wear,https://steamcommunity.com/market/listings/730/StatTrak%E2%84%A2%20AK-47%20%7C%20Vulcan%20%28Minimal%20Wear%29,1399.98,6,2026-07-07T14:33:55.696698
StatTrak™ AK-47 | Vulcan (Well-Worn),StatTrak™ AK-47 | Vulcan (Well-Worn),Well-Worn,https://steamcommunity.com/market/listings/730/StatTrak%E2%84%A2%20AK-47%20%7C%20Vulcan%20%28Well-Worn%29,379.51,7,2026-07-07T14:33:55.696854
StatTrak™ AK-47 | Wasteland Rebel (Battle-Scarred),StatTrak™ AK-47 | Wasteland Rebel (Battle-Scarred),Battle-Scarred,https://steamcommunity.com/market/listings/730/StatTrak%E2%84%A2%20AK-47%20%7C%20Wasteland%20Rebel%20%28Battle-Scarred%29,142.68,7,2026-07-07T14:33:55.696967
StatTrak™ AK-47 | Wasteland Rebel (Field-Tested),StatTrak™ AK-47 | Wasteland Rebel (Field-Tested),Field-Tested,https://steamcommunity.com/market/listings/730/StatTrak%E2%84%A2%20AK-47%20%7C%20Wasteland%20Rebel%20%28Field-Tested%29,141.98,12,2026-07-07T14:33:55.697073
StatTrak™ AK-47 | Wasteland Rebel (Minimal Wear),StatTrak™ AK-47 | Wasteland Rebel (Minimal Wear),Minimal Wear,https://steamcommunity.com/market/listings/730/StatTrak%E2%84%A2%20AK-47%20%7C%20Wasteland%20Rebel%20%28Minimal%20Wear%29,289.22,9,2026-07-07T14:33:55.697180
StatTrak™ AK-47 | Wasteland Rebel (Well-Worn),StatTrak™ AK-47 | Wasteland Rebel (Well-Worn),Well-Worn,https://steamcommunity.com/market/listings/730/StatTrak%E2%84%A2%20AK-47%20%7C%20Wasteland%20Rebel%20%28Well-Worn%29,190.5,5,2026-07-07T14:33:55.697285
